Age,Ethnicity,Waiting Time,All States,Alabama,Arizona,Arkansas,California,Colorado,Connecticut,Delaware,District of Columbia,Florida,Georgia,Hawaii,Illinois,Indiana,Iowa,Kansas,Kentucky,Louisiana,Maine,Maryland,Massachusetts,Michigan,Minnesota,Mississippi,Missouri,Nebraska,Nevada,New Hampshire,New Jersey,New Mexico,New York,North Carolina,North Dakota,Ohio,Oklahoma,Oregon,Pennsylvania,Puerto Rico,Rhode Island,South Carolina,South Dakota,Tennessee,Texas,Utah,Vermont,Virginia,Washington,West Virginia,Wisconsin
All Ages,All Ethnicities,All Time,"114,059","1,315","1,463",216,"21,303","1,305","1,166",152,"1,584","5,429","3,107",328,"4,001","1,262",676,444,"1,044","1,992",260,"2,376","4,739","2,475","2,492",523,"1,888",392,280,136,"2,603",458,"8,334","3,791",116,"2,795",746,889,"7,005",344,277,"1,823",372,"3,154","11,698",892,74,"2,981","1,636",157,"1,566"
All Ages,All Ethnicities,< 30 Days,"5,234",64,97,12,676,80,40,8,67,379,118,13,218,73,32,29,59,83,12,83,127,143,109,26,123,45,19,11,121,11,391,191,5,188,47,52,261,18,10,98,16,164,533,63,3,163,80,7,66
All Ages,All Ethnicities,30 to < 90 Days,"9,368",143,155,30,"1,187",139,91,12,151,635,240,22,408,160,84,58,90,180,15,129,244,211,185,19,184,62,45,8,198,27,626,319,18,288,78,71,542,33,14,162,28,291,"1,079",115,8,284,130,18,152
All Ages,All Ethnicities,90 Days to < 6 Months,"10,151",126,202,33,"1,305",112,111,14,174,679,248,14,385,138,93,45,99,182,24,174,345,268,196,14,225,64,41,17,239,38,712,358,10,276,91,88,597,37,13,230,38,301,"1,036",97,12,315,155,31,149
All Ages,All Ethnicities,6 Months to < 1 Year,"17,886",240,268,44,"2,529",236,180,29,232,993,469,34,636,228,121,98,209,347,40,311,573,430,401,27,329,83,76,17,432,55,"1,298",656,20,474,142,174,"1,048",66,21,366,52,619,"1,965",186,14,535,265,44,274
All Ages,All Ethnicities,1 Year to < 2 Years,"24,856",311,291,48,"3,818",319,272,17,339,"1,117",765,58,948,332,154,128,262,428,62,491,"1,107",600,533,133,450,85,55,41,574,81,"1,768",866,20,629,177,214,"1,607",67,57,416,98,693,"2,777",214,15,682,343,33,361
All Ages,All Ethnicities,2 Years to < 3 Years,"15,243",137,172,12,"2,965",158,162,28,187,614,378,68,509,120,81,51,148,284,64,313,832,306,317,129,250,22,23,23,396,63,991,521,15,370,102,136,876,37,55,261,47,473,"1,526",105,11,429,238,18,220
All Ages,All Ethnicities,3 Years to < 5 Years,"18,277",184,151,23,"4,424",174,189,30,261,703,516,62,530,161,75,31,139,304,34,419,890,296,375,129,190,17,11,9,432,111,"1,443",566,14,343,74,107,"1,247",61,67,191,50,425,"1,841",84,9,397,280,2,206
All Ages,All Ethnicities,5 or More Years,"13,044",110,127,14,"4,399",87,121,14,173,309,373,57,367,50,36,4,38,184,9,456,621,221,376,46,137,14,10,10,211,72,"1,105",314,14,227,35,47,827,25,40,99,43,188,941,28,2,176,145,4,138
All Ages,"White, Non-Hispanic",All Time,"45,303",574,594,81,"4,541",744,511,53,445,"2,200",819,26,"1,422",786,471,318,742,638,228,"1,019","3,029","1,494","1,651",107,"1,180",270,58,123,843,104,"2,830","1,372",74,"1,813",417,542,"3,558",1,153,587,211,"1,492","3,251",607,58,"1,168",938,132,"1,028"
All Ages,"White, Non-Hispanic",< 30 Days,"2,483",41,42,8,182,54,21,3,12,173,41,0,109,58,17,21,45,35,11,36,101,85,77,7,87,29,7,10,55,2,164,75,1,135,25,36,156,0,5,35,8,87,174,40,1,72,41,7,52
All Ages,"White, Non-Hispanic",30 to < 90 Days,"4,229",67,63,15,281,91,48,5,38,287,84,2,148,103,57,43,70,78,12,60,158,132,126,3,117,43,18,7,70,5,237,126,13,205,46,45,313,1,9,54,22,149,394,85,7,98,76,14,104
All Ages,"White, Non-Hispanic",90 Days to < 6 Months,"4,491",60,89,9,293,66,43,8,60,284,79,1,128,90,64,35,77,64,22,77,239,185,131,8,149,38,8,16,84,16,283,136,7,190,51,60,334,0,8,83,24,144,311,69,11,125,101,28,103
All Ages,"White, Non-Hispanic",6 Months to < 1 Year,"7,520",112,108,19,576,134,89,4,60,410,131,3,233,137,91,67,150,112,34,114,361,271,253,7,201,64,10,17,135,17,433,253,13,323,79,103,603,0,12,129,24,303,591,123,9,225,160,38,179
All Ages,"White, Non-Hispanic",1 Year to < 2 Years,"10,032",131,109,14,877,168,117,6,93,470,192,7,328,193,114,88,173,131,56,204,689,342,361,30,297,63,9,37,184,23,574,299,12,407,101,135,802,0,33,130,59,316,782,137,12,258,203,27,239
All Ages,"White, Non-Hispanic",2 Years to < 3 Years,"5,883",68,86,2,629,93,67,9,46,248,102,6,178,78,53,37,99,82,58,132,529,175,221,20,132,17,3,19,124,10,348,177,9,221,55,80,450,0,30,81,19,214,370,64,9,155,129,15,134
All Ages,"White, Non-Hispanic",3 Years to < 5 Years,"6,369",67,61,9,834,90,82,12,70,228,122,3,178,101,51,23,94,90,28,180,548,181,241,27,127,9,2,9,133,19,457,193,10,208,42,57,576,0,34,51,26,195,392,66,7,156,146,0,134
All Ages,"White, Non-Hispanic",5 or More Years,"4,296",28,36,5,869,48,44,6,66,100,68,4,120,26,24,4,34,46,7,216,404,123,241,5,70,7,1,8,58,12,334,113,9,124,18,26,324,0,22,24,29,84,237,23,2,79,82,3,83
All Ages,"Black, Non-Hispanic",All Time,"32,537",707,164,97,"2,114",121,356,80,850,"1,914","2,005",2,"1,443",347,104,51,258,"1,261",20,"1,088",728,738,363,401,541,46,64,5,943,13,"2,726","1,961",9,840,120,101,"2,521",0,47,"1,132",15,"1,430","2,930",24,8,"1,419",133,23,274
All Ages,"Black, Non-Hispanic",< 30 Days,"1,299",23,8,3,56,1,10,4,39,102,66,0,47,11,7,3,14,46,1,37,8,48,16,19,28,10,4,1,34,1,92,94,2,44,10,2,79,0,2,57,3,67,119,4,1,62,7,0,7
All Ages,"Black, Non-Hispanic",30 to < 90 Days,"2,477",71,16,10,103,6,21,5,84,173,135,1,137,45,12,6,17,95,3,58,35,62,30,16,44,5,8,0,63,1,186,156,0,73,7,9,159,0,1,95,0,125,222,2,1,144,8,4,23
All Ages,"Black, Non-Hispanic",90 Days to < 6 Months,"2,772",61,28,16,128,7,32,5,90,242,142,1,120,33,12,7,21,110,1,71,47,61,35,6,55,8,4,0,77,1,222,169,0,75,12,5,185,0,3,131,1,132,231,1,0,145,11,3,25
All Ages,"Black, Non-Hispanic",6 Months to < 1 Year,"5,021",121,32,17,233,15,52,23,122,334,293,0,218,64,16,10,50,216,5,163,81,113,45,20,103,6,23,0,142,2,427,332,2,126,21,20,307,0,3,216,4,269,441,7,4,245,17,6,55
All Ages,"Black, Non-Hispanic",1 Year to < 2 Years,"7,260",170,38,26,362,35,84,8,167,384,502,0,325,102,27,15,73,278,3,226,180,195,84,96,120,7,13,2,204,1,583,462,3,185,26,22,586,0,9,270,2,315,658,4,2,323,21,5,57
All Ages,"Black, Non-Hispanic",2 Years to < 3 Years,"4,460",65,16,8,295,25,46,14,113,237,244,0,200,34,11,6,44,191,1,143,124,87,39,105,84,1,9,2,151,1,318,287,0,127,21,18,297,0,8,169,4,221,395,4,0,228,24,2,41
All Ages,"Black, Non-Hispanic",3 Years to < 5 Years,"5,351",115,15,10,423,24,62,13,143,295,349,0,220,39,13,4,36,199,5,191,155,86,60,98,51,5,1,0,181,4,499,303,0,115,16,12,496,0,14,127,0,205,512,2,0,188,30,2,33
All Ages,"Black, Non-Hispanic",5 or More Years,"3,897",81,11,7,514,8,49,8,92,147,274,0,176,19,6,0,3,126,1,199,98,86,54,41,56,4,2,0,91,2,399,158,2,95,7,13,412,0,7,67,1,96,352,0,0,84,15,1,33
All Ages,Hispanic/Latino,All Time,"24,088",19,459,16,"9,778",341,207,14,146,983,145,10,874,77,59,35,20,48,2,126,629,113,161,4,76,42,86,4,491,228,"1,725",212,4,73,72,142,542,343,59,58,31,113,"4,872",164,2,189,185,0,109
All Ages,Hispanic/Latino,< 30 Days,"1,016",0,35,1,318,20,7,1,12,80,5,1,51,3,3,5,0,2,0,6,9,5,9,0,2,3,4,0,24,8,84,10,0,5,3,9,14,18,2,3,1,6,209,11,0,12,12,0,3
All Ages,Hispanic/Latino,30 to < 90 Days,"1,841",3,50,2,572,35,14,2,14,142,7,1,101,8,7,5,1,4,0,7,37,8,9,0,16,3,12,0,41,17,123,20,0,5,5,9,41,32,3,7,0,6,411,14,0,18,17,0,12
All Ages,Hispanic/Latino,90 Days to < 6 Months,"2,004",2,61,7,619,32,24,1,8,111,13,0,108,8,11,0,0,5,0,12,41,10,6,0,11,12,13,1,48,15,145,29,0,5,13,10,44,37,2,12,7,12,443,16,1,23,17,0,9
All Ages,Hispanic/Latino,6 Months to < 1 Year,"3,574",5,79,2,"1,172",72,27,2,22,185,27,0,132,14,8,9,5,7,0,15,86,25,32,0,11,8,24,0,85,25,264,29,0,16,14,32,96,66,4,15,3,21,819,38,0,34,33,0,11
All Ages,Hispanic/Latino,1 Year to < 2 Years,"5,010",5,98,2,"1,704",86,51,1,38,193,33,2,238,20,10,14,8,9,1,30,147,23,29,2,14,9,18,1,119,37,355,49,1,15,18,30,119,67,12,10,8,29,"1,188",42,0,55,38,0,32
All Ages,Hispanic/Latino,2 Years to < 3 Years,"3,212",2,39,1,"1,340",28,34,3,20,94,15,1,103,6,9,1,2,8,1,16,115,22,21,1,14,2,6,2,69,31,209,28,1,11,11,22,88,37,13,4,6,19,669,31,0,18,17,0,22
All Ages,Hispanic/Latino,3 Years to < 5 Years,"4,272",1,45,1,"2,060",43,32,4,21,130,30,1,95,15,5,1,3,8,0,15,125,14,30,1,6,2,5,0,66,59,290,26,1,11,4,26,93,61,15,3,5,17,821,10,1,23,36,0,11
All Ages,Hispanic/Latino,5 or More Years,"3,159",1,52,0,"1,993",25,18,0,11,48,15,4,46,3,6,0,1,5,0,25,69,6,25,0,2,3,4,0,39,36,255,21,1,5,4,4,47,25,8,4,1,3,312,2,0,6,15,0,9
All Ages,"Asian, Non-Hispanic",All Time,"9,650",12,105,5,"4,202",54,65,4,130,268,130,208,225,45,28,20,21,34,9,133,319,80,250,6,60,23,58,2,316,5,988,114,1,58,22,58,330,0,13,31,6,66,549,26,4,174,263,2,128
All Ages,"Asian, Non-Hispanic",< 30 Days,328,0,9,0,99,1,1,0,4,18,6,9,11,1,4,0,0,0,0,4,6,2,6,0,4,3,4,0,8,0,43,5,0,4,1,2,12,0,1,1,0,1,24,3,1,14,13,0,3
All Ages,"Asian, Non-Hispanic",30 to < 90 Days,626,2,15,0,206,5,6,0,14,25,14,13,21,4,4,3,2,1,0,3,14,7,12,0,4,7,4,1,23,1,70,6,0,3,2,4,23,0,1,5,0,6,42,5,0,18,20,0,10
All Ages,"Asian, Non-Hispanic",90 Days to < 6 Months,686,3,10,0,248,2,9,0,14,34,13,8,24,6,4,0,1,2,1,13,16,7,17,0,7,3,13,0,29,0,60,11,0,5,3,7,30,0,0,2,1,9,39,1,0,16,10,0,8
All Ages,"Asian, Non-Hispanic",6 Months to < 1 Year,"1,399",1,23,5,468,9,9,0,25,54,16,21,45,12,4,6,4,8,1,18,40,15,53,0,8,5,15,0,64,1,166,22,0,9,5,13,35,0,1,3,1,14,101,4,1,27,41,0,26
All Ages,"Asian, Non-Hispanic",1 Year to < 2 Years,"2,066",4,17,0,752,14,16,1,37,59,36,33,50,14,3,7,7,8,2,30,82,29,49,2,13,4,13,0,66,1,247,36,0,17,6,14,90,0,3,5,0,20,141,9,1,43,55,1,29
All Ages,"Asian, Non-Hispanic",2 Years to < 3 Years,"1,330",1,15,0,595,10,8,2,8,26,17,46,24,2,5,3,3,1,4,20,61,10,31,1,14,1,4,0,51,0,109,12,1,10,2,10,33,0,2,4,2,10,71,2,0,26,55,1,17
All Ages,"Asian, Non-Hispanic",3 Years to < 5 Years,"1,843",1,12,0,966,9,8,1,24,41,14,38,30,4,4,1,4,7,0,30,56,6,39,3,4,0,2,0,52,1,183,14,0,7,2,5,72,0,2,7,1,5,96,0,1,23,45,0,23
All Ages,"Asian, Non-Hispanic",5 or More Years,"1,372",0,4,0,868,4,8,0,4,11,14,40,20,2,0,0,0,7,1,15,44,4,43,0,6,0,3,1,23,1,110,8,0,3,1,3,35,0,3,4,1,1,35,2,0,7,24,0,12
All Ages,"American Indian/Alaska Native, Non-Hispanic",All Time,941,2,118,0,100,33,3,0,4,16,2,0,8,3,9,2,0,7,1,6,6,20,40,5,10,7,1,1,0,107,16,42,25,2,95,10,12,0,2,9,89,3,37,29,2,3,37,0,17
All Ages,"American Indian/Alaska Native, Non-Hispanic",< 30 Days,44,0,2,0,2,4,0,0,0,2,0,0,0,0,0,0,0,0,0,0,0,2,1,0,1,0,0,0,0,0,3,4,2,0,7,1,0,0,0,1,3,0,1,5,0,0,3,0,0
All Ages,"American Indian/Alaska Native, Non-Hispanic",30 to < 90 Days,76,0,8,0,5,2,0,0,0,2,0,0,1,0,3,0,0,1,0,1,0,1,3,0,1,1,1,0,0,3,2,1,5,0,14,1,0,0,0,1,6,0,3,3,0,1,4,0,2
All Ages,"American Indian/Alaska Native, Non-Hispanic",90 Days to < 6 Months,87,0,12,0,2,3,1,0,0,3,1,0,3,1,1,0,0,1,0,0,0,2,5,0,0,2,0,0,0,6,1,8,3,0,11,1,1,0,0,2,2,0,4,3,0,0,7,0,1
All Ages,"American Indian/Alaska Native, Non-Hispanic",6 Months to < 1 Year,157,1,18,0,15,3,0,0,1,3,0,0,2,1,1,1,0,3,0,1,1,4,12,0,2,0,0,0,0,10,2,5,4,0,21,1,3,0,1,2,18,0,7,5,0,0,6,0,3
All Ages,"American Indian/Alaska Native, Non-Hispanic",1 Year to < 2 Years,189,1,25,0,21,13,0,0,2,2,0,0,1,1,0,0,0,1,0,0,1,2,8,3,3,2,0,0,0,19,2,7,4,1,20,2,5,0,0,1,22,0,3,9,0,0,6,0,2
All Ages,"American Indian/Alaska Native, Non-Hispanic",2 Years to < 3 Years,127,0,13,0,14,1,1,0,0,1,0,0,0,0,2,1,0,1,0,2,0,5,3,2,1,1,0,0,0,21,2,5,3,0,10,2,1,0,1,0,15,0,6,1,2,1,4,0,5
All Ages,"American Indian/Alaska Native, Non-Hispanic",3 Years to < 5 Years,155,0,16,0,19,7,1,0,1,2,0,0,1,0,2,0,0,0,1,2,3,3,4,0,0,1,0,0,0,27,3,8,2,1,7,1,2,0,0,2,16,2,8,3,0,1,6,0,3
All Ages,"American Indian/Alaska Native, Non-Hispanic",5 or More Years,106,0,24,0,22,0,0,0,0,1,1,0,0,0,0,0,0,0,0,0,1,1,4,0,2,0,0,1,0,21,1,4,2,0,5,1,0,0,0,0,7,1,5,0,0,0,1,0,1
All Ages,"Pacific Islander, Non-Hispanic",All Time,622,0,9,1,332,4,1,0,1,9,3,30,6,2,4,2,1,4,0,2,7,3,2,0,2,2,7,0,0,1,4,6,1,4,5,20,9,0,2,5,3,2,24,28,0,9,62,0,3
All Ages,"Pacific Islander, Non-Hispanic",< 30 Days,20,0,0,0,10,0,0,0,0,0,0,0,0,0,1,0,0,0,0,0,1,0,0,0,0,0,0,0,0,0,2,0,0,0,0,0,0,0,0,1,1,0,0,0,0,0,3,0,1
All Ages,"Pacific Islander, Non-Hispanic",30 to < 90 Days,38,0,1,0,9,0,0,0,0,3,0,3,0,0,1,0,0,1,0,0,0,0,0,0,0,1,1,0,0,0,1,1,0,1,1,1,2,0,0,0,0,0,3,3,0,1,4,0,0
All Ages,"Pacific Islander, Non-Hispanic",90 Days to < 6 Months,36,0,1,0,8,0,0,0,1,1,0,1,2,0,0,0,0,0,0,0,0,0,0,0,1,1,1,0,0,0,0,0,0,0,0,1,0,0,0,0,2,0,2,4,0,3,7,0,0
All Ages,"Pacific Islander, Non-Hispanic",6 Months to < 1 Year,80,0,3,0,38,2,0,0,0,1,0,3,0,0,1,0,0,1,0,0,3,1,1,0,1,0,3,0,0,0,0,2,1,0,2,3,0,0,0,1,0,0,1,7,0,0,5,0,0
All Ages,"Pacific Islander, Non-Hispanic",1 Year to < 2 Years,126,0,2,0,59,2,0,0,0,1,2,6,2,2,0,0,1,1,0,1,2,1,1,0,0,0,1,0,0,0,0,3,0,1,0,7,3,0,0,0,0,1,2,8,0,1,15,0,1
All Ages,"Pacific Islander, Non-Hispanic",2 Years to < 3 Years,92,0,2,0,49,0,0,0,0,3,0,6,0,0,1,2,0,1,0,0,0,0,0,0,0,0,1,0,0,0,0,0,0,1,0,3,2,0,0,2,0,1,7,2,0,1,7,0,1
All Ages,"Pacific Islander, Non-Hispanic",3 Years to < 5 Years,126,0,0,0,70,0,1,0,0,0,0,9,1,0,0,0,0,0,0,1,1,0,0,0,0,0,0,0,0,1,1,0,0,1,2,5,0,0,2,1,0,0,9,3,0,3,15,0,0
All Ages,"Pacific Islander, Non-Hispanic",5 or More Years,104,0,0,1,89,0,0,0,0,0,1,2,1,0,0,0,0,0,0,0,0,1,0,0,0,0,0,0,0,0,0,0,0,0,0,0,2,0,0,0,0,0,0,1,0,0,6,0,0
All Ages,"Multiracial, Non-Hispanic",All Time,918,1,14,16,236,8,23,1,8,39,3,52,23,2,1,16,2,0,0,2,21,27,25,0,19,2,6,1,10,0,45,84,2,5,15,16,33,0,1,1,17,48,35,14,0,19,18,0,7
All Ages,"Multiracial, Non-Hispanic",< 30 Days,44,0,1,0,9,0,1,0,0,4,0,3,0,0,0,0,0,0,0,0,2,1,0,0,1,0,0,0,0,0,3,3,0,0,1,2,0,0,0,0,0,3,6,0,0,3,1,0,0
All Ages,"Multiracial, Non-Hispanic",30 to < 90 Days,81,0,2,3,11,0,2,0,1,3,0,2,0,0,0,1,0,0,0,0,0,1,5,0,2,2,1,0,1,0,7,9,0,1,3,2,4,0,0,0,0,5,4,3,0,4,1,0,1
All Ages,"Multiracial, Non-Hispanic",90 Days to < 6 Months,75,0,1,1,7,2,2,0,1,4,0,3,0,0,1,3,0,0,0,1,2,3,2,0,2,0,2,0,1,0,1,5,0,1,1,4,3,0,0,0,1,4,6,3,0,3,2,0,3
All Ages,"Multiracial, Non-Hispanic",6 Months to < 1 Year,135,0,5,1,27,1,3,0,2,6,2,7,6,0,0,5,0,0,0,0,1,1,5,0,3,0,1,0,6,0,6,13,0,0,0,2,4,0,0,0,2,12,5,2,0,4,3,0,0
All Ages,"Multiracial, Non-Hispanic",1 Year to < 2 Years,173,0,2,6,43,1,4,1,2,8,0,10,4,0,0,4,0,0,0,0,6,8,1,0,3,0,1,1,1,0,7,10,0,3,6,4,2,0,0,0,7,12,3,5,0,2,5,0,1
All Ages,"Multiracial, Non-Hispanic",2 Years to < 3 Years,139,1,1,1,43,1,6,0,0,5,0,9,4,0,0,1,0,0,0,0,3,7,2,0,5,0,0,0,1,0,5,12,1,0,3,1,5,0,1,1,1,8,8,1,0,0,2,0,0
All Ages,"Multiracial, Non-Hispanic",3 Years to < 5 Years,161,0,2,3,52,1,3,0,2,7,1,11,5,2,0,2,2,0,0,0,2,6,1,0,2,0,1,0,0,0,10,22,1,0,1,1,8,0,0,0,2,1,3,0,0,3,2,0,2
All Ages,"Multiracial, Non-Hispanic",5 or More Years,110,0,0,1,44,2,2,0,0,2,0,7,4,0,0,0,0,0,0,1,5,0,9,0,1,0,0,0,0,0,6,10,0,0,0,0,7,0,0,0,4,3,0,0,0,0,2,0,0
< 1 Year,All Ethnicities,All Time,152,2,5,5,22,4,0,3,4,13,2,0,6,2,0,0,0,1,0,0,3,4,6,0,8,2,0,0,0,0,6,3,0,8,0,0,8,0,0,2,0,4,17,2,0,5,3,0,2
< 1 Year,All Ethnicities,< 30 Days,39,0,1,0,8,2,0,0,0,4,0,0,3,2,0,0,0,1,0,0,0,0,1,0,2,1,0,0,0,0,2,1,0,2,0,0,0,0,0,0,0,1,5,0,0,0,2,0,1
< 1 Year,All Ethnicities,30 to < 90 Days,60,0,1,2,10,0,0,2,3,6,2,0,1,0,0,0,0,0,0,0,3,2,3,0,2,1,0,0,0,0,1,1,0,4,0,0,2,0,0,1,0,0,6,1,0,5,1,0,0
< 1 Year,All Ethnicities,90 Days to < 6 Months,34,2,3,1,4,0,0,1,1,1,0,0,2,0,0,0,0,0,0,0,0,1,2,0,3,0,0,0,0,0,2,1,0,1,0,0,3,0,0,0,0,3,2,0,0,0,0,0,1
< 1 Year,All Ethnicities,6 Months to < 1 Year,19,0,0,2,0,2,0,0,0,2,0,0,0,0,0,0,0,0,0,0,0,1,0,0,1,0,0,0,0,0,1,0,0,1,0,0,3,0,0,1,0,0,4,1,0,0,0,0,0
< 1 Year,"White, Non-Hispanic",All Time,81,1,2,3,11,3,0,3,2,5,1,0,2,2,0,0,0,1,0,0,1,3,3,0,2,0,0,0,0,0,4,2,0,6,0,0,7,0,0,0,0,3,10,0,0,1,1,0,2
< 1 Year,"White, Non-Hispanic",< 30 Days,21,0,0,0,5,1,0,0,0,0,0,0,1,2,0,0,0,1,0,0,0,0,1,0,0,0,0,0,0,0,2,0,0,2,0,0,0,0,0,0,0,1,3,0,0,0,1,0,1
< 1 Year,"White, Non-Hispanic",30 to < 90 Days,29,0,0,2,5,0,0,2,1,3,1,0,0,0,0,0,0,0,0,0,1,2,1,0,1,0,0,0,0,0,0,1,0,3,0,0,2,0,0,0,0,0,3,0,0,1,0,0,0
< 1 Year,"White, Non-Hispanic",90 Days to < 6 Months,18,1,2,0,1,0,0,1,1,1,0,0,1,0,0,0,0,0,0,0,0,0,1,0,0,0,0,0,0,0,1,1,0,0,0,0,3,0,0,0,0,2,1,0,0,0,0,0,1
< 1 Year,"White, Non-Hispanic",6 Months to < 1 Year,13,0,0,1,0,2,0,0,0,1,0,0,0,0,0,0,0,0,0,0,0,1,0,0,1,0,0,0,0,0,1,0,0,1,0,0,2,0,0,0,0,0,3,0,0,0,0,0,0
< 1 Year,"Black, Non-Hispanic",All Time,29,1,0,2,1,0,0,0,2,2,1,0,3,0,0,0,0,0,0,0,0,0,1,0,4,2,0,0,0,0,1,0,0,1,0,0,0,0,0,2,0,1,2,0,0,3,0,0,0
< 1 Year,"Black, Non-Hispanic",< 30 Days,6,0,0,0,1,0,0,0,0,1,0,0,1,0,0,0,0,0,0,0,0,0,0,0,2,1,0,0,0,0,0,0,0,0,0,0,0,0,0,0,0,0,0,0,0,0,0,0,0
< 1 Year,"Black, Non-Hispanic",30 to < 90 Days,12,0,0,0,0,0,0,0,2,1,1,0,1,0,0,0,0,0,0,0,0,0,1,0,0,1,0,0,0,0,0,0,0,0,0,0,0,0,0,1,0,0,1,0,0,3,0,0,0
< 1 Year,"Black, Non-Hispanic",90 Days to < 6 Months,8,1,0,1,0,0,0,0,0,0,0,0,1,0,0,0,0,0,0,0,0,0,0,0,2,0,0,0,0,0,1,0,0,1,0,0,0,0,0,0,0,1,0,0,0,0,0,0,0
< 1 Year,"Black, Non-Hispanic",6 Months to < 1 Year,3,0,0,1,0,0,0,0,0,0,0,0,0,0,0,0,0,0,0,0,0,0,0,0,0,0,0,0,0,0,0,0,0,0,0,0,0,0,0,1,0,0,1,0,0,0,0,0,0
< 1 Year,Hispanic/Latino,All Time,24,0,2,0,5,1,0,0,0,4,0,0,1,0,0,0,0,0,0,0,2,1,1,0,0,0,0,0,0,0,1,0,0,0,0,0,1,0,0,0,0,0,3,0,0,1,1,0,0
< 1 Year,Hispanic/Latino,< 30 Days,9,0,0,0,2,1,0,0,0,3,0,0,1,0,0,0,0,0,0,0,0,0,0,0,0,0,0,0,0,0,0,0,0,0,0,0,0,0,0,0,0,0,1,0,0,0,1,0,0
< 1 Year,Hispanic/Latino,30 to < 90 Days,8,0,1,0,1,0,0,0,0,1,0,0,0,0,0,0,0,0,0,0,2,0,0,0,0,0,0,0,0,0,1,0,0,0,0,0,0,0,0,0,0,0,1,0,0,1,0,0,0
< 1 Year,Hispanic/Latino,90 Days to < 6 Months,6,0,1,0,2,0,0,0,0,0,0,0,0,0,0,0,0,0,0,0,0,1,1,0,0,0,0,0,0,0,0,0,0,0,0,0,0,0,0,0,0,0,1,0,0,0,0,0,0
< 1 Year,Hispanic/Latino,6 Months to < 1 Year,1,0,0,0,0,0,0,0,0,0,0,0,0,0,0,0,0,0,0,0,0,0,0,0,0,0,0,0,0,0,0,0,0,0,0,0,1,0,0,0,0,0,0,0,0,0,0,0,0
< 1 Year,"Asian, Non-Hispanic",All Time,5,0,0,0,4,0,0,0,0,0,0,0,0,0,0,0,0,0,0,0,0,0,0,0,0,0,0,0,0,0,0,0,0,0,0,0,0,0,0,0,0,0,0,0,0,0,1,0,0
< 1 Year,"Asian, Non-Hispanic",30 to < 90 Days,4,0,0,0,3,0,0,0,0,0,0,0,0,0,0,0,0,0,0,0,0,0,0,0,0,0,0,0,0,0,0,0,0,0,0,0,0,0,0,0,0,0,0,0,0,0,1,0,0
< 1 Year,"Asian, Non-Hispanic",90 Days to < 6 Months,1,0,0,0,1,0,0,0,0,0,0,0,0,0,0,0,0,0,0,0,0,0,0,0,0,0,0,0,0,0,0,0,0,0,0,0,0,0,0,0,0,0,0,0,0,0,0,0,0
< 1 Year,"American Indian/Alaska Native, Non-Hispanic",All Time,1,0,0,0,0,0,0,0,0,0,0,0,0,0,0,0,0,0,0,0,0,0,1,0,0,0,0,0,0,0,0,0,0,0,0,0,0,0,0,0,0,0,0,0,0,0,0,0,0
< 1 Year,"American Indian/Alaska Native, Non-Hispanic",30 to < 90 Days,1,0,0,0,0,0,0,0,0,0,0,0,0,0,0,0,0,0,0,0,0,0,1,0,0,0,0,0,0,0,0,0,0,0,0,0,0,0,0,0,0,0,0,0,0,0,0,0,0
< 1 Year,"Pacific Islander, Non-Hispanic",All Time,1,0,0,0,0,0,0,0,0,1,0,0,0,0,0,0,0,0,0,0,0,0,0,0,0,0,0,0,0,0,0,0,0,0,0,0,0,0,0,0,0,0,0,0,0,0,0,0,0
< 1 Year,"Pacific Islander, Non-Hispanic",6 Months to < 1 Year,1,0,0,0,0,0,0,0,0,1,0,0,0,0,0,0,0,0,0,0,0,0,0,0,0,0,0,0,0,0,0,0,0,0,0,0,0,0,0,0,0,0,0,0,0,0,0,0,0
< 1 Year,"Multiracial, Non-Hispanic",All Time,11,0,1,0,1,0,0,0,0,1,0,0,0,0,0,0,0,0,0,0,0,0,0,0,2,0,0,0,0,0,0,1,0,1,0,0,0,0,0,0,0,0,2,2,0,0,0,0,0
< 1 Year,"Multiracial, Non-Hispanic",< 30 Days,3,0,1,0,0,0,0,0,0,0,0,0,0,0,0,0,0,0,0,0,0,0,0,0,0,0,0,0,0,0,0,1,0,0,0,0,0,0,0,0,0,0,1,0,0,0,0,0,0
< 1 Year,"Multiracial, Non-Hispanic",30 to < 90 Days,6,0,0,0,1,0,0,0,0,1,0,0,0,0,0,0,0,0,0,0,0,0,0,0,1,0,0,0,0,0,0,0,0,1,0,0,0,0,0,0,0,0,1,1,0,0,0,0,0
< 1 Year,"Multiracial, Non-Hispanic",90 Days to < 6 Months,1,0,0,0,0,0,0,0,0,0,0,0,0,0,0,0,0,0,0,0,0,0,0,0,1,0,0,0,0,0,0,0,0,0,0,0,0,0,0,0,0,0,0,0,0,0,0,0,0
< 1 Year,"Multiracial, Non-Hispanic",6 Months to < 1 Year,1,0,0,0,0,0,0,0,0,0,0,0,0,0,0,0,0,0,0,0,0,0,0,0,0,0,0,0,0,0,0,0,0,0,0,0,0,0,0,0,0,0,0,1,0,0,0,0,0
1-5 Years,All Ethnicities,All Time,561,5,6,1,101,20,0,4,11,38,19,0,20,4,1,0,1,4,0,5,20,5,17,0,29,8,0,1,4,0,32,14,0,32,1,0,43,0,0,3,0,9,54,8,0,7,24,0,10
1-5 Years,All Ethnicities,< 30 Days,45,0,0,0,8,1,0,0,0,2,3,0,2,0,0,0,0,1,0,0,0,1,0,0,4,3,0,0,0,0,6,0,0,2,0,0,1,0,0,1,0,1,5,1,0,0,3,0,0
1-5 Years,All Ethnicities,30 to < 90 Days,91,1,1,0,11,5,0,1,0,8,3,0,4,1,0,0,0,0,0,0,3,0,3,0,9,0,0,0,0,0,5,4,0,4,0,0,11,0,0,0,0,1,9,2,0,2,1,0,2
1-5 Years,All Ethnicities,90 Days to < 6 Months,85,0,2,0,12,3,0,1,1,5,3,0,5,0,0,0,0,0,0,1,3,1,2,0,5,0,0,0,0,0,2,4,0,9,0,0,4,0,0,1,0,4,9,5,0,1,1,0,1
1-5 Years,All Ethnicities,6 Months to < 1 Year,124,2,2,0,27,4,0,1,3,3,7,0,2,1,1,0,0,1,0,4,5,2,4,0,5,3,0,0,1,0,7,1,0,7,0,0,8,0,0,0,0,2,14,0,0,0,4,0,3
1-5 Years,All Ethnicities,1 Year to < 2 Years,120,0,1,0,24,5,0,1,3,10,2,0,2,2,0,0,0,2,0,0,4,0,5,0,4,1,0,1,1,0,7,4,0,4,1,0,11,0,0,0,0,1,12,0,0,2,8,0,2
1-5 Years,All Ethnicities,2 Years to < 3 Years,59,0,0,1,13,2,0,0,4,9,1,0,2,0,0,0,1,0,0,0,4,0,2,0,0,1,0,0,0,0,3,1,0,4,0,0,4,0,0,0,0,0,1,0,0,1,5,0,0
1-5 Years,All Ethnicities,3 Years to < 5 Years,31,2,0,0,6,0,0,0,0,1,0,0,1,0,0,0,0,0,0,0,1,1,0,0,2,0,0,0,2,0,2,0,0,2,0,0,4,0,0,1,0,0,3,0,0,1,1,0,1
1-5 Years,All Ethnicities,5 or More Years,6,0,0,0,0,0,0,0,0,0,0,0,2,0,0,0,0,0,0,0,0,0,1,0,0,0,0,0,0,0,0,0,0,0,0,0,0,0,0,0,0,0,1,0,0,0,1,0,1
1-5 Years,"White, Non-Hispanic",All Time,261,3,0,0,33,9,0,3,6,19,7,0,6,3,0,0,1,3,0,2,11,3,6,0,20,5,0,1,1,0,11,6,0,20,0,0,26,0,0,0,0,7,27,4,0,4,9,0,5
1-5 Years,"White, Non-Hispanic",< 30 Days,14,0,0,0,1,0,0,0,0,0,2,0,0,0,0,0,0,1,0,0,0,0,0,0,4,0,0,0,0,0,0,0,0,1,0,0,0,0,0,0,0,1,2,1,0,0,1,0,0
1-5 Years,"White, Non-Hispanic",30 to < 90 Days,50,1,0,0,6,4,0,1,0,7,1,0,2,1,0,0,0,0,0,0,0,0,1,0,6,0,0,0,0,0,1,1,0,3,0,0,7,0,0,0,0,1,4,0,0,1,1,0,1
1-5 Years,"White, Non-Hispanic",90 Days to < 6 Months,42,0,0,0,7,2,0,1,0,1,0,0,1,0,0,0,0,0,0,0,3,1,0,0,3,0,0,0,0,0,1,2,0,5,0,0,4,0,0,0,0,3,4,3,0,1,0,0,0
1-5 Years,"White, Non-Hispanic",6 Months to < 1 Year,50,1,0,0,1,1,0,1,2,2,3,0,0,1,0,0,0,1,0,2,3,1,1,0,2,3,0,0,0,0,3,0,0,6,0,0,4,0,0,0,0,2,9,0,0,0,0,0,1
1-5 Years,"White, Non-Hispanic",1 Year to < 2 Years,54,0,0,0,9,1,0,0,1,5,1,0,0,1,0,0,0,1,0,0,3,0,3,0,3,1,0,1,0,0,2,3,0,3,0,0,6,0,0,0,0,0,5,0,0,0,4,0,1
1-5 Years,"White, Non-Hispanic",2 Years to < 3 Years,28,0,0,0,7,1,0,0,3,3,0,0,2,0,0,0,1,0,0,0,2,0,0,0,0,1,0,0,0,0,3,0,0,0,0,0,1,0,0,0,0,0,1,0,0,1,2,0,0
1-5 Years,"White, Non-Hispanic",3 Years to < 5 Years,18,1,0,0,2,0,0,0,0,1,0,0,0,0,0,0,0,0,0,0,0,1,0,0,2,0,0,0,1,0,1,0,0,2,0,0,4,0,0,0,0,0,1,0,0,1,0,0,1
1-5 Years,"White, Non-Hispanic",5 or More Years,5,0,0,0,0,0,0,0,0,0,0,0,1,0,0,0,0,0,0,0,0,0,1,0,0,0,0,0,0,0,0,0,0,0,0,0,0,0,0,0,0,0,1,0,0,0,1,0,1
1-5 Years,"Black, Non-Hispanic",All Time,110,1,0,1,11,1,0,0,2,8,7,0,10,0,0,0,0,1,0,3,4,1,8,0,3,3,0,0,1,0,4,3,0,11,0,0,4,0,0,3,0,2,10,0,0,3,1,0,4
1-5 Years,"Black, Non-Hispanic",< 30 Days,8,0,0,0,0,0,0,0,0,0,1,0,1,0,0,0,0,0,0,0,0,1,0,0,0,3,0,0,0,0,0,0,0,1,0,0,0,0,0,1,0,0,0,0,0,0,0,0,0
1-5 Years,"Black, Non-Hispanic",30 to < 90 Days,18,0,0,0,1,0,0,0,0,1,2,0,1,0,0,0,0,0,0,0,1,0,2,0,1,0,0,0,0,0,0,2,0,1,0,0,2,0,0,0,0,0,2,0,0,1,0,0,1
1-5 Years,"Black, Non-Hispanic",90 Days to < 6 Months,19,0,0,0,0,0,0,0,0,3,1,0,4,0,0,0,0,0,0,1,0,0,1,0,0,0,0,0,0,0,1,0,0,4,0,0,0,0,0,1,0,1,1,0,0,0,0,0,1
1-5 Years,"Black, Non-Hispanic",6 Months to < 1 Year,21,0,0,0,4,0,0,0,0,0,2,0,2,0,0,0,0,0,0,2,2,0,2,0,2,0,0,0,0,0,1,0,0,0,0,0,0,0,0,0,0,0,3,0,0,0,0,0,1
1-5 Years,"Black, Non-Hispanic",1 Year to < 2 Years,25,0,0,0,6,0,0,0,1,1,0,0,2,0,0,0,0,1,0,0,0,0,2,0,0,0,0,0,0,0,2,0,0,1,0,0,1,0,0,0,0,1,4,0,0,2,0,0,1
1-5 Years,"Black, Non-Hispanic",2 Years to < 3 Years,15,0,0,1,0,1,0,0,1,3,1,0,0,0,0,0,0,0,0,0,0,0,1,0,0,0,0,0,0,0,0,1,0,4,0,0,1,0,0,0,0,0,0,0,0,0,1,0,0
1-5 Years,"Black, Non-Hispanic",3 Years to < 5 Years,4,1,0,0,0,0,0,0,0,0,0,0,0,0,0,0,0,0,0,0,1,0,0,0,0,0,0,0,1,0,0,0,0,0,0,0,0,0,0,1,0,0,0,0,0,0,0,0,0
1-5 Years,Hispanic/Latino,All Time,139,1,5,0,38,7,0,0,3,9,4,0,4,1,0,0,0,0,0,0,4,1,2,0,3,0,0,0,1,0,14,3,0,1,1,0,11,0,0,0,0,0,16,1,0,0,9,0,0
1-5 Years,Hispanic/Latino,< 30 Days,15,0,0,0,3,0,0,0,0,1,0,0,1,0,0,0,0,0,0,0,0,0,0,0,0,0,0,0,0,0,5,0,0,0,0,0,1,0,0,0,0,0,3,0,0,0,1,0,0
1-5 Years,Hispanic/Latino,30 to < 90 Days,16,0,1,0,3,1,0,0,0,0,0,0,1,0,0,0,0,0,0,0,2,0,0,0,2,0,0,0,0,0,2,0,0,0,0,0,1,0,0,0,0,0,3,0,0,0,0,0,0
1-5 Years,Hispanic/Latino,90 Days to < 6 Months,17,0,2,0,3,1,0,0,1,0,1,0,0,0,0,0,0,0,0,0,0,0,0,0,1,0,0,0,0,0,0,2,0,0,0,0,0,0,0,0,0,0,4,1,0,0,1,0,0
1-5 Years,Hispanic/Latino,6 Months to < 1 Year,39,1,1,0,15,3,0,0,1,1,2,0,0,0,0,0,0,0,0,0,0,1,1,0,0,0,0,0,1,0,3,0,0,1,0,0,4,0,0,0,0,0,2,0,0,0,2,0,0
1-5 Years,Hispanic/Latino,1 Year to < 2 Years,31,0,1,0,7,2,0,0,1,4,1,0,0,1,0,0,0,0,0,0,1,0,0,0,0,0,0,0,0,0,3,1,0,0,1,0,3,0,0,0,0,0,3,0,0,0,2,0,0
1-5 Years,Hispanic/Latino,2 Years to < 3 Years,12,0,0,0,3,0,0,0,0,3,0,0,0,0,0,0,0,0,0,0,1,0,1,0,0,0,0,0,0,0,0,0,0,0,0,0,2,0,0,0,0,0,0,0,0,0,2,0,0
1-5 Years,Hispanic/Latino,3 Years to < 5 Years,8,0,0,0,4,0,0,0,0,0,0,0,1,0,0,0,0,0,0,0,0,0,0,0,0,0,0,0,0,0,1,0,0,0,0,0,0,0,0,0,0,0,1,0,0,0,1,0,0
1-5 Years,Hispanic/Latino,5 or More Years,1,0,0,0,0,0,0,0,0,0,0,0,1,0,0,0,0,0,0,0,0,0,0,0,0,0,0,0,0,0,0,0,0,0,0,0,0,0,0,0,0,0,0,0,0,0,0,0,0
1-5 Years,"Asian, Non-Hispanic",All Time,27,0,0,0,14,2,0,0,0,0,0,0,0,0,1,0,0,0,0,0,1,0,0,0,0,0,0,0,1,0,3,0,0,0,0,0,2,0,0,0,0,0,1,1,0,0,0,0,1
1-5 Years,"Asian, Non-Hispanic",< 30 Days,5,0,0,0,4,0,0,0,0,0,0,0,0,0,0,0,0,0,0,0,0,0,0,0,0,0,0,0,0,0,1,0,0,0,0,0,0,0,0,0,0,0,0,0,0,0,0,0,0
1-5 Years,"Asian, Non-Hispanic",30 to < 90 Days,5,0,0,0,1,0,0,0,0,0,0,0,0,0,0,0,0,0,0,0,0,0,0,0,0,0,0,0,0,0,2,0,0,0,0,0,1,0,0,0,0,0,0,1,0,0,0,0,0
1-5 Years,"Asian, Non-Hispanic",90 Days to < 6 Months,1,0,0,0,1,0,0,0,0,0,0,0,0,0,0,0,0,0,0,0,0,0,0,0,0,0,0,0,0,0,0,0,0,0,0,0,0,0,0,0,0,0,0,0,0,0,0,0,0
1-5 Years,"Asian, Non-Hispanic",6 Months to < 1 Year,6,0,0,0,4,0,0,0,0,0,0,0,0,0,1,0,0,0,0,0,0,0,0,0,0,0,0,0,0,0,0,0,0,0,0,0,0,0,0,0,0,0,0,0,0,0,0,0,1
1-5 Years,"Asian, Non-Hispanic",1 Year to < 2 Years,6,0,0,0,2,2,0,0,0,0,0,0,0,0,0,0,0,0,0,0,0,0,0,0,0,0,0,0,1,0,0,0,0,0,0,0,1,0,0,0,0,0,0,0,0,0,0,0,0
1-5 Years,"Asian, Non-Hispanic",2 Years to < 3 Years,3,0,0,0,2,0,0,0,0,0,0,0,0,0,0,0,0,0,0,0,1,0,0,0,0,0,0,0,0,0,0,0,0,0,0,0,0,0,0,0,0,0,0,0,0,0,0,0,0
1-5 Years,"Asian, Non-Hispanic",3 Years to < 5 Years,1,0,0,0,0,0,0,0,0,0,0,0,0,0,0,0,0,0,0,0,0,0,0,0,0,0,0,0,0,0,0,0,0,0,0,0,0,0,0,0,0,0,1,0,0,0,0,0,0
1-5 Years,"American Indian/Alaska Native, Non-Hispanic",All Time,6,0,0,0,0,1,0,0,0,2,1,0,0,0,0,0,0,0,0,0,0,0,0,0,0,0,0,0,0,0,0,0,0,0,0,0,0,0,0,0,0,0,0,0,0,0,2,0,0
1-5 Years,"American Indian/Alaska Native, Non-Hispanic",< 30 Days,2,0,0,0,0,1,0,0,0,1,0,0,0,0,0,0,0,0,0,0,0,0,0,0,0,0,0,0,0,0,0,0,0,0,0,0,0,0,0,0,0,0,0,0,0,0,0,0,0
1-5 Years,"American Indian/Alaska Native, Non-Hispanic",90 Days to < 6 Months,2,0,0,0,0,0,0,0,0,1,1,0,0,0,0,0,0,0,0,0,0,0,0,0,0,0,0,0,0,0,0,0,0,0,0,0,0,0,0,0,0,0,0,0,0,0,0,0,0
1-5 Years,"American Indian/Alaska Native, Non-Hispanic",6 Months to < 1 Year,1,0,0,0,0,0,0,0,0,0,0,0,0,0,0,0,0,0,0,0,0,0,0,0,0,0,0,0,0,0,0,0,0,0,0,0,0,0,0,0,0,0,0,0,0,0,1,0,0
1-5 Years,"American Indian/Alaska Native, Non-Hispanic",1 Year to < 2 Years,1,0,0,0,0,0,0,0,0,0,0,0,0,0,0,0,0,0,0,0,0,0,0,0,0,0,0,0,0,0,0,0,0,0,0,0,0,0,0,0,0,0,0,0,0,0,1,0,0
1-5 Years,"Pacific Islander, Non-Hispanic",All Time,2,0,0,0,1,0,0,0,0,0,0,0,0,0,0,0,0,0,0,0,0,0,0,0,0,0,0,0,0,0,0,0,0,0,0,0,0,0,0,0,0,0,0,0,0,0,1,0,0
1-5 Years,"Pacific Islander, Non-Hispanic",6 Months to < 1 Year,1,0,0,0,1,0,0,0,0,0,0,0,0,0,0,0,0,0,0,0,0,0,0,0,0,0,0,0,0,0,0,0,0,0,0,0,0,0,0,0,0,0,0,0,0,0,0,0,0
1-5 Years,"Pacific Islander, Non-Hispanic",1 Year to < 2 Years,1,0,0,0,0,0,0,0,0,0,0,0,0,0,0,0,0,0,0,0,0,0,0,0,0,0,0,0,0,0,0,0,0,0,0,0,0,0,0,0,0,0,0,0,0,0,1,0,0
1-5 Years,"Multiracial, Non-Hispanic",All Time,16,0,1,0,4,0,0,1,0,0,0,0,0,0,0,0,0,0,0,0,0,0,1,0,3,0,0,0,0,0,0,2,0,0,0,0,0,0,0,0,0,0,0,2,0,0,2,0,0
1-5 Years,"Multiracial, Non-Hispanic",< 30 Days,1,0,0,0,0,0,0,0,0,0,0,0,0,0,0,0,0,0,0,0,0,0,0,0,0,0,0,0,0,0,0,0,0,0,0,0,0,0,0,0,0,0,0,0,0,0,1,0,0
1-5 Years,"Multiracial, Non-Hispanic",30 to < 90 Days,2,0,0,0,0,0,0,0,0,0,0,0,0,0,0,0,0,0,0,0,0,0,0,0,0,0,0,0,0,0,0,1,0,0,0,0,0,0,0,0,0,0,0,1,0,0,0,0,0
1-5 Years,"Multiracial, Non-Hispanic",90 Days to < 6 Months,4,0,0,0,1,0,0,0,0,0,0,0,0,0,0,0,0,0,0,0,0,0,1,0,1,0,0,0,0,0,0,0,0,0,0,0,0,0,0,0,0,0,0,1,0,0,0,0,0
1-5 Years,"Multiracial, Non-Hispanic",6 Months to < 1 Year,6,0,1,0,2,0,0,0,0,0,0,0,0,0,0,0,0,0,0,0,0,0,0,0,1,0,0,0,0,0,0,1,0,0,0,0,0,0,0,0,0,0,0,0,0,0,1,0,0
1-5 Years,"Multiracial, Non-Hispanic",1 Year to < 2 Years,2,0,0,0,0,0,0,1,0,0,0,0,0,0,0,0,0,0,0,0,0,0,0,0,1,0,0,0,0,0,0,0,0,0,0,0,0,0,0,0,0,0,0,0,0,0,0,0,0
1-5 Years,"Multiracial, Non-Hispanic",2 Years to < 3 Years,1,0,0,0,1,0,0,0,0,0,0,0,0,0,0,0,0,0,0,0,0,0,0,0,0,0,0,0,0,0,0,0,0,0,0,0,0,0,0,0,0,0,0,0,0,0,0,0,0
6-10 Years,All Ethnicities,All Time,501,4,4,5,98,5,2,2,15,27,14,0,18,9,4,0,3,8,0,4,18,6,15,0,18,15,0,0,2,0,29,12,0,23,0,1,41,0,0,5,0,11,49,4,0,12,14,0,4
6-10 Years,All Ethnicities,< 30 Days,35,1,0,0,6,1,0,1,0,2,0,0,3,0,0,0,0,3,0,2,1,1,0,0,2,0,0,0,0,0,2,2,0,2,0,0,1,0,0,0,0,1,3,0,0,0,1,0,0
6-10 Years,All Ethnicities,30 to < 90 Days,51,1,1,0,9,0,1,0,2,4,2,0,1,1,1,0,0,1,0,0,1,0,1,0,1,0,0,0,0,0,6,1,0,2,0,0,2,0,0,0,0,2,10,0,0,1,0,0,0
6-10 Years,All Ethnicities,90 Days to < 6 Months,46,0,0,1,1,0,1,1,2,3,2,0,0,1,2,0,0,1,0,0,1,0,2,0,3,0,0,0,1,0,3,2,0,6,0,0,5,0,0,2,0,1,3,0,0,1,1,0,0
6-10 Years,All Ethnicities,6 Months to < 1 Year,76,1,1,2,18,1,0,0,0,3,2,0,2,1,0,0,2,1,0,1,5,0,2,0,1,3,0,0,0,0,1,3,0,2,0,1,8,0,0,1,0,1,7,1,0,1,3,0,1
6-10 Years,All Ethnicities,1 Year to < 2 Years,102,1,1,2,21,3,0,0,5,10,3,0,2,2,1,0,0,2,0,0,3,2,6,0,2,6,0,0,0,0,4,1,0,2,0,0,4,0,0,1,0,3,11,1,0,1,2,0,0
6-10 Years,All Ethnicities,2 Years to < 3 Years,49,0,1,0,11,0,0,0,4,3,3,0,4,0,0,0,1,0,0,0,0,0,1,0,3,0,0,0,0,0,2,1,0,1,0,0,1,0,0,1,0,2,5,0,0,2,2,0,1
6-10 Years,All Ethnicities,3 Years to < 5 Years,65,0,0,0,18,0,0,0,0,2,2,0,3,0,0,0,0,0,0,0,2,3,1,0,5,3,0,0,0,0,6,1,0,3,0,0,3,0,0,0,0,0,4,2,0,2,3,0,2
6-10 Years,All Ethnicities,5 or More Years,77,0,0,0,14,0,0,0,2,0,0,0,3,4,0,0,0,0,0,1,5,0,2,0,1,3,0,0,1,0,5,1,0,5,0,0,17,0,0,0,0,1,6,0,0,4,2,0,0
6-10 Years,"White, Non-Hispanic",All Time,232,2,0,3,31,3,1,1,7,12,6,0,7,8,2,0,3,1,0,3,10,5,8,0,13,9,0,0,0,0,9,5,0,15,0,0,18,0,0,2,0,5,24,2,0,10,6,0,1
6-10 Years,"White, Non-Hispanic",< 30 Days,12,0,0,0,1,0,0,0,0,0,0,0,1,0,0,0,0,0,0,2,0,1,0,0,1,0,0,0,0,0,0,2,0,0,0,0,1,0,0,0,0,0,2,0,0,0,1,0,0
6-10 Years,"White, Non-Hispanic",30 to < 90 Days,24,1,0,0,3,0,0,0,2,1,1,0,1,1,1,0,0,0,0,0,1,0,0,0,1,0,0,0,0,0,2,0,0,1,0,0,1,0,0,0,0,0,6,0,0,1,0,0,0
6-10 Years,"White, Non-Hispanic",90 Days to < 6 Months,27,0,0,0,1,0,1,1,2,1,0,0,0,1,1,0,0,0,0,0,1,0,2,0,2,0,0,0,0,0,0,1,0,5,0,0,2,0,0,2,0,1,1,0,0,1,1,0,0
6-10 Years,"White, Non-Hispanic",6 Months to < 1 Year,35,0,0,2,8,1,0,0,0,1,2,0,0,1,0,0,2,0,0,1,3,0,0,0,0,3,0,0,0,0,1,0,0,1,0,0,4,0,0,0,0,0,3,1,0,0,1,0,0
6-10 Years,"White, Non-Hispanic",1 Year to < 2 Years,51,1,0,1,7,2,0,0,1,7,0,0,1,2,0,0,0,1,0,0,0,2,4,0,2,6,0,0,0,0,2,0,0,1,0,0,2,0,0,0,0,2,5,0,0,1,1,0,0
6-10 Years,"White, Non-Hispanic",2 Years to < 3 Years,18,0,0,0,2,0,0,0,1,0,1,0,1,0,0,0,1,0,0,0,0,0,0,0,3,0,0,0,0,0,1,1,0,1,0,0,0,0,0,0,0,2,2,0,0,2,0,0,0
6-10 Years,"White, Non-Hispanic",3 Years to < 5 Years,31,0,0,0,6,0,0,0,0,2,2,0,1,0,0,0,0,0,0,0,0,2,1,0,3,0,0,0,0,0,2,1,0,1,0,0,3,0,0,0,0,0,3,1,0,1,1,0,1
6-10 Years,"White, Non-Hispanic",5 or More Years,34,0,0,0,3,0,0,0,1,0,0,0,2,3,0,0,0,0,0,0,5,0,1,0,1,0,0,0,0,0,1,0,0,5,0,0,5,0,0,0,0,0,2,0,0,4,1,0,0
6-10 Years,"Black, Non-Hispanic",All Time,86,2,2,1,5,0,0,0,4,6,8,0,0,1,1,0,0,5,0,0,1,0,1,0,4,3,0,0,0,0,4,5,0,8,0,0,13,0,0,2,0,3,5,0,0,1,0,0,1
6-10 Years,"Black, Non-Hispanic",< 30 Days,7,1,0,0,1,0,0,0,0,0,0,0,0,0,0,0,0,2,0,0,0,0,0,0,1,0,0,0,0,0,0,0,0,2,0,0,0,0,0,0,0,0,0,0,0,0,0,0,0
6-10 Years,"Black, Non-Hispanic",30 to < 90 Days,9,0,1,0,0,0,0,0,0,1,1,0,0,0,0,0,0,1,0,0,0,0,0,0,0,0,0,0,0,0,1,1,0,1,0,0,0,0,0,0,0,2,0,0,0,0,0,0,0
6-10 Years,"Black, Non-Hispanic",90 Days to < 6 Months,11,0,0,0,0,0,0,0,0,2,2,0,0,0,0,0,0,0,0,0,0,0,0,0,1,0,0,0,0,0,2,0,0,1,0,0,2,0,0,0,0,0,1,0,0,0,0,0,0
6-10 Years,"Black, Non-Hispanic",6 Months to < 1 Year,12,1,0,0,2,0,0,0,0,1,0,0,0,0,0,0,0,1,0,0,0,0,0,0,0,0,0,0,0,0,0,3,0,1,0,0,2,0,0,0,0,0,0,0,0,1,0,0,0
6-10 Years,"Black, Non-Hispanic",1 Year to < 2 Years,17,0,1,1,1,0,0,0,2,0,3,0,0,0,1,0,0,1,0,0,0,0,1,0,0,0,0,0,0,0,0,1,0,1,0,0,1,0,0,1,0,0,2,0,0,0,0,0,0
6-10 Years,"Black, Non-Hispanic",2 Years to < 3 Years,8,0,0,0,0,0,0,0,2,2,2,0,0,0,0,0,0,0,0,0,0,0,0,0,0,0,0,0,0,0,0,0,0,0,0,0,0,0,0,1,0,0,1,0,0,0,0,0,0
6-10 Years,"Black, Non-Hispanic",3 Years to < 5 Years,10,0,0,0,0,0,0,0,0,0,0,0,0,0,0,0,0,0,0,0,1,0,0,0,2,3,0,0,0,0,1,0,0,2,0,0,0,0,0,0,0,0,0,0,0,0,0,0,1
6-10 Years,"Black, Non-Hispanic",5 or More Years,12,0,0,0,1,0,0,0,0,0,0,0,0,1,0,0,0,0,0,0,0,0,0,0,0,0,0,0,0,0,0,0,0,0,0,0,8,0,0,0,0,1,1,0,0,0,0,0,0
6-10 Years,Hispanic/Latino,All Time,132,0,2,1,46,1,1,1,3,8,0,0,7,0,0,0,0,2,0,1,5,1,2,0,0,3,0,0,1,0,13,1,0,0,0,1,7,0,0,1,0,0,17,1,0,0,5,0,1
6-10 Years,Hispanic/Latino,< 30 Days,9,0,0,0,1,1,0,1,0,2,0,0,2,0,0,0,0,1,0,0,0,0,0,0,0,0,0,0,0,0,0,0,0,0,0,0,0,0,0,0,0,0,1,0,0,0,0,0,0
6-10 Years,Hispanic/Latino,30 to < 90 Days,15,0,0,0,5,0,1,0,0,2,0,0,0,0,0,0,0,0,0,0,0,0,0,0,0,0,0,0,0,0,3,0,0,0,0,0,1,0,0,0,0,0,3,0,0,0,0,0,0
6-10 Years,Hispanic/Latino,90 Days to < 6 Months,7,0,0,1,0,0,0,0,0,0,0,0,0,0,0,0,0,1,0,0,0,0,0,0,0,0,0,0,1,0,1,1,0,0,0,0,1,0,0,0,0,0,1,0,0,0,0,0,0
6-10 Years,Hispanic/Latino,6 Months to < 1 Year,20,0,1,0,5,0,0,0,0,1,0,0,1,0,0,0,0,0,0,0,1,0,1,0,0,0,0,0,0,0,0,0,0,0,0,1,1,0,0,1,0,0,4,0,0,0,2,0,1
6-10 Years,Hispanic/Latino,1 Year to < 2 Years,27,0,0,0,12,0,0,0,1,2,0,0,1,0,0,0,0,0,0,0,3,0,1,0,0,0,0,0,0,0,2,0,0,0,0,0,1,0,0,0,0,0,4,0,0,0,0,0,0
6-10 Years,Hispanic/Latino,2 Years to < 3 Years,15,0,1,0,7,0,0,0,1,1,0,0,2,0,0,0,0,0,0,0,0,0,0,0,0,0,0,0,0,0,1,0,0,0,0,0,0,0,0,0,0,0,1,0,0,0,1,0,0
6-10 Years,Hispanic/Latino,3 Years to < 5 Years,18,0,0,0,9,0,0,0,0,0,0,0,1,0,0,0,0,0,0,0,1,1,0,0,0,0,0,0,0,0,3,0,0,0,0,0,0,0,0,0,0,0,1,1,0,0,1,0,0
6-10 Years,Hispanic/Latino,5 or More Years,21,0,0,0,7,0,0,0,1,0,0,0,0,0,0,0,0,0,0,1,0,0,0,0,0,3,0,0,0,0,3,0,0,0,0,0,3,0,0,0,0,0,2,0,0,0,1,0,0
6-10 Years,"Asian, Non-Hispanic",All Time,28,0,0,0,10,0,0,0,0,0,0,0,2,0,0,0,0,0,0,0,1,0,3,0,0,0,0,0,1,0,3,0,0,0,0,0,3,0,0,0,0,2,2,0,0,0,0,0,1
6-10 Years,"Asian, Non-Hispanic",< 30 Days,4,0,0,0,2,0,0,0,0,0,0,0,0,0,0,0,0,0,0,0,0,0,0,0,0,0,0,0,0,0,2,0,0,0,0,0,0,0,0,0,0,0,0,0,0,0,0,0,0
6-10 Years,"Asian, Non-Hispanic",30 to < 90 Days,3,0,0,0,1,0,0,0,0,0,0,0,0,0,0,0,0,0,0,0,0,0,1,0,0,0,0,0,0,0,0,0,0,0,0,0,0,0,0,0,0,0,1,0,0,0,0,0,0
6-10 Years,"Asian, Non-Hispanic",6 Months to < 1 Year,4,0,0,0,1,0,0,0,0,0,0,0,0,0,0,0,0,0,0,0,1,0,0,0,0,0,0,0,0,0,0,0,0,0,0,0,1,0,0,0,0,1,0,0,0,0,0,0,0
6-10 Years,"Asian, Non-Hispanic",1 Year to < 2 Years,2,0,0,0,1,0,0,0,0,0,0,0,0,0,0,0,0,0,0,0,0,0,0,0,0,0,0,0,0,0,0,0,0,0,0,0,0,0,0,0,0,1,0,0,0,0,0,0,0
6-10 Years,"Asian, Non-Hispanic",2 Years to < 3 Years,5,0,0,0,1,0,0,0,0,0,0,0,1,0,0,0,0,0,0,0,0,0,1,0,0,0,0,0,0,0,0,0,0,0,0,0,1,0,0,0,0,0,0,0,0,0,0,0,1
6-10 Years,"Asian, Non-Hispanic",3 Years to < 5 Years,2,0,0,0,2,0,0,0,0,0,0,0,0,0,0,0,0,0,0,0,0,0,0,0,0,0,0,0,0,0,0,0,0,0,0,0,0,0,0,0,0,0,0,0,0,0,0,0,0
6-10 Years,"Asian, Non-Hispanic",5 or More Years,8,0,0,0,2,0,0,0,0,0,0,0,1,0,0,0,0,0,0,0,0,0,1,0,0,0,0,0,1,0,1,0,0,0,0,0,1,0,0,0,0,0,1,0,0,0,0,0,0
6-10 Years,"American Indian/Alaska Native, Non-Hispanic",All Time,2,0,0,0,0,1,0,0,0,0,0,0,0,0,0,0,0,0,0,0,0,0,0,0,0,0,0,0,0,0,0,0,0,0,0,0,0,0,0,0,0,0,0,0,0,1,0,0,0
6-10 Years,"American Indian/Alaska Native, Non-Hispanic",1 Year to < 2 Years,1,0,0,0,0,1,0,0,0,0,0,0,0,0,0,0,0,0,0,0,0,0,0,0,0,0,0,0,0,0,0,0,0,0,0,0,0,0,0,0,0,0,0,0,0,0,0,0,0
6-10 Years,"American Indian/Alaska Native, Non-Hispanic",3 Years to < 5 Years,1,0,0,0,0,0,0,0,0,0,0,0,0,0,0,0,0,0,0,0,0,0,0,0,0,0,0,0,0,0,0,0,0,0,0,0,0,0,0,0,0,0,0,0,0,1,0,0,0
6-10 Years,"Pacific Islander, Non-Hispanic",All Time,3,0,0,0,2,0,0,0,0,0,0,0,0,0,0,0,0,0,0,0,0,0,0,0,0,0,0,0,0,0,0,0,0,0,0,0,0,0,0,0,0,0,0,0,0,0,1,0,0
6-10 Years,"Pacific Islander, Non-Hispanic",6 Months to < 1 Year,1,0,0,0,1,0,0,0,0,0,0,0,0,0,0,0,0,0,0,0,0,0,0,0,0,0,0,0,0,0,0,0,0,0,0,0,0,0,0,0,0,0,0,0,0,0,0,0,0
6-10 Years,"Pacific Islander, Non-Hispanic",1 Year to < 2 Years,1,0,0,0,0,0,0,0,0,0,0,0,0,0,0,0,0,0,0,0,0,0,0,0,0,0,0,0,0,0,0,0,0,0,0,0,0,0,0,0,0,0,0,0,0,0,1,0,0
6-10 Years,"Pacific Islander, Non-Hispanic",3 Years to < 5 Years,1,0,0,0,1,0,0,0,0,0,0,0,0,0,0,0,0,0,0,0,0,0,0,0,0,0,0,0,0,0,0,0,0,0,0,0,0,0,0,0,0,0,0,0,0,0,0,0,0
6-10 Years,"Multiracial, Non-Hispanic",All Time,18,0,0,0,4,0,0,0,1,1,0,0,2,0,1,0,0,0,0,0,1,0,1,0,1,0,0,0,0,0,0,1,0,0,0,0,0,0,0,0,0,1,1,1,0,0,2,0,0
6-10 Years,"Multiracial, Non-Hispanic",< 30 Days,3,0,0,0,1,0,0,0,0,0,0,0,0,0,0,0,0,0,0,0,1,0,0,0,0,0,0,0,0,0,0,0,0,0,0,0,0,0,0,0,0,1,0,0,0,0,0,0,0
6-10 Years,"Multiracial, Non-Hispanic",90 Days to < 6 Months,1,0,0,0,0,0,0,0,0,0,0,0,0,0,1,0,0,0,0,0,0,0,0,0,0,0,0,0,0,0,0,0,0,0,0,0,0,0,0,0,0,0,0,0,0,0,0,0,0
6-10 Years,"Multiracial, Non-Hispanic",6 Months to < 1 Year,4,0,0,0,1,0,0,0,0,0,0,0,1,0,0,0,0,0,0,0,0,0,1,0,1,0,0,0,0,0,0,0,0,0,0,0,0,0,0,0,0,0,0,0,0,0,0,0,0
6-10 Years,"Multiracial, Non-Hispanic",1 Year to < 2 Years,3,0,0,0,0,0,0,0,1,1,0,0,0,0,0,0,0,0,0,0,0,0,0,0,0,0,0,0,0,0,0,0,0,0,0,0,0,0,0,0,0,0,0,1,0,0,0,0,0
6-10 Years,"Multiracial, Non-Hispanic",2 Years to < 3 Years,3,0,0,0,1,0,0,0,0,0,0,0,0,0,0,0,0,0,0,0,0,0,0,0,0,0,0,0,0,0,0,0,0,0,0,0,0,0,0,0,0,0,1,0,0,0,1,0,0
6-10 Years,"Multiracial, Non-Hispanic",3 Years to < 5 Years,2,0,0,0,0,0,0,0,0,0,0,0,1,0,0,0,0,0,0,0,0,0,0,0,0,0,0,0,0,0,0,0,0,0,0,0,0,0,0,0,0,0,0,0,0,0,1,0,0
6-10 Years,"Multiracial, Non-Hispanic",5 or More Years,2,0,0,0,1,0,0,0,0,0,0,0,0,0,0,0,0,0,0,0,0,0,0,0,0,0,0,0,0,0,0,1,0,0,0,0,0,0,0,0,0,0,0,0,0,0,0,0,0
11-17 Years,All Ethnicities,All Time,968,11,11,5,244,20,5,3,33,35,29,0,45,7,2,0,8,9,1,7,27,9,38,0,17,8,0,3,25,3,73,33,0,45,1,1,48,0,1,4,0,11,61,10,0,35,30,0,10
11-17 Years,All Ethnicities,< 30 Days,57,0,0,0,10,4,1,1,0,3,2,0,4,2,0,0,0,3,0,0,0,2,1,0,2,1,0,1,2,0,2,3,0,2,0,0,1,0,0,0,0,3,5,1,0,0,1,0,0
11-17 Years,All Ethnicities,30 to < 90 Days,139,3,3,0,24,4,2,0,4,6,4,0,6,4,0,0,1,1,1,1,5,2,3,0,4,0,0,1,3,0,12,5,0,7,0,1,8,0,0,1,0,1,14,0,0,4,2,0,2
11-17 Years,All Ethnicities,90 Days to < 6 Months,121,2,2,2,19,5,1,1,10,1,5,0,4,0,0,0,1,1,0,0,5,1,6,0,2,0,0,1,2,1,9,7,0,5,0,0,6,0,0,1,0,0,8,3,0,5,3,0,2
11-17 Years,All Ethnicities,6 Months to < 1 Year,168,3,2,1,39,5,0,0,6,6,5,0,6,0,2,0,2,1,0,1,1,2,9,0,3,0,0,0,6,0,14,6,0,10,0,0,13,0,0,0,0,2,9,2,0,2,7,0,3
11-17 Years,All Ethnicities,1 Year to < 2 Years,177,1,3,1,49,1,1,1,7,6,6,0,11,1,0,0,2,2,0,1,8,0,7,0,2,0,0,0,5,0,10,7,0,7,0,0,7,0,0,2,0,4,9,2,0,4,8,0,2
11-17 Years,All Ethnicities,2 Years to < 3 Years,94,0,0,1,25,1,0,0,0,7,1,0,3,0,0,0,1,1,0,0,3,1,5,0,2,3,0,0,1,2,10,2,0,3,1,0,3,0,1,0,0,1,6,1,0,8,1,0,0
11-17 Years,All Ethnicities,3 Years to < 5 Years,84,1,1,0,31,0,0,0,1,5,0,0,4,0,0,0,0,0,0,1,1,0,6,0,0,0,0,0,1,0,8,1,0,0,0,0,6,0,0,0,0,0,6,1,0,9,1,0,0
11-17 Years,All Ethnicities,5 or More Years,128,1,0,0,47,0,0,0,5,1,6,0,7,0,0,0,1,0,0,3,4,1,1,0,2,4,0,0,5,0,8,2,0,11,0,0,4,0,0,0,0,0,4,0,0,3,7,0,1
11-17 Years,"White, Non-Hispanic",All Time,401,6,1,3,75,13,2,2,16,9,7,0,16,5,0,0,7,1,1,4,13,5,30,0,8,5,0,3,5,1,22,15,0,34,0,0,24,0,1,2,0,5,19,8,0,17,11,0,5
11-17 Years,"White, Non-Hispanic",< 30 Days,22,0,0,0,1,2,0,1,0,2,1,0,1,2,0,0,0,1,0,0,0,1,0,0,1,1,0,1,0,0,0,2,0,2,0,0,1,0,0,0,0,1,1,0,0,0,0,0,0
11-17 Years,"White, Non-Hispanic",30 to < 90 Days,63,2,1,0,7,3,1,0,1,3,1,0,1,3,0,0,1,0,1,1,2,1,3,0,2,0,0,1,2,0,5,2,0,7,0,0,5,0,0,1,0,1,4,0,0,0,0,0,1
11-17 Years,"White, Non-Hispanic",90 Days to < 6 Months,46,1,0,0,5,3,1,1,6,0,1,0,2,0,0,0,1,0,0,0,2,0,5,0,1,0,0,1,0,0,1,2,0,4,0,0,2,0,0,1,0,0,1,2,0,2,0,0,1
11-17 Years,"White, Non-Hispanic",6 Months to < 1 Year,76,2,0,1,12,3,0,0,5,2,1,0,2,0,0,0,2,0,0,1,0,2,6,0,0,0,0,0,0,0,7,3,0,8,0,0,6,0,0,0,0,2,4,2,0,1,2,0,2
11-17 Years,"White, Non-Hispanic",1 Year to < 2 Years,77,1,0,1,19,1,0,0,4,0,2,0,4,0,0,0,1,0,0,0,5,0,6,0,1,0,0,0,1,0,5,5,0,4,0,0,3,0,0,0,0,1,3,2,0,2,5,0,1
11-17 Years,"White, Non-Hispanic",2 Years to < 3 Years,41,0,0,1,7,1,0,0,0,2,0,0,2,0,0,0,1,0,0,0,1,1,3,0,1,3,0,0,0,1,1,1,0,2,0,0,2,0,1,0,0,0,2,1,0,6,1,0,0
11-17 Years,"White, Non-Hispanic",3 Years to < 5 Years,37,0,0,0,14,0,0,0,0,0,0,0,2,0,0,0,0,0,0,1,0,0,6,0,0,0,0,0,0,0,0,0,0,0,0,0,2,0,0,0,0,0,4,1,0,6,1,0,0
11-17 Years,"White, Non-Hispanic",5 or More Years,39,0,0,0,10,0,0,0,0,0,1,0,2,0,0,0,1,0,0,1,3,0,1,0,2,1,0,0,2,0,3,0,0,7,0,0,3,0,0,0,0,0,0,0,0,0,2,0,0
11-17 Years,"Black, Non-Hispanic",All Time,191,4,1,1,23,1,0,0,8,14,15,0,8,1,1,0,0,7,0,2,2,3,1,0,6,3,0,0,4,0,20,11,0,9,0,0,11,0,0,1,0,4,11,1,0,14,2,0,2
11-17 Years,"Black, Non-Hispanic",< 30 Days,8,0,0,0,1,0,0,0,0,1,1,0,0,0,0,0,0,1,0,0,0,1,0,0,0,0,0,0,0,0,0,0,0,0,0,0,0,0,0,0,0,1,1,0,0,0,1,0,0
11-17 Years,"Black, Non-Hispanic",30 to < 90 Days,14,1,0,0,1,0,0,0,0,1,1,0,0,0,0,0,0,1,0,0,0,1,0,0,1,0,0,0,0,0,3,0,0,0,0,0,0,0,0,0,0,0,2,0,0,1,0,0,1
11-17 Years,"Black, Non-Hispanic",90 Days to < 6 Months,28,0,0,1,0,1,0,0,2,1,3,0,0,0,0,0,0,1,0,0,1,0,0,0,1,0,0,0,0,0,4,4,0,1,0,0,1,0,0,0,0,0,3,1,0,3,0,0,0
11-17 Years,"Black, Non-Hispanic",6 Months to < 1 Year,31,1,0,0,2,0,0,0,1,3,3,0,1,0,1,0,0,1,0,0,0,0,1,0,2,0,0,0,1,0,3,2,0,1,0,0,3,0,0,0,0,0,2,0,0,1,1,0,1
11-17 Years,"Black, Non-Hispanic",1 Year to < 2 Years,37,0,1,0,4,0,0,0,1,4,2,0,3,1,0,0,0,2,0,1,1,0,0,0,1,0,0,0,1,0,2,2,0,2,0,0,2,0,0,1,0,2,2,0,0,2,0,0,0
11-17 Years,"Black, Non-Hispanic",2 Years to < 3 Years,19,0,0,0,6,0,0,0,0,2,1,0,0,0,0,0,0,1,0,0,0,0,0,0,1,0,0,0,1,0,2,1,0,1,0,0,0,0,0,0,0,1,0,0,0,2,0,0,0
11-17 Years,"Black, Non-Hispanic",3 Years to < 5 Years,17,1,0,0,1,0,0,0,1,2,0,0,0,0,0,0,0,0,0,0,0,0,0,0,0,0,0,0,1,0,3,1,0,0,0,0,4,0,0,0,0,0,0,0,0,3,0,0,0
11-17 Years,"Black, Non-Hispanic",5 or More Years,37,1,0,0,8,0,0,0,3,0,4,0,4,0,0,0,0,0,0,1,0,1,0,0,0,3,0,0,0,0,3,1,0,4,0,0,1,0,0,0,0,0,1,0,0,2,0,0,0
11-17 Years,Hispanic/Latino,All Time,294,1,5,1,118,5,2,1,7,9,5,0,18,1,0,0,1,1,0,1,11,0,3,0,2,0,0,0,13,1,26,5,0,1,0,1,10,0,0,1,0,2,28,1,0,3,9,0,1
11-17 Years,Hispanic/Latino,< 30 Days,21,0,0,0,7,2,0,0,0,0,0,0,2,0,0,0,0,1,0,0,0,0,0,0,0,0,0,0,2,0,2,1,0,0,0,0,0,0,0,0,0,1,2,1,0,0,0,0,0
11-17 Years,Hispanic/Latino,30 to < 90 Days,52,0,1,0,14,1,1,0,3,2,2,0,5,1,0,0,0,0,0,0,2,0,0,0,1,0,0,0,0,0,2,2,0,0,0,1,2,0,0,0,0,0,7,0,0,3,2,0,0
11-17 Years,Hispanic/Latino,90 Days to < 6 Months,36,1,2,1,12,1,0,0,1,0,1,0,2,0,0,0,0,0,0,0,2,0,0,0,0,0,0,0,1,1,4,1,0,0,0,0,1,0,0,0,0,0,4,0,0,0,1,0,0
11-17 Years,Hispanic/Latino,6 Months to < 1 Year,43,0,0,0,17,1,0,0,0,1,0,0,2,0,0,0,0,0,0,0,1,0,2,0,1,0,0,0,5,0,3,1,0,1,0,0,4,0,0,0,0,0,3,0,0,0,1,0,0
11-17 Years,Hispanic/Latino,1 Year to < 2 Years,47,0,1,0,20,0,1,1,1,1,2,0,3,0,0,0,1,0,0,0,2,0,0,0,0,0,0,0,3,0,2,0,0,0,0,0,2,0,0,1,0,1,3,0,0,0,1,0,1
11-17 Years,Hispanic/Latino,2 Years to < 3 Years,30,0,0,0,11,0,0,0,0,3,0,0,1,0,0,0,0,0,0,0,2,0,1,0,0,0,0,0,0,0,7,0,0,0,0,0,1,0,0,0,0,0,4,0,0,0,0,0,0
11-17 Years,Hispanic/Latino,3 Years to < 5 Years,23,0,1,0,11,0,0,0,0,1,0,0,2,0,0,0,0,0,0,0,1,0,0,0,0,0,0,0,0,0,5,0,0,0,0,0,0,0,0,0,0,0,2,0,0,0,0,0,0
11-17 Years,Hispanic/Latino,5 or More Years,42,0,0,0,26,0,0,0,2,1,0,0,1,0,0,0,0,0,0,1,1,0,0,0,0,0,0,0,2,0,1,0,0,0,0,0,0,0,0,0,0,0,3,0,0,0,4,0,0
11-17 Years,"Asian, Non-Hispanic",All Time,52,0,1,0,17,1,0,0,2,2,2,0,2,0,1,0,0,0,0,0,1,0,3,0,1,0,0,0,2,0,3,1,0,0,0,0,3,0,0,0,0,0,3,0,0,1,4,0,2
11-17 Years,"Asian, Non-Hispanic",< 30 Days,5,0,0,0,1,0,0,0,0,0,0,0,1,0,0,0,0,0,0,0,0,0,1,0,1,0,0,0,0,0,0,0,0,0,0,0,0,0,0,0,0,0,1,0,0,0,0,0,0
11-17 Years,"Asian, Non-Hispanic",30 to < 90 Days,4,0,0,0,0,0,0,0,0,0,0,0,0,0,0,0,0,0,0,0,1,0,0,0,0,0,0,0,0,0,1,0,0,0,0,0,1,0,0,0,0,0,1,0,0,0,0,0,0
11-17 Years,"Asian, Non-Hispanic",90 Days to < 6 Months,8,0,0,0,1,0,0,0,1,0,0,0,0,0,0,0,0,0,0,0,0,0,0,0,0,0,0,0,1,0,0,0,0,0,0,0,2,0,0,0,0,0,0,0,0,0,2,0,1
11-17 Years,"Asian, Non-Hispanic",6 Months to < 1 Year,13,0,1,0,7,1,0,0,0,0,1,0,0,0,1,0,0,0,0,0,0,0,0,0,0,0,0,0,0,0,0,0,0,0,0,0,0,0,0,0,0,0,0,0,0,0,2,0,0
11-17 Years,"Asian, Non-Hispanic",1 Year to < 2 Years,10,0,0,0,4,0,0,0,1,1,0,0,1,0,0,0,0,0,0,0,0,0,1,0,0,0,0,0,0,0,1,0,0,0,0,0,0,0,0,0,0,0,1,0,0,0,0,0,0
11-17 Years,"Asian, Non-Hispanic",2 Years to < 3 Years,1,0,0,0,0,0,0,0,0,0,0,0,0,0,0,0,0,0,0,0,0,0,1,0,0,0,0,0,0,0,0,0,0,0,0,0,0,0,0,0,0,0,0,0,0,0,0,0,0
11-17 Years,"Asian, Non-Hispanic",3 Years to < 5 Years,3,0,0,0,2,0,0,0,0,1,0,0,0,0,0,0,0,0,0,0,0,0,0,0,0,0,0,0,0,0,0,0,0,0,0,0,0,0,0,0,0,0,0,0,0,0,0,0,0
11-17 Years,"Asian, Non-Hispanic",5 or More Years,8,0,0,0,2,0,0,0,0,0,1,0,0,0,0,0,0,0,0,0,0,0,0,0,0,0,0,0,1,0,1,1,0,0,0,0,0,0,0,0,0,0,0,0,0,1,0,0,1
11-17 Years,"American Indian/Alaska Native, Non-Hispanic",All Time,6,0,1,0,2,0,0,0,0,0,0,0,0,0,0,0,0,0,0,0,0,0,1,0,0,0,0,0,0,1,0,0,0,0,0,0,0,0,0,0,0,0,0,0,0,0,1,0,0
11-17 Years,"American Indian/Alaska Native, Non-Hispanic",90 Days to < 6 Months,1,0,0,0,0,0,0,0,0,0,0,0,0,0,0,0,0,0,0,0,0,0,1,0,0,0,0,0,0,0,0,0,0,0,0,0,0,0,0,0,0,0,0,0,0,0,0,0,0
11-17 Years,"American Indian/Alaska Native, Non-Hispanic",6 Months to < 1 Year,1,0,1,0,0,0,0,0,0,0,0,0,0,0,0,0,0,0,0,0,0,0,0,0,0,0,0,0,0,0,0,0,0,0,0,0,0,0,0,0,0,0,0,0,0,0,0,0,0
11-17 Years,"American Indian/Alaska Native, Non-Hispanic",1 Year to < 2 Years,1,0,0,0,0,0,0,0,0,0,0,0,0,0,0,0,0,0,0,0,0,0,0,0,0,0,0,0,0,0,0,0,0,0,0,0,0,0,0,0,0,0,0,0,0,0,1,0,0
11-17 Years,"American Indian/Alaska Native, Non-Hispanic",2 Years to < 3 Years,1,0,0,0,0,0,0,0,0,0,0,0,0,0,0,0,0,0,0,0,0,0,0,0,0,0,0,0,0,1,0,0,0,0,0,0,0,0,0,0,0,0,0,0,0,0,0,0,0
11-17 Years,"American Indian/Alaska Native, Non-Hispanic",3 Years to < 5 Years,2,0,0,0,2,0,0,0,0,0,0,0,0,0,0,0,0,0,0,0,0,0,0,0,0,0,0,0,0,0,0,0,0,0,0,0,0,0,0,0,0,0,0,0,0,0,0,0,0
11-17 Years,"Pacific Islander, Non-Hispanic",All Time,7,0,1,0,6,0,0,0,0,0,0,0,0,0,0,0,0,0,0,0,0,0,0,0,0,0,0,0,0,0,0,0,0,0,0,0,0,0,0,0,0,0,0,0,0,0,0,0,0
11-17 Years,"Pacific Islander, Non-Hispanic",30 to < 90 Days,3,0,1,0,2,0,0,0,0,0,0,0,0,0,0,0,0,0,0,0,0,0,0,0,0,0,0,0,0,0,0,0,0,0,0,0,0,0,0,0,0,0,0,0,0,0,0,0,0
11-17 Years,"Pacific Islander, Non-Hispanic",90 Days to < 6 Months,1,0,0,0,1,0,0,0,0,0,0,0,0,0,0,0,0,0,0,0,0,0,0,0,0,0,0,0,0,0,0,0,0,0,0,0,0,0,0,0,0,0,0,0,0,0,0,0,0
11-17 Years,"Pacific Islander, Non-Hispanic",1 Year to < 2 Years,2,0,0,0,2,0,0,0,0,0,0,0,0,0,0,0,0,0,0,0,0,0,0,0,0,0,0,0,0,0,0,0,0,0,0,0,0,0,0,0,0,0,0,0,0,0,0,0,0
11-17 Years,"Pacific Islander, Non-Hispanic",5 or More Years,1,0,0,0,1,0,0,0,0,0,0,0,0,0,0,0,0,0,0,0,0,0,0,0,0,0,0,0,0,0,0,0,0,0,0,0,0,0,0,0,0,0,0,0,0,0,0,0,0
11-17 Years,"Multiracial, Non-Hispanic",All Time,17,0,1,0,3,0,1,0,0,1,0,0,1,0,0,0,0,0,0,0,0,1,0,0,0,0,0,0,1,0,2,1,0,1,1,0,0,0,0,0,0,0,0,0,0,0,3,0,0
11-17 Years,"Multiracial, Non-Hispanic",< 30 Days,1,0,0,0,0,0,1,0,0,0,0,0,0,0,0,0,0,0,0,0,0,0,0,0,0,0,0,0,0,0,0,0,0,0,0,0,0,0,0,0,0,0,0,0,0,0,0,0,0
11-17 Years,"Multiracial, Non-Hispanic",30 to < 90 Days,3,0,0,0,0,0,0,0,0,0,0,0,0,0,0,0,0,0,0,0,0,0,0,0,0,0,0,0,1,0,1,1,0,0,0,0,0,0,0,0,0,0,0,0,0,0,0,0,0
11-17 Years,"Multiracial, Non-Hispanic",90 Days to < 6 Months,1,0,0,0,0,0,0,0,0,0,0,0,0,0,0,0,0,0,0,0,0,1,0,0,0,0,0,0,0,0,0,0,0,0,0,0,0,0,0,0,0,0,0,0,0,0,0,0,0
11-17 Years,"Multiracial, Non-Hispanic",6 Months to < 1 Year,4,0,0,0,1,0,0,0,0,0,0,0,1,0,0,0,0,0,0,0,0,0,0,0,0,0,0,0,0,0,1,0,0,0,0,0,0,0,0,0,0,0,0,0,0,0,1,0,0
11-17 Years,"Multiracial, Non-Hispanic",1 Year to < 2 Years,3,0,1,0,0,0,0,0,0,0,0,0,0,0,0,0,0,0,0,0,0,0,0,0,0,0,0,0,0,0,0,0,0,1,0,0,0,0,0,0,0,0,0,0,0,0,1,0,0
11-17 Years,"Multiracial, Non-Hispanic",2 Years to < 3 Years,2,0,0,0,1,0,0,0,0,0,0,0,0,0,0,0,0,0,0,0,0,0,0,0,0,0,0,0,0,0,0,0,0,0,1,0,0,0,0,0,0,0,0,0,0,0,0,0,0
11-17 Years,"Multiracial, Non-Hispanic",3 Years to < 5 Years,2,0,0,0,1,0,0,0,0,1,0,0,0,0,0,0,0,0,0,0,0,0,0,0,0,0,0,0,0,0,0,0,0,0,0,0,0,0,0,0,0,0,0,0,0,0,0,0,0
11-17 Years,"Multiracial, Non-Hispanic",5 or More Years,1,0,0,0,0,0,0,0,0,0,0,0,0,0,0,0,0,0,0,0,0,0,0,0,0,0,0,0,0,0,0,0,0,0,0,0,0,0,0,0,0,0,0,0,0,0,1,0,0
18-34 Years,All Ethnicities,All Time,"9,327",109,128,25,"1,791",93,83,14,92,468,232,19,335,140,67,31,93,152,9,177,301,163,254,26,161,50,42,17,236,24,755,322,10,272,76,68,475,30,29,148,22,223,919,107,10,224,120,16,169
18-34 Years,All Ethnicities,< 30 Days,515,6,10,2,85,3,2,0,9,33,11,2,20,3,4,2,7,8,0,6,13,12,12,0,10,3,1,2,11,2,49,17,1,18,5,6,16,1,2,11,1,13,58,10,1,10,8,0,9
18-34 Years,All Ethnicities,30 to < 90 Days,950,20,13,4,125,20,10,1,8,48,29,0,28,19,13,5,6,13,0,9,21,20,33,2,23,11,5,0,24,4,66,33,2,39,7,8,54,2,1,15,4,25,109,11,1,22,12,4,21
18-34 Years,All Ethnicities,90 Days to < 6 Months,"1,000",17,23,6,141,12,11,2,11,69,20,3,38,19,12,1,17,9,0,27,29,19,31,0,19,10,6,3,21,2,81,29,3,30,9,8,40,5,0,22,3,23,95,14,1,22,11,2,24
18-34 Years,All Ethnicities,6 Months to < 1 Year,"1,647",17,28,2,239,24,17,4,16,85,28,1,47,28,16,7,21,27,2,25,59,30,41,2,26,13,14,0,49,2,128,68,1,43,18,16,90,6,2,36,1,46,189,28,0,52,26,4,23
18-34 Years,All Ethnicities,1 Year to < 2 Years,"2,095",21,26,5,346,18,15,1,21,109,65,3,90,37,12,9,20,42,5,43,74,46,44,10,36,11,9,4,42,3,147,88,0,65,21,19,111,8,7,30,9,54,228,23,3,43,27,2,43
18-34 Years,All Ethnicities,2 Years to < 3 Years,"1,179",7,14,2,252,5,9,2,7,52,30,1,46,13,5,5,4,25,1,21,40,20,39,4,21,1,5,2,31,1,98,38,0,40,10,5,65,4,5,16,1,26,121,14,0,35,10,2,24
18-34 Years,All Ethnicities,3 Years to < 5 Years,"1,190",15,7,2,347,8,9,4,13,44,33,7,45,20,5,2,15,18,1,29,38,10,25,5,15,0,1,2,33,5,101,30,2,27,4,5,62,4,7,10,2,25,83,6,3,29,16,2,14
18-34 Years,All Ethnicities,5 or More Years,751,6,7,2,256,3,10,0,7,28,16,2,21,1,0,0,3,10,0,17,27,6,29,3,11,1,1,4,25,5,85,19,1,10,2,1,37,0,5,8,1,11,36,1,1,11,10,0,11
18-34 Years,"White, Non-Hispanic",All Time,"3,265",54,41,12,364,38,29,5,21,153,57,0,117,76,44,19,63,40,7,52,162,89,150,3,97,26,3,16,58,3,212,98,7,166,32,40,222,0,10,35,15,95,210,56,7,87,70,12,92
18-34 Years,"White, Non-Hispanic",< 30 Days,187,3,2,2,22,2,0,0,1,6,3,0,11,2,2,2,4,3,0,1,8,8,8,0,6,1,0,2,5,1,13,5,1,11,2,5,9,0,1,4,0,7,6,3,0,5,3,0,7
18-34 Years,"White, Non-Hispanic",30 to < 90 Days,388,15,3,2,34,12,5,0,1,16,9,0,10,11,6,1,4,6,0,1,12,9,22,0,13,7,0,0,3,0,17,14,1,30,2,6,32,0,0,4,4,10,32,7,1,5,6,3,12
18-34 Years,"White, Non-Hispanic",90 Days to < 6 Months,391,10,11,1,29,3,2,1,3,25,5,0,11,13,6,1,13,2,0,6,17,14,21,0,13,3,0,3,4,0,26,5,3,20,4,4,25,0,0,4,1,8,25,11,1,11,8,1,17
18-34 Years,"White, Non-Hispanic",6 Months to < 1 Year,549,8,9,2,43,9,10,1,3,16,7,0,17,9,12,4,15,4,1,8,30,18,24,0,17,8,3,0,12,0,26,21,1,26,8,8,43,0,0,8,1,18,40,11,0,19,15,4,10
18-34 Years,"White, Non-Hispanic",1 Year to < 2 Years,719,8,8,3,57,8,6,1,4,49,12,0,21,19,10,6,13,11,5,17,36,21,27,1,24,5,0,4,11,1,38,26,0,40,9,11,45,0,2,7,7,18,61,11,3,12,15,2,24
18-34 Years,"White, Non-Hispanic",2 Years to < 3 Years,401,2,4,0,53,1,3,0,2,21,10,0,18,8,4,4,2,4,1,8,23,9,22,0,7,1,0,2,8,0,34,11,0,23,4,2,29,0,2,1,1,12,24,7,0,18,6,2,8
18-34 Years,"White, Non-Hispanic",3 Years to < 5 Years,372,6,2,0,65,3,1,2,4,11,6,0,20,13,4,1,9,5,0,8,20,6,12,2,11,0,0,2,7,0,28,8,1,10,2,3,27,0,3,4,0,15,15,6,1,12,10,0,7
18-34 Years,"White, Non-Hispanic",5 or More Years,258,2,2,2,61,0,2,0,3,9,5,0,9,1,0,0,3,5,0,3,16,4,14,0,6,1,0,3,8,1,30,8,0,6,1,1,12,0,2,3,1,7,7,0,1,5,7,0,7
18-34 Years,"Black, Non-Hispanic",All Time,"2,503",52,13,10,147,5,26,6,46,155,140,0,89,42,14,5,23,105,1,90,45,47,45,22,37,7,8,0,92,0,266,149,1,90,13,2,165,0,4,95,0,106,198,6,1,100,4,4,27
18-34 Years,"Black, Non-Hispanic",< 30 Days,131,3,0,0,8,0,1,0,5,10,7,0,4,1,2,0,3,5,0,5,0,3,2,0,2,0,0,0,2,0,19,10,0,5,1,0,3,0,1,5,0,6,13,2,1,0,1,0,1
18-34 Years,"Black, Non-Hispanic",30 to < 90 Days,257,4,2,2,12,1,3,1,5,16,18,0,11,4,3,2,2,7,0,4,4,7,5,2,4,0,1,0,11,0,28,14,0,7,1,0,15,0,0,7,0,12,22,1,0,15,0,1,3
18-34 Years,"Black, Non-Hispanic",90 Days to < 6 Months,270,7,4,4,22,1,5,1,8,22,9,0,10,5,3,0,4,6,0,12,5,2,7,0,2,3,1,0,8,0,24,14,0,9,2,0,12,0,0,13,0,9,20,0,0,8,1,1,6
18-34 Years,"Black, Non-Hispanic",6 Months to < 1 Year,465,8,3,0,13,1,5,2,7,32,13,0,12,12,3,1,5,21,1,13,11,8,4,2,6,4,2,0,19,0,60,30,0,15,3,1,28,0,0,26,0,24,39,2,0,26,1,0,2
18-34 Years,"Black, Non-Hispanic",1 Year to < 2 Years,584,13,1,1,30,1,2,0,9,31,47,0,27,15,2,0,5,28,0,21,9,16,7,8,8,0,2,0,14,0,56,38,0,21,2,0,45,0,2,22,0,29,43,1,0,22,0,0,6
18-34 Years,"Black, Non-Hispanic",2 Years to < 3 Years,307,5,1,1,23,1,1,1,1,18,14,0,6,3,0,1,1,20,0,7,5,6,4,4,10,0,2,0,13,0,26,22,0,13,4,1,22,0,0,13,0,12,29,0,0,10,0,0,7
18-34 Years,"Black, Non-Hispanic",3 Years to < 5 Years,295,8,2,2,16,0,4,1,7,19,21,0,12,2,1,1,3,13,0,16,6,3,8,3,2,0,0,0,18,0,30,13,0,16,0,0,18,0,1,4,0,10,18,0,0,14,0,2,1
18-34 Years,"Black, Non-Hispanic",5 or More Years,194,4,0,0,23,0,5,0,4,7,11,0,7,0,0,0,0,5,0,12,5,2,8,3,3,0,0,0,7,0,23,8,1,4,0,0,22,0,0,5,0,4,14,0,0,5,1,0,1
18-34 Years,Hispanic/Latino,All Time,"2,715",3,59,2,"1,000",41,26,3,14,132,25,1,113,16,8,5,3,4,0,26,63,14,25,0,14,11,26,0,66,18,198,40,0,12,10,19,65,30,12,17,3,13,468,32,1,27,24,0,26
18-34 Years,Hispanic/Latino,< 30 Days,147,0,7,0,47,1,1,0,3,13,1,1,2,0,0,0,0,0,0,0,2,0,1,0,1,1,0,0,4,1,10,1,0,1,1,0,2,1,0,1,0,0,35,4,0,3,2,0,0
18-34 Years,Hispanic/Latino,30 to < 90 Days,230,1,7,0,61,5,2,0,0,13,1,0,6,3,4,2,0,0,0,3,5,1,4,0,4,1,4,0,9,3,11,3,0,1,0,1,5,2,1,4,0,2,50,0,0,2,4,0,5
18-34 Years,Hispanic/Latino,90 Days to < 6 Months,260,0,7,1,70,6,4,0,0,15,3,0,16,0,3,0,0,1,0,5,4,0,2,0,2,3,5,0,8,2,21,6,0,1,2,3,3,5,0,5,1,4,47,1,0,2,1,0,1
18-34 Years,Hispanic/Latino,6 Months to < 1 Year,483,1,13,0,137,14,2,1,6,32,5,0,13,5,0,2,0,1,0,2,12,3,8,0,2,1,7,0,15,2,28,10,0,2,1,5,17,6,2,2,0,2,99,12,0,6,4,0,3
18-34 Years,Hispanic/Latino,1 Year to < 2 Years,595,0,13,1,197,8,5,0,2,27,6,0,40,2,0,1,1,2,0,4,20,5,3,0,2,5,5,0,10,2,39,12,0,2,3,6,14,8,3,1,1,5,110,9,0,7,7,0,7
18-34 Years,Hispanic/Latino,2 Years to < 3 Years,354,0,5,0,131,3,5,1,2,8,4,0,20,2,1,0,1,0,0,5,8,5,5,0,2,0,3,0,6,1,29,2,0,4,1,2,11,4,2,2,0,0,64,5,0,4,1,0,5
18-34 Years,Hispanic/Latino,3 Years to < 5 Years,402,1,3,0,211,1,4,1,1,12,5,0,11,4,0,0,1,0,0,5,9,0,0,0,0,0,1,0,6,4,34,5,0,1,1,2,11,4,2,2,1,0,48,0,1,2,5,0,3
18-34 Years,Hispanic/Latino,5 or More Years,244,0,4,0,146,3,3,0,0,12,0,0,5,0,0,0,0,0,0,2,3,0,2,0,1,0,1,0,8,3,26,1,0,0,1,0,2,0,2,0,0,0,15,1,0,1,0,0,2
18-34 Years,"Asian, Non-Hispanic",All Time,602,0,6,0,214,3,1,0,10,22,9,5,15,6,1,1,3,2,0,8,25,8,31,0,9,5,5,0,20,0,64,16,0,1,2,4,21,0,2,0,1,5,37,0,1,8,13,0,18
18-34 Years,"Asian, Non-Hispanic",< 30 Days,36,0,1,0,5,0,0,0,0,4,0,1,3,0,0,0,0,0,0,0,3,0,1,0,1,1,1,0,0,0,6,0,0,1,0,0,2,0,0,0,0,0,2,0,0,2,1,0,1
18-34 Years,"Asian, Non-Hispanic",30 to < 90 Days,49,0,1,0,14,1,0,0,2,2,1,0,1,1,0,0,0,0,0,1,0,1,2,0,2,2,0,0,1,0,6,0,0,0,1,1,2,0,0,0,0,1,4,0,0,0,1,0,1
18-34 Years,"Asian, Non-Hispanic",90 Days to < 6 Months,64,0,0,0,19,1,0,0,0,6,3,1,1,1,0,0,0,0,0,4,2,2,1,0,2,1,0,0,1,0,9,3,0,0,1,1,0,0,0,0,0,1,3,0,0,1,0,0,0
18-34 Years,"Asian, Non-Hispanic",6 Months to < 1 Year,113,0,2,0,35,0,0,0,0,3,3,1,5,2,1,0,1,1,0,1,6,1,5,0,1,0,2,0,3,0,11,3,0,0,0,1,2,0,0,0,0,1,10,0,0,0,4,0,8
18-34 Years,"Asian, Non-Hispanic",1 Year to < 2 Years,145,0,0,0,50,0,1,0,5,2,0,0,2,1,0,1,1,0,0,1,6,3,7,0,2,1,2,0,7,0,13,7,0,0,0,1,6,0,0,0,0,2,14,0,0,2,4,0,4
18-34 Years,"Asian, Non-Hispanic",2 Years to < 3 Years,73,0,2,0,28,0,0,0,2,3,2,0,1,0,0,0,0,1,0,1,4,0,7,0,0,0,0,0,4,0,7,1,0,0,0,0,2,0,0,0,0,0,3,0,0,3,1,0,1
18-34 Years,"Asian, Non-Hispanic",3 Years to < 5 Years,81,0,0,0,44,1,0,0,1,2,0,0,2,1,0,0,1,0,0,0,2,1,4,0,1,0,0,0,2,0,6,1,0,0,0,0,6,0,1,0,1,0,1,0,1,0,0,0,2
18-34 Years,"Asian, Non-Hispanic",5 or More Years,41,0,0,0,19,0,0,0,0,0,0,2,0,0,0,0,0,0,0,0,2,0,4,0,0,0,0,0,2,0,6,1,0,0,0,0,1,0,1,0,0,0,0,0,0,0,2,0,1
18-34 Years,"American Indian/Alaska Native, Non-Hispanic",All Time,79,0,8,0,12,5,0,0,1,0,0,0,0,0,0,0,0,1,1,1,1,1,2,1,1,0,0,1,0,3,4,6,2,0,15,0,0,0,0,0,3,0,0,4,0,0,2,0,4
18-34 Years,"American Indian/Alaska Native, Non-Hispanic",< 30 Days,2,0,0,0,0,0,0,0,0,0,0,0,0,0,0,0,0,0,0,0,0,0,0,0,0,0,0,0,0,0,0,0,0,0,0,0,0,0,0,0,1,0,0,1,0,0,0,0,0
18-34 Years,"American Indian/Alaska Native, Non-Hispanic",30 to < 90 Days,12,0,0,0,3,1,0,0,0,0,0,0,0,0,0,0,0,0,0,0,0,1,0,0,0,0,0,0,0,1,1,0,1,0,3,0,0,0,0,0,0,0,0,0,0,0,1,0,0
18-34 Years,"American Indian/Alaska Native, Non-Hispanic",90 Days to < 6 Months,5,0,1,0,1,1,0,0,0,0,0,0,0,0,0,0,0,0,0,0,0,0,0,0,0,0,0,0,0,0,0,1,0,0,0,0,0,0,0,0,1,0,0,0,0,0,0,0,0
18-34 Years,"American Indian/Alaska Native, Non-Hispanic",6 Months to < 1 Year,12,0,0,0,3,0,0,0,0,0,0,0,0,0,0,0,0,0,0,1,0,0,0,0,0,0,0,0,0,0,1,0,0,0,5,0,0,0,0,0,0,0,0,2,0,0,0,0,0
18-34 Years,"American Indian/Alaska Native, Non-Hispanic",1 Year to < 2 Years,19,0,4,0,0,0,0,0,1,0,0,0,0,0,0,0,0,1,0,0,1,0,0,1,0,0,0,0,0,0,0,3,0,0,6,0,0,0,0,0,1,0,0,0,0,0,0,0,1
18-34 Years,"American Indian/Alaska Native, Non-Hispanic",2 Years to < 3 Years,13,0,2,0,4,0,0,0,0,0,0,0,0,0,0,0,0,0,0,0,0,0,1,0,0,0,0,0,0,0,1,1,0,0,0,0,0,0,0,0,0,0,0,1,0,0,0,0,3
18-34 Years,"American Indian/Alaska Native, Non-Hispanic",3 Years to < 5 Years,11,0,0,0,1,3,0,0,0,0,0,0,0,0,0,0,0,0,1,0,0,0,1,0,0,0,0,0,0,1,1,0,1,0,1,0,0,0,0,0,0,0,0,0,0,0,1,0,0
18-34 Years,"American Indian/Alaska Native, Non-Hispanic",5 or More Years,5,0,1,0,0,0,0,0,0,0,0,0,0,0,0,0,0,0,0,0,0,0,0,0,1,0,0,1,0,1,0,1,0,0,0,0,0,0,0,0,0,0,0,0,0,0,0,0,0
18-34 Years,"Pacific Islander, Non-Hispanic",All Time,53,0,0,0,20,1,0,0,0,1,0,7,0,0,0,0,0,0,0,0,1,1,0,0,0,0,0,0,0,0,0,2,0,2,1,1,1,0,0,1,0,1,2,5,0,0,6,0,0
18-34 Years,"Pacific Islander, Non-Hispanic",< 30 Days,2,0,0,0,0,0,0,0,0,0,0,0,0,0,0,0,0,0,0,0,0,0,0,0,0,0,0,0,0,0,0,0,0,0,0,0,0,0,0,1,0,0,0,0,0,0,1,0,0
18-34 Years,"Pacific Islander, Non-Hispanic",30 to < 90 Days,6,0,0,0,0,0,0,0,0,0,0,0,0,0,0,0,0,0,0,0,0,0,0,0,0,0,0,0,0,0,0,1,0,1,0,0,0,0,0,0,0,0,1,3,0,0,0,0,0
18-34 Years,"Pacific Islander, Non-Hispanic",90 Days to < 6 Months,1,0,0,0,0,0,0,0,0,0,0,0,0,0,0,0,0,0,0,0,0,0,0,0,0,0,0,0,0,0,0,0,0,0,0,0,0,0,0,0,0,0,0,1,0,0,0,0,0
18-34 Years,"Pacific Islander, Non-Hispanic",6 Months to < 1 Year,6,0,0,0,2,0,0,0,0,0,0,0,0,0,0,0,0,0,0,0,0,0,0,0,0,0,0,0,0,0,0,0,0,0,1,1,0,0,0,0,0,0,0,0,0,0,2,0,0
18-34 Years,"Pacific Islander, Non-Hispanic",1 Year to < 2 Years,17,0,0,0,6,1,0,0,0,0,0,3,0,0,0,0,0,0,0,0,1,1,0,0,0,0,0,0,0,0,0,1,0,1,0,0,1,0,0,0,0,0,0,1,0,0,1,0,0
18-34 Years,"Pacific Islander, Non-Hispanic",2 Years to < 3 Years,12,0,0,0,6,0,0,0,0,1,0,1,0,0,0,0,0,0,0,0,0,0,0,0,0,0,0,0,0,0,0,0,0,0,0,0,0,0,0,0,0,1,1,0,0,0,2,0,0
18-34 Years,"Pacific Islander, Non-Hispanic",3 Years to < 5 Years,6,0,0,0,3,0,0,0,0,0,0,3,0,0,0,0,0,0,0,0,0,0,0,0,0,0,0,0,0,0,0,0,0,0,0,0,0,0,0,0,0,0,0,0,0,0,0,0,0
18-34 Years,"Pacific Islander, Non-Hispanic",5 or More Years,3,0,0,0,3,0,0,0,0,0,0,0,0,0,0,0,0,0,0,0,0,0,0,0,0,0,0,0,0,0,0,0,0,0,0,0,0,0,0,0,0,0,0,0,0,0,0,0,0
18-34 Years,"Multiracial, Non-Hispanic",All Time,110,0,1,1,34,0,1,0,0,5,1,6,1,0,0,1,1,0,0,0,4,3,1,0,3,1,0,0,0,0,11,11,0,1,3,2,1,0,1,0,0,3,4,4,0,2,1,0,2
18-34 Years,"Multiracial, Non-Hispanic",< 30 Days,10,0,0,0,3,0,0,0,0,0,0,0,0,0,0,0,0,0,0,0,0,1,0,0,0,0,0,0,0,0,1,1,0,0,1,1,0,0,0,0,0,0,2,0,0,0,0,0,0
18-34 Years,"Multiracial, Non-Hispanic",30 to < 90 Days,8,0,0,0,1,0,0,0,0,1,0,0,0,0,0,0,0,0,0,0,0,1,0,0,0,1,0,0,0,0,3,1,0,0,0,0,0,0,0,0,0,0,0,0,0,0,0,0,0
18-34 Years,"Multiracial, Non-Hispanic",90 Days to < 6 Months,9,0,0,0,0,0,0,0,0,1,0,2,0,0,0,0,0,0,0,0,1,1,0,0,0,0,0,0,0,0,1,0,0,0,0,0,0,0,0,0,0,1,0,1,0,0,1,0,0
18-34 Years,"Multiracial, Non-Hispanic",6 Months to < 1 Year,19,0,1,0,6,0,0,0,0,2,0,0,0,0,0,0,0,0,0,0,0,0,0,0,0,0,0,0,0,0,2,4,0,0,0,0,0,0,0,0,0,1,1,1,0,1,0,0,0
18-34 Years,"Multiracial, Non-Hispanic",1 Year to < 2 Years,16,0,0,0,6,0,1,0,0,0,0,0,0,0,0,1,0,0,0,0,1,0,0,0,0,0,0,0,0,0,1,1,0,1,1,1,0,0,0,0,0,0,0,1,0,0,0,0,1
18-34 Years,"Multiracial, Non-Hispanic",2 Years to < 3 Years,19,0,0,1,7,0,0,0,0,1,0,0,1,0,0,0,0,0,0,0,0,0,0,0,2,0,0,0,0,0,1,1,0,0,1,0,1,0,1,0,0,1,0,1,0,0,0,0,0
18-34 Years,"Multiracial, Non-Hispanic",3 Years to < 5 Years,23,0,0,0,7,0,0,0,0,0,1,4,0,0,0,0,1,0,0,0,1,0,0,0,1,0,0,0,0,0,2,3,0,0,0,0,0,0,0,0,0,0,1,0,0,1,0,0,1
18-34 Years,"Multiracial, Non-Hispanic",5 or More Years,6,0,0,0,4,0,0,0,0,0,0,0,0,0,0,0,0,0,0,0,1,0,1,0,0,0,0,0,0,0,0,0,0,0,0,0,0,0,0,0,0,0,0,0,0,0,0,0,0
35-49 Years,All Ethnicities,All Time,"25,551",300,318,69,"4,832",312,238,22,318,"1,273",732,65,918,309,148,85,243,490,46,494,932,534,576,158,340,67,79,36,589,95,"1,757",900,25,646,177,162,"1,375",84,53,458,95,713,"2,886",224,15,675,337,38,313
35-49 Years,All Ethnicities,< 30 Days,"1,209",27,30,1,163,22,5,1,11,81,27,3,51,19,9,4,14,17,4,14,22,35,27,9,30,11,5,2,29,5,78,45,3,37,17,14,57,5,2,27,7,42,108,20,0,41,16,2,10
35-49 Years,All Ethnicities,30 to < 90 Days,"2,133",26,21,9,262,38,17,1,35,157,50,5,108,35,21,10,22,62,8,35,49,41,38,7,30,9,11,0,49,10,139,76,3,65,16,13,101,9,2,48,6,69,240,25,4,75,36,3,37
35-49 Years,All Ethnicities,90 Days to < 6 Months,"2,407",26,37,10,319,28,17,2,34,156,65,2,84,29,17,15,15,56,6,38,70,51,53,4,42,9,12,3,52,6,167,92,4,66,20,23,139,10,5,63,13,79,291,27,1,74,42,4,29
35-49 Years,All Ethnicities,6 Months to < 1 Year,"4,207",57,72,12,611,54,34,3,48,235,117,9,146,60,24,17,49,82,6,95,106,109,103,6,61,19,21,6,105,11,281,156,7,106,32,33,194,12,5,93,17,147,540,42,3,131,54,19,57
35-49 Years,All Ethnicities,1 Year to < 2 Years,"5,823",65,65,21,974,77,64,2,83,258,180,8,204,87,35,22,75,114,5,107,227,109,118,37,82,13,15,13,135,17,399,215,3,161,39,40,357,21,12,96,21,147,727,63,3,160,71,5,71
35-49 Years,All Ethnicities,2 Years to < 3 Years,"3,472",32,41,2,708,34,39,5,41,151,101,13,124,30,20,12,32,63,11,61,172,72,68,28,43,3,9,7,82,15,229,124,4,90,31,21,171,11,10,57,15,101,389,21,2,85,37,4,51
35-49 Years,All Ethnicities,3 Years to < 5 Years,"3,781",35,31,5,940,34,38,6,41,165,111,14,105,40,15,5,30,57,6,63,173,67,93,50,31,3,3,5,98,18,276,140,1,74,14,9,243,8,7,47,9,80,403,20,2,80,57,0,29
35-49 Years,All Ethnicities,5 or More Years,"2,519",32,21,9,855,25,24,2,25,70,81,11,96,9,7,0,6,39,0,81,113,50,76,17,21,0,3,0,39,13,188,52,0,47,8,9,113,8,10,27,7,48,188,6,0,29,24,1,29
35-49 Years,"White, Non-Hispanic",All Time,"8,019",105,107,20,788,170,64,3,63,355,145,5,237,168,95,55,146,126,40,169,499,249,334,22,174,37,13,33,128,19,463,250,9,367,79,89,587,0,20,101,38,286,614,148,12,213,183,30,161
35-49 Years,"White, Non-Hispanic",< 30 Days,496,15,13,1,31,15,3,0,2,27,2,0,14,16,3,3,10,4,3,6,16,21,15,2,21,6,2,2,9,1,23,21,0,25,7,8,34,0,2,5,2,20,34,13,0,21,9,2,7
35-49 Years,"White, Non-Hispanic",30 to < 90 Days,779,13,8,4,52,25,5,0,7,42,13,1,28,19,15,8,16,24,7,18,30,19,24,1,14,4,5,0,13,3,45,21,1,45,9,7,41,0,1,10,3,26,67,17,4,25,17,2,20
35-49 Years,"White, Non-Hispanic",90 Days to < 6 Months,843,7,13,3,50,16,4,0,6,41,21,0,21,14,10,9,10,16,5,14,40,30,29,3,20,4,2,2,13,1,44,28,3,44,10,16,64,0,2,24,8,39,66,18,1,23,31,4,14
35-49 Years,"White, Non-Hispanic",6 Months to < 1 Year,"1,426",25,27,5,128,25,9,0,7,70,32,1,35,34,17,7,33,21,5,23,64,57,53,0,32,13,1,6,18,4,80,39,3,54,12,18,92,0,3,20,5,65,137,28,2,41,29,14,32
35-49 Years,"White, Non-Hispanic",1 Year to < 2 Years,"1,784",21,14,3,158,36,14,0,20,72,28,1,59,47,25,16,36,31,4,34,126,43,64,7,45,7,2,12,30,4,91,59,0,88,21,20,148,0,5,21,11,51,140,40,1,48,38,4,39
35-49 Years,"White, Non-Hispanic",2 Years to < 3 Years,"1,027",10,18,0,112,21,12,2,4,42,18,2,32,16,11,9,19,14,10,22,80,26,52,3,20,2,0,6,18,1,74,29,1,42,14,11,78,0,2,12,3,37,65,13,2,21,19,3,19
35-49 Years,"White, Non-Hispanic",3 Years to < 5 Years,"1,034",9,9,2,130,21,14,0,8,39,23,0,24,21,9,3,18,10,6,23,81,34,50,6,16,1,1,5,23,3,66,37,1,43,4,4,91,0,1,5,4,31,75,15,2,23,27,0,16
35-49 Years,"White, Non-Hispanic",5 or More Years,630,5,5,2,127,11,3,1,9,22,8,0,24,1,5,0,4,6,0,29,62,19,47,0,6,0,0,0,4,2,40,16,0,26,2,5,39,0,4,4,2,17,30,4,0,11,13,1,14
35-49 Years,"Black, Non-Hispanic",All Time,"8,371",190,39,35,463,24,100,15,188,570,523,0,380,101,27,9,81,341,4,265,175,212,95,133,131,11,24,0,243,7,647,511,2,227,38,6,540,0,12,330,9,372,813,8,2,362,23,7,76
35-49 Years,"Black, Non-Hispanic",< 30 Days,353,12,2,0,14,0,1,1,7,30,23,0,17,3,3,0,4,13,1,6,0,12,6,7,7,4,1,0,13,1,21,20,1,10,4,0,17,0,0,21,3,21,29,1,0,16,0,0,1
35-49 Years,"Black, Non-Hispanic",30 to < 90 Days,668,13,2,3,22,2,6,1,20,54,33,0,42,15,5,0,4,35,1,15,6,18,6,6,11,1,3,0,18,1,45,43,0,15,1,0,35,0,0,36,0,39,65,0,0,40,3,1,2
35-49 Years,"Black, Non-Hispanic",90 Days to < 6 Months,752,17,3,5,29,2,4,1,23,78,41,0,25,10,3,3,5,37,0,21,14,14,12,1,18,1,1,0,14,0,67,48,0,17,1,1,48,0,2,35,1,33,65,0,0,42,2,0,8
35-49 Years,"Black, Non-Hispanic",6 Months to < 1 Year,"1,349",31,9,4,51,3,15,3,27,101,76,0,59,18,2,3,12,57,1,59,17,37,12,6,26,1,10,0,43,1,93,98,0,40,7,2,70,0,1,65,1,71,124,2,1,65,2,5,18
35-49 Years,"Black, Non-Hispanic",1 Year to < 2 Years,"1,986",43,13,13,85,9,31,2,46,117,132,0,79,27,7,2,33,79,1,57,43,51,25,29,31,2,4,0,54,1,144,125,1,57,9,2,148,0,2,69,1,81,226,2,1,82,4,0,16
35-49 Years,"Black, Non-Hispanic",2 Years to < 3 Years,"1,169",21,5,2,83,2,14,2,30,75,71,0,58,11,4,1,12,44,0,35,32,29,6,24,15,1,3,0,37,1,81,69,0,41,9,1,60,0,3,44,2,54,113,1,0,55,3,1,14
35-49 Years,"Black, Non-Hispanic",3 Years to < 5 Years,"1,239",26,4,2,91,4,14,4,22,80,82,0,48,13,3,0,10,43,0,27,40,25,16,43,10,1,1,0,41,1,112,82,0,26,5,0,103,0,1,40,0,44,113,2,0,45,6,0,9
35-49 Years,"Black, Non-Hispanic",5 or More Years,855,27,1,6,88,2,15,1,13,35,65,0,52,4,0,0,1,33,0,45,23,26,12,17,13,0,1,0,23,1,84,26,0,21,2,0,59,0,3,20,1,29,78,0,0,17,3,0,8
35-49 Years,Hispanic/Latino,All Time,"6,311",2,102,5,"2,541",89,50,4,34,267,32,2,244,24,15,6,8,12,1,30,173,40,48,1,18,10,17,3,138,44,432,65,0,28,19,40,154,84,18,19,6,28,"1,286",38,0,56,46,0,32
35-49 Years,Hispanic/Latino,< 30 Days,261,0,11,0,89,5,1,0,1,19,2,0,19,0,1,1,0,0,0,2,5,2,4,0,0,1,0,0,6,3,25,2,0,1,1,3,3,5,0,0,1,0,38,3,0,2,3,0,2
35-49 Years,Hispanic/Latino,30 to < 90 Days,479,0,5,1,148,11,3,0,3,49,0,0,34,1,0,1,0,1,0,2,8,2,3,0,3,0,1,0,11,6,34,8,0,3,0,5,12,9,1,1,0,1,92,3,0,3,8,0,6
35-49 Years,Hispanic/Latino,90 Days to < 6 Months,554,1,13,1,178,7,5,1,1,25,1,0,29,4,1,0,0,1,0,3,9,4,2,0,1,2,3,1,16,3,38,6,0,3,4,3,13,10,1,4,2,2,138,4,0,6,6,0,2
35-49 Years,Hispanic/Latino,6 Months to < 1 Year,986,1,16,1,319,21,8,0,9,53,8,0,37,2,4,1,3,2,0,7,15,10,10,0,2,3,4,0,20,4,68,7,0,6,5,8,22,12,0,7,1,8,244,9,0,15,12,0,2
35-49 Years,Hispanic/Latino,1 Year to < 2 Years,"1,415",0,27,1,505,25,14,0,9,53,8,0,57,7,3,3,3,1,0,9,39,6,8,0,4,4,4,1,39,7,106,16,0,8,3,10,38,21,4,3,1,7,319,10,0,19,6,0,7
35-49 Years,Hispanic/Latino,2 Years to < 3 Years,879,0,12,0,355,8,9,1,4,25,3,1,28,2,3,0,0,4,1,2,42,9,3,0,5,0,3,1,16,7,53,13,0,5,4,6,25,11,5,0,0,6,186,6,0,2,4,0,9
35-49 Years,Hispanic/Latino,3 Years to < 5 Years,"1,023",0,10,1,497,4,7,2,5,33,5,0,25,5,1,0,1,3,0,2,39,4,15,1,3,0,1,0,20,8,58,7,0,2,0,3,31,8,5,1,1,4,195,2,0,8,5,0,1
35-49 Years,Hispanic/Latino,5 or More Years,714,0,8,0,450,8,3,0,2,10,5,1,15,3,2,0,1,0,0,3,16,3,3,0,0,0,1,0,10,6,50,6,0,0,2,2,10,8,2,3,0,0,74,1,0,1,2,0,3
35-49 Years,"Asian, Non-Hispanic",All Time,"2,193",2,25,2,890,13,19,0,31,64,32,44,46,15,10,6,6,6,1,30,78,22,73,1,11,4,19,0,75,2,198,28,0,22,8,12,83,0,2,4,3,10,151,7,1,41,58,1,37
35-49 Years,"Asian, Non-Hispanic",< 30 Days,72,0,3,0,24,0,0,0,1,5,0,2,1,0,2,0,0,0,0,0,1,0,2,0,1,0,2,0,1,0,7,1,0,1,1,2,3,0,0,0,0,0,7,0,0,2,3,0,0
35-49 Years,"Asian, Non-Hispanic",30 to < 90 Days,149,0,1,0,36,0,3,0,4,9,4,2,4,0,1,1,2,0,0,0,5,2,2,0,1,2,0,0,7,0,13,0,0,2,1,0,9,0,0,1,0,1,14,2,0,7,6,0,7
35-49 Years,"Asian, Non-Hispanic",90 Days to < 6 Months,197,1,2,0,57,1,3,0,4,11,2,2,6,1,3,0,0,1,1,0,6,2,5,0,2,0,6,0,8,0,18,5,0,2,1,3,14,0,0,0,1,3,16,1,0,3,2,0,4
35-49 Years,"Asian, Non-Hispanic",6 Months to < 1 Year,339,0,9,2,101,3,1,0,5,8,1,6,11,6,0,3,1,1,0,6,9,4,18,0,0,2,3,0,20,0,39,6,0,6,2,2,9,0,0,1,1,2,32,0,0,9,6,0,4
35-49 Years,"Asian, Non-Hispanic",1 Year to < 2 Years,505,1,5,0,183,3,5,0,7,13,12,6,9,5,0,1,2,3,0,7,18,7,19,1,2,0,4,0,12,1,54,8,0,6,2,3,20,0,1,2,0,3,40,4,1,10,15,1,9
35-49 Years,"Asian, Non-Hispanic",2 Years to < 3 Years,301,0,2,0,136,3,3,0,3,6,9,8,6,1,2,1,1,0,0,2,16,4,4,0,2,0,3,0,11,0,21,3,0,2,0,1,8,0,0,0,1,0,20,0,0,6,9,0,7
35-49 Years,"Asian, Non-Hispanic",3 Years to < 5 Years,380,0,2,0,198,1,1,0,6,10,1,9,4,1,2,0,0,1,0,11,12,1,11,0,1,0,0,0,14,1,35,4,0,3,0,0,15,0,0,0,0,1,16,0,0,4,13,0,2
35-49 Years,"Asian, Non-Hispanic",5 or More Years,250,0,1,0,155,2,3,0,1,2,3,9,5,1,0,0,0,0,0,4,11,2,12,0,2,0,1,0,2,0,11,1,0,0,1,1,5,0,1,0,0,0,6,0,0,0,4,0,4
35-49 Years,"American Indian/Alaska Native, Non-Hispanic",All Time,263,0,41,0,22,11,1,0,0,6,0,0,4,0,1,1,0,4,0,0,1,3,16,1,1,4,1,0,0,23,2,14,12,1,26,3,1,0,1,3,29,1,8,11,0,0,7,0,3
35-49 Years,"American Indian/Alaska Native, Non-Hispanic",< 30 Days,16,0,1,0,2,2,0,0,0,0,0,0,0,0,0,0,0,0,0,0,0,0,0,0,0,0,0,0,0,0,0,0,2,0,4,0,0,0,0,1,0,0,0,3,0,0,1,0,0
35-49 Years,"American Indian/Alaska Native, Non-Hispanic",30 to < 90 Days,19,0,4,0,0,0,0,0,0,1,0,0,0,0,0,0,0,1,0,0,0,0,1,0,0,1,1,0,0,0,0,0,2,0,2,0,0,0,0,0,3,0,0,2,0,0,0,0,1
35-49 Years,"American Indian/Alaska Native, Non-Hispanic",90 Days to < 6 Months,31,0,6,0,0,2,1,0,0,1,0,0,2,0,0,0,0,1,0,0,0,1,4,0,0,2,0,0,0,2,0,1,1,0,3,0,0,0,0,0,1,0,2,0,0,0,1,0,0
35-49 Years,"American Indian/Alaska Native, Non-Hispanic",6 Months to < 1 Year,59,0,10,0,2,1,0,0,0,2,0,0,1,0,1,0,0,1,0,0,1,0,7,0,0,0,0,0,0,2,0,3,3,0,6,1,1,0,1,0,8,0,3,2,0,0,2,0,1
35-49 Years,"American Indian/Alaska Native, Non-Hispanic",1 Year to < 2 Years,38,0,5,0,6,3,0,0,0,0,0,0,0,0,0,0,0,0,0,0,0,0,1,0,0,0,0,0,0,4,1,3,2,1,3,0,0,0,0,1,3,0,0,4,0,0,1,0,0
35-49 Years,"American Indian/Alaska Native, Non-Hispanic",2 Years to < 3 Years,45,0,4,0,3,0,0,0,0,1,0,0,0,0,0,1,0,1,0,0,0,2,2,1,1,0,0,0,0,6,0,3,2,0,4,1,0,0,0,0,8,0,3,0,0,0,1,0,1
35-49 Years,"American Indian/Alaska Native, Non-Hispanic",3 Years to < 5 Years,32,0,5,0,3,3,0,0,0,1,0,0,1,0,0,0,0,0,0,0,0,0,0,0,0,1,0,0,0,5,1,3,0,0,3,0,0,0,0,1,4,0,0,0,0,0,1,0,0
35-49 Years,"American Indian/Alaska Native, Non-Hispanic",5 or More Years,23,0,6,0,6,0,0,0,0,0,0,0,0,0,0,0,0,0,0,0,0,0,1,0,0,0,0,0,0,4,0,1,0,0,1,1,0,0,0,0,2,1,0,0,0,0,0,0,0
35-49 Years,"Pacific Islander, Non-Hispanic",All Time,155,0,1,0,82,1,0,0,0,2,0,7,2,1,0,0,1,1,0,0,1,0,1,0,2,0,2,0,0,0,3,2,1,0,2,4,2,0,0,0,1,1,5,8,0,2,19,0,1
35-49 Years,"Pacific Islander, Non-Hispanic",< 30 Days,4,0,0,0,2,0,0,0,0,0,0,0,0,0,0,0,0,0,0,0,0,0,0,0,0,0,0,0,0,0,1,0,0,0,0,0,0,0,0,0,1,0,0,0,0,0,0,0,0
35-49 Years,"Pacific Islander, Non-Hispanic",30 to < 90 Days,12,0,0,0,2,0,0,0,0,2,0,2,0,0,0,0,0,1,0,0,0,0,0,0,0,0,0,0,0,0,1,0,0,0,1,0,1,0,0,0,0,0,0,0,0,0,2,0,0
35-49 Years,"Pacific Islander, Non-Hispanic",90 Days to < 6 Months,6,0,0,0,1,0,0,0,0,0,0,0,1,0,0,0,0,0,0,0,0,0,0,0,1,0,0,0,0,0,0,0,0,0,0,0,0,0,0,0,0,0,0,3,0,0,0,0,0
35-49 Years,"Pacific Islander, Non-Hispanic",6 Months to < 1 Year,17,0,0,0,8,1,0,0,0,0,0,0,0,0,0,0,0,0,0,0,0,0,0,0,1,0,2,0,0,0,0,1,1,0,0,0,0,0,0,0,0,0,0,1,0,0,2,0,0
35-49 Years,"Pacific Islander, Non-Hispanic",1 Year to < 2 Years,43,0,1,0,23,0,0,0,0,0,0,1,0,1,0,0,1,0,0,0,0,0,1,0,0,0,0,0,0,0,0,1,0,0,0,3,1,0,0,0,0,1,0,1,0,1,7,0,0
35-49 Years,"Pacific Islander, Non-Hispanic",2 Years to < 3 Years,17,0,0,0,11,0,0,0,0,0,0,1,0,0,0,0,0,0,0,0,0,0,0,0,0,0,0,0,0,0,0,0,0,0,0,0,0,0,0,0,0,0,1,1,0,1,1,0,1
35-49 Years,"Pacific Islander, Non-Hispanic",3 Years to < 5 Years,32,0,0,0,14,0,0,0,0,0,0,3,1,0,0,0,0,0,0,0,1,0,0,0,0,0,0,0,0,0,1,0,0,0,1,1,0,0,0,0,0,0,4,1,0,0,5,0,0
35-49 Years,"Pacific Islander, Non-Hispanic",5 or More Years,24,0,0,0,21,0,0,0,0,0,0,0,0,0,0,0,0,0,0,0,0,0,0,0,0,0,0,0,0,0,0,0,0,0,0,0,0,0,0,0,0,0,0,1,0,0,2,0,0
35-49 Years,"Multiracial, Non-Hispanic",All Time,239,1,3,7,46,4,4,0,2,9,0,7,5,0,0,8,1,0,0,0,5,8,9,0,3,1,3,0,5,0,12,30,1,1,5,8,8,0,0,1,9,15,9,4,0,1,1,0,3
35-49 Years,"Multiracial, Non-Hispanic",< 30 Days,7,0,0,0,1,0,0,0,0,0,0,1,0,0,0,0,0,0,0,0,0,0,0,0,1,0,0,0,0,0,1,1,0,0,0,1,0,0,0,0,0,1,0,0,0,0,0,0,0
35-49 Years,"Multiracial, Non-Hispanic",30 to < 90 Days,27,0,1,1,2,0,0,0,1,0,0,0,0,0,0,0,0,0,0,0,0,0,2,0,1,1,1,0,0,0,1,4,0,0,2,1,3,0,0,0,0,2,2,1,0,0,0,0,1
35-49 Years,"Multiracial, Non-Hispanic",90 Days to < 6 Months,24,0,0,1,4,0,0,0,0,0,0,0,0,0,0,3,0,0,0,0,1,0,1,0,0,0,0,0,1,0,0,4,0,0,1,0,0,0,0,0,0,2,4,1,0,0,0,0,1
35-49 Years,"Multiracial, Non-Hispanic",6 Months to < 1 Year,31,0,1,0,2,0,1,0,0,1,0,2,3,0,0,3,0,0,0,0,0,1,3,0,0,0,1,0,4,0,1,2,0,0,0,2,0,0,0,0,1,1,0,0,0,1,1,0,0
35-49 Years,"Multiracial, Non-Hispanic",1 Year to < 2 Years,52,0,0,4,14,1,0,0,1,3,0,0,0,0,0,0,0,0,0,0,1,2,0,0,0,0,1,0,0,0,3,3,0,1,1,2,2,0,0,0,5,4,2,2,0,0,0,0,0
35-49 Years,"Multiracial, Non-Hispanic",2 Years to < 3 Years,34,1,0,0,8,0,1,0,0,2,0,1,0,0,0,0,0,0,0,0,2,2,1,0,0,0,0,0,0,0,0,7,1,0,0,1,0,0,0,1,1,4,1,0,0,0,0,0,0
35-49 Years,"Multiracial, Non-Hispanic",3 Years to < 5 Years,41,0,1,0,7,1,2,0,0,2,0,2,2,0,0,2,1,0,0,0,0,3,1,0,1,0,0,0,0,0,3,7,0,0,1,1,3,0,0,0,0,0,0,0,0,0,0,0,1
35-49 Years,"Multiracial, Non-Hispanic",5 or More Years,23,0,0,1,8,2,0,0,0,1,0,1,0,0,0,0,0,0,0,0,1,0,1,0,0,0,0,0,0,0,3,2,0,0,0,0,0,0,0,0,2,1,0,0,0,0,0,0,0
50-64 Years,All Ethnicities,All Time,"48,608",622,599,71,"9,165",528,588,60,671,"2,156","1,429",154,"1,686",524,284,211,430,873,103,"1,040","2,042","1,016",970,251,712,146,100,49,"1,175",186,"3,390","1,657",49,"1,124",309,368,"2,940",161,111,753,164,"1,342","5,405",308,22,"1,296",660,63,645
50-64 Years,All Ethnicities,< 30 Days,"2,174",25,29,8,264,36,21,3,37,154,55,7,84,32,12,12,21,32,6,45,64,55,47,13,39,19,6,5,49,2,162,90,1,85,19,20,121,8,5,33,5,56,246,19,2,66,28,3,23
50-64 Years,All Ethnicities,30 to < 90 Days,"3,891",72,71,7,515,49,43,6,67,244,105,13,169,73,32,27,45,73,3,51,104,94,61,8,62,27,19,4,85,8,240,129,10,110,28,27,220,15,7,55,13,121,496,43,2,118,51,7,62
50-64 Years,All Ethnicities,90 Days to < 6 Months,"4,170",59,79,9,539,41,65,5,72,268,104,7,166,53,36,19,43,74,10,68,145,119,59,7,82,27,15,8,117,13,267,154,1,101,40,35,250,12,5,95,17,117,458,29,4,134,68,13,61
50-64 Years,All Ethnicities,6 Months to < 1 Year,"7,471",116,100,15,"1,099",85,96,14,97,376,217,17,280,91,50,49,85,149,18,123,222,158,148,15,131,25,28,6,179,27,535,280,8,205,56,70,455,34,6,139,23,254,867,68,4,226,101,15,109
50-64 Years,All Ethnicities,1 Year to < 2 Years,"10,534",151,129,15,"1,591",131,134,6,140,440,343,29,397,137,72,60,107,187,27,207,469,263,227,65,170,27,15,17,267,35,711,362,9,241,79,88,664,24,26,184,43,309,"1,270",67,3,303,137,16,140
50-64 Years,All Ethnicities,2 Years to < 3 Years,"6,569",60,68,4,"1,265",72,84,10,78,247,174,29,207,46,33,22,61,138,24,141,378,111,128,68,101,9,6,4,195,26,398,229,6,142,38,60,383,15,19,120,25,212,694,36,5,199,105,7,87
50-64 Years,All Ethnicities,3 Years to < 5 Years,"8,101",90,69,11,"1,958",78,92,9,106,299,236,27,243,69,34,20,50,132,12,198,386,124,136,53,72,8,6,1,189,45,617,265,6,160,32,53,486,38,32,91,24,192,938,33,2,172,109,0,98
50-64 Years,All Ethnicities,5 or More Years,"5,698",49,54,2,"1,934",36,53,7,74,128,195,25,140,23,15,2,18,88,3,207,274,92,164,22,55,4,5,4,94,30,460,148,8,80,17,15,361,15,11,36,14,81,436,13,0,78,61,2,65
50-64 Years,"White, Non-Hispanic",All Time,"18,670",271,225,25,"1,863",269,277,15,172,864,343,11,595,325,194,157,310,284,88,447,"1,327",614,640,55,420,107,23,43,375,33,"1,149",566,33,736,187,206,"1,418",0,70,236,92,588,"1,436",210,15,483,376,53,444
50-64 Years,"White, Non-Hispanic",< 30 Days,"1,043",18,13,4,75,25,14,0,5,76,24,0,47,24,8,8,17,14,6,19,50,30,35,4,25,14,1,4,21,0,72,33,0,60,12,13,68,0,2,13,3,23,87,13,1,25,16,3,18
50-64 Years,"White, Non-Hispanic",30 to < 90 Days,"1,718",24,30,4,104,27,26,2,14,112,34,1,60,49,24,21,36,33,1,23,67,61,40,1,38,21,8,3,32,1,100,47,8,74,14,16,130,0,4,14,12,60,182,32,1,36,35,6,50
50-64 Years,"White, Non-Hispanic",90 Days to < 6 Months,"1,848",29,31,3,125,24,31,2,27,116,33,1,55,32,25,17,34,28,9,32,105,79,38,4,55,17,4,8,41,7,120,61,1,64,22,25,129,0,4,31,11,50,145,20,3,52,41,12,45
50-64 Years,"White, Non-Hispanic",6 Months to < 1 Year,"3,087",54,32,4,231,47,53,0,21,158,47,1,110,58,39,35,58,49,17,58,139,101,93,6,74,20,5,6,61,8,185,113,6,151,34,41,260,0,3,49,10,109,239,48,2,102,62,14,74
50-64 Years,"White, Non-Hispanic",1 Year to < 2 Years,"4,197",63,51,5,362,60,60,3,38,191,82,2,145,79,48,42,76,60,23,79,284,153,163,15,107,21,3,14,80,7,234,114,6,166,47,52,325,0,20,56,22,138,352,41,2,114,84,11,97
50-64 Years,"White, Non-Hispanic",2 Years to < 3 Years,"2,425",32,31,0,255,37,33,3,20,87,48,2,62,29,21,16,43,47,22,57,258,65,90,8,46,6,1,4,60,2,130,65,3,90,23,29,178,0,13,44,11,91,157,20,4,60,54,6,62
50-64 Years,"White, Non-Hispanic",3 Years to < 5 Years,"2,643",36,22,5,353,32,39,3,22,91,43,2,76,43,22,16,30,34,9,84,248,68,83,13,52,5,0,1,58,5,188,80,4,95,23,26,205,0,17,23,15,82,182,25,2,70,50,0,61
50-64 Years,"White, Non-Hispanic",5 or More Years,"1,709",15,15,0,358,17,21,2,25,33,32,2,40,11,7,2,16,19,1,95,176,57,98,4,23,3,1,3,22,3,120,53,5,36,12,4,123,0,7,6,8,35,92,11,0,24,34,1,37
50-64 Years,"Black, Non-Hispanic",All Time,"14,542",334,72,33,971,69,167,38,376,791,962,2,638,153,46,25,110,547,10,488,338,313,142,188,230,10,23,3,451,3,"1,166",913,6,346,44,60,"1,162",0,16,475,3,650,"1,323",6,4,648,63,9,115
50-64 Years,"Black, Non-Hispanic",< 30 Days,550,7,5,3,24,1,4,3,22,39,24,0,16,6,1,2,4,18,0,20,8,21,5,9,11,2,2,1,14,0,36,45,1,21,4,2,44,0,1,17,0,29,47,1,0,27,1,0,2
50-64 Years,"Black, Non-Hispanic",30 to < 90 Days,"1,065",44,4,1,49,3,10,2,41,68,59,1,60,20,4,4,9,37,2,24,16,26,11,7,18,2,3,0,27,0,65,70,0,35,4,6,69,0,1,34,0,52,97,1,1,64,4,1,9
50-64 Years,"Black, Non-Hispanic",90 Days to < 6 Months,"1,167",29,11,4,60,2,17,3,34,87,60,1,51,13,3,2,9,44,1,28,18,33,13,3,22,2,1,0,46,1,81,72,0,35,6,3,88,0,1,58,0,57,92,0,0,59,7,1,9
50-64 Years,"Black, Non-Hispanic",6 Months to < 1 Year,"2,167",59,15,7,115,8,25,14,57,128,156,0,102,27,6,4,25,91,1,53,32,42,17,9,46,0,6,0,57,1,178,138,2,47,7,11,142,0,1,85,2,120,199,1,2,99,8,1,21
50-64 Years,"Black, Non-Hispanic",1 Year to < 2 Years,"3,175",81,16,9,160,20,41,3,66,150,231,0,130,43,15,9,26,119,2,107,91,85,30,46,52,2,6,2,101,0,250,212,2,65,11,13,252,0,2,121,0,141,275,0,1,148,11,5,23
50-64 Years,"Black, Non-Hispanic",2 Years to < 3 Years,"2,055",26,8,4,125,15,24,4,49,108,114,0,97,14,6,2,17,88,0,67,57,31,17,58,39,0,4,0,71,0,151,144,0,48,5,12,147,0,2,72,1,105,171,3,0,122,13,0,14
50-64 Years,"Black, Non-Hispanic",3 Years to < 5 Years,"2,514",54,8,4,197,14,29,4,64,136,170,0,113,19,7,2,18,90,3,96,69,42,24,38,16,1,0,0,89,0,219,154,0,55,5,5,223,0,7,62,0,102,263,0,0,82,12,0,18
50-64 Years,"Black, Non-Hispanic",5 or More Years,"1,849",34,5,1,241,6,17,5,43,75,148,0,69,11,4,0,2,60,1,93,47,33,25,18,26,1,1,0,46,1,186,78,1,40,2,8,197,0,1,26,0,44,179,0,0,47,7,1,19
50-64 Years,Hispanic/Latino,All Time,"10,324",10,199,4,"4,248",146,92,4,61,369,61,3,339,26,28,18,4,23,0,44,240,42,67,3,25,12,32,0,204,98,681,77,3,19,31,57,212,161,18,16,19,46,"2,359",59,1,73,63,0,27
50-64 Years,Hispanic/Latino,< 30 Days,402,0,10,1,119,8,2,0,8,28,1,0,19,2,1,2,0,0,0,2,2,1,4,0,1,1,3,0,10,2,31,5,0,2,1,4,6,8,1,2,0,2,101,3,0,6,3,0,0
50-64 Years,Hispanic/Latino,30 to < 90 Days,769,2,24,0,254,15,5,2,6,52,4,1,36,2,2,1,0,3,0,2,15,5,2,0,4,1,5,0,16,4,50,6,0,0,2,1,15,15,1,2,0,3,194,8,0,7,1,0,1
50-64 Years,Hispanic/Latino,90 Days to < 6 Months,824,0,26,2,251,14,11,0,5,51,6,0,43,4,6,0,0,1,0,2,17,5,1,0,3,5,4,0,17,2,52,12,0,0,6,3,22,12,0,3,3,4,201,8,1,12,6,0,3
50-64 Years,Hispanic/Latino,6 Months to < 1 Year,"1,495",2,37,1,510,23,12,0,4,63,8,0,50,4,3,6,1,3,0,5,39,9,9,0,5,2,11,0,33,12,112,9,0,5,6,12,38,34,1,2,2,9,380,10,0,9,10,0,4
50-64 Years,Hispanic/Latino,1 Year to < 2 Years,"2,076",4,41,0,688,37,21,0,19,66,12,1,99,8,7,7,2,4,0,11,54,8,12,2,4,0,4,0,52,19,131,16,1,3,9,10,43,24,2,4,5,14,573,14,0,21,16,0,8
50-64 Years,Hispanic/Latino,2 Years to < 3 Years,"1,383",2,12,0,584,12,17,1,7,40,7,0,36,2,4,1,1,3,0,7,42,6,9,1,4,1,0,0,39,16,75,11,1,0,5,11,36,15,3,2,6,9,328,10,0,7,5,0,5
50-64 Years,Hispanic/Latino,3 Years to < 5 Years,"1,971",0,24,0,937,26,16,1,9,55,16,1,40,4,1,1,0,4,0,3,43,8,13,0,3,2,3,0,24,28,129,9,1,6,1,14,30,38,8,0,2,3,436,6,0,8,15,0,3
50-64 Years,Hispanic/Latino,5 or More Years,"1,404",0,25,0,905,11,8,0,3,14,7,0,16,0,4,0,0,5,0,12,28,0,17,0,1,0,2,0,13,15,101,9,0,3,1,2,22,15,2,1,1,2,146,0,0,3,7,0,3
50-64 Years,"Asian, Non-Hispanic",All Time,"4,024",5,42,2,"1,783",28,35,3,57,105,59,101,100,16,9,4,6,16,5,54,125,25,95,3,25,12,17,2,141,2,376,53,1,21,7,20,121,0,6,20,2,36,234,14,1,77,105,1,52
50-64 Years,"Asian, Non-Hispanic",< 30 Days,135,0,0,0,40,1,1,0,2,6,6,5,2,0,1,0,0,0,0,4,2,1,2,0,1,2,0,0,4,0,20,4,0,2,0,0,3,0,1,1,0,1,8,2,1,5,5,0,2
50-64 Years,"Asian, Non-Hispanic",30 to < 90 Days,271,2,9,0,97,3,2,0,6,10,8,7,12,2,1,0,0,0,0,2,6,2,5,0,1,2,3,1,10,1,24,5,0,1,0,2,4,0,1,4,0,3,17,2,0,7,7,0,2
50-64 Years,"Asian, Non-Hispanic",90 Days to < 6 Months,246,1,6,0,96,0,4,0,5,9,5,4,16,3,1,0,0,1,0,5,5,1,7,0,2,2,4,0,13,0,14,2,0,2,1,0,7,0,0,1,0,5,14,0,0,6,2,0,2
50-64 Years,"Asian, Non-Hispanic",6 Months to < 1 Year,566,0,6,2,204,4,4,0,15,24,5,10,16,2,1,2,1,4,0,7,11,2,22,0,4,3,6,0,26,1,58,12,0,2,1,4,12,0,1,2,0,8,40,2,0,15,18,0,9
50-64 Years,"Asian, Non-Hispanic",1 Year to < 2 Years,877,2,6,0,329,6,9,0,16,28,16,16,20,6,2,1,3,3,2,10,37,12,16,1,4,2,1,0,33,0,95,14,0,7,3,6,40,0,2,3,0,11,64,4,0,19,16,0,12
50-64 Years,"Asian, Non-Hispanic",2 Years to < 3 Years,560,0,9,0,257,7,5,2,2,9,5,21,11,1,1,0,0,0,2,8,21,4,11,0,9,1,0,0,24,0,39,6,1,3,1,4,17,0,0,1,1,6,27,2,0,10,26,1,5
50-64 Years,"Asian, Non-Hispanic",3 Years to < 5 Years,780,0,6,0,405,5,5,1,8,15,7,18,12,1,2,1,2,4,0,12,23,2,14,2,1,0,2,0,18,0,77,7,0,3,1,3,23,0,0,5,0,2,47,0,0,11,21,0,14
50-64 Years,"Asian, Non-Hispanic",5 or More Years,589,0,0,0,355,2,5,0,3,4,7,20,11,1,0,0,0,4,1,6,20,1,18,0,3,0,1,1,13,0,49,3,0,1,0,1,15,0,1,3,1,0,17,2,0,4,10,0,6
50-64 Years,"American Indian/Alaska Native, Non-Hispanic",All Time,402,2,50,0,48,12,2,0,2,5,0,0,3,2,4,0,0,2,0,4,3,10,16,2,8,3,0,0,0,50,4,19,6,0,34,7,7,0,1,5,41,2,23,4,1,0,15,0,5
50-64 Years,"American Indian/Alaska Native, Non-Hispanic",< 30 Days,18,0,1,0,0,1,0,0,0,1,0,0,0,0,0,0,0,0,0,0,0,2,1,0,1,0,0,0,0,0,1,3,0,0,2,1,0,0,0,0,2,0,1,0,0,0,1,0,0
50-64 Years,"American Indian/Alaska Native, Non-Hispanic",30 to < 90 Days,28,0,3,0,1,1,0,0,0,0,0,0,1,0,1,0,0,0,0,0,0,0,1,0,1,0,0,0,0,2,0,0,2,0,8,1,0,0,0,1,1,0,3,0,0,0,1,0,0
50-64 Years,"American Indian/Alaska Native, Non-Hispanic",90 Days to < 6 Months,34,0,3,0,1,0,0,0,0,1,0,0,0,1,1,0,0,0,0,0,0,0,0,0,0,0,0,0,0,3,0,6,0,0,5,1,1,0,0,2,0,0,2,1,0,0,5,0,1
50-64 Years,"American Indian/Alaska Native, Non-Hispanic",6 Months to < 1 Year,60,1,5,0,8,1,0,0,0,0,0,0,1,0,0,0,0,2,0,0,0,3,5,0,2,0,0,0,0,5,0,2,0,0,7,0,1,0,0,1,8,0,4,1,0,0,2,0,1
50-64 Years,"American Indian/Alaska Native, Non-Hispanic",1 Year to < 2 Years,96,1,15,0,12,7,0,0,1,2,0,0,1,1,0,0,0,0,0,0,0,1,6,1,3,2,0,0,0,9,0,1,0,0,6,2,3,0,0,0,15,0,3,2,0,0,2,0,0
50-64 Years,"American Indian/Alaska Native, Non-Hispanic",2 Years to < 3 Years,50,0,6,0,5,1,1,0,0,0,0,0,0,0,0,0,0,0,0,2,0,2,0,1,0,1,0,0,0,8,1,1,1,0,3,1,1,0,1,0,6,0,3,0,1,0,3,0,1
50-64 Years,"American Indian/Alaska Native, Non-Hispanic",3 Years to < 5 Years,69,0,8,0,9,1,1,0,1,0,0,0,0,0,2,0,0,0,0,2,2,2,2,0,0,0,0,0,0,12,1,5,1,0,1,1,1,0,0,1,6,2,5,0,0,0,1,0,2
50-64 Years,"American Indian/Alaska Native, Non-Hispanic",5 or More Years,47,0,9,0,12,0,0,0,0,1,0,0,0,0,0,0,0,0,0,0,1,0,1,0,1,0,0,0,0,11,1,1,2,0,2,0,0,0,0,0,3,0,2,0,0,0,0,0,0
50-64 Years,"Pacific Islander, Non-Hispanic",All Time,307,0,5,1,166,2,1,0,0,4,3,13,3,0,3,2,0,1,0,1,3,2,1,0,0,2,3,0,0,0,1,2,0,2,2,14,4,0,0,1,2,0,14,14,0,3,31,0,1
50-64 Years,"Pacific Islander, Non-Hispanic",< 30 Days,10,0,0,0,4,0,0,0,0,0,0,0,0,0,1,0,0,0,0,0,1,0,0,0,0,0,0,0,0,0,1,0,0,0,0,0,0,0,0,0,0,0,0,0,0,0,2,0,1
50-64 Years,"Pacific Islander, Non-Hispanic",30 to < 90 Days,14,0,0,0,5,0,0,0,0,1,0,1,0,0,0,0,0,0,0,0,0,0,0,0,0,1,0,0,0,0,0,0,0,0,0,0,1,0,0,0,0,0,2,0,0,1,2,0,0
50-64 Years,"Pacific Islander, Non-Hispanic",90 Days to < 6 Months,24,0,1,0,6,0,0,0,0,1,0,0,1,0,0,0,0,0,0,0,0,0,0,0,0,1,1,0,0,0,0,0,0,0,0,1,0,0,0,0,2,0,2,0,0,2,6,0,0
50-64 Years,"Pacific Islander, Non-Hispanic",6 Months to < 1 Year,43,0,3,0,20,1,0,0,0,0,0,3,0,0,1,0,0,0,0,0,1,1,1,0,0,0,0,0,0,0,0,1,0,0,1,2,0,0,0,0,0,0,1,6,0,0,1,0,0
50-64 Years,"Pacific Islander, Non-Hispanic",1 Year to < 2 Years,47,0,0,0,20,1,0,0,0,1,2,1,1,0,0,0,0,1,0,0,1,0,0,0,0,0,1,0,0,0,0,1,0,0,0,4,1,0,0,0,0,0,2,5,0,0,5,0,0
50-64 Years,"Pacific Islander, Non-Hispanic",2 Years to < 3 Years,49,0,1,0,27,0,0,0,0,1,0,3,0,0,1,2,0,0,0,0,0,0,0,0,0,0,1,0,0,0,0,0,0,1,0,3,0,0,0,1,0,0,4,1,0,0,3,0,0
50-64 Years,"Pacific Islander, Non-Hispanic",3 Years to < 5 Years,63,0,0,0,38,0,1,0,0,0,0,3,0,0,0,0,0,0,0,1,0,0,0,0,0,0,0,0,0,0,0,0,0,1,1,4,0,0,0,0,0,0,3,2,0,0,9,0,0
50-64 Years,"Pacific Islander, Non-Hispanic",5 or More Years,57,0,0,1,46,0,0,0,0,0,1,2,1,0,0,0,0,0,0,0,0,1,0,0,0,0,0,0,0,0,0,0,0,0,0,0,2,0,0,0,0,0,0,0,0,0,3,0,0
50-64 Years,"Multiracial, Non-Hispanic",All Time,339,0,6,6,86,2,14,0,3,18,1,24,8,2,0,5,0,0,0,2,6,10,9,0,4,0,2,1,4,0,13,27,0,0,4,4,16,0,0,0,5,20,16,1,0,12,7,0,1
50-64 Years,"Multiracial, Non-Hispanic",< 30 Days,16,0,0,0,2,0,0,0,0,4,0,2,0,0,0,0,0,0,0,0,1,0,0,0,0,0,0,0,0,0,1,0,0,0,0,0,0,0,0,0,0,1,2,0,0,3,0,0,0
50-64 Years,"Multiracial, Non-Hispanic",30 to < 90 Days,26,0,1,2,5,0,0,0,0,1,0,2,0,0,0,1,0,0,0,0,0,0,2,0,0,0,0,0,0,0,1,1,0,0,0,1,1,0,0,0,0,3,1,0,0,3,1,0,0
50-64 Years,"Multiracial, Non-Hispanic",90 Days to < 6 Months,27,0,1,0,0,1,2,0,1,3,0,1,0,0,0,0,0,0,0,1,0,1,0,0,0,0,1,0,0,0,0,1,0,0,0,2,3,0,0,0,1,1,2,0,0,3,1,0,1
50-64 Years,"Multiracial, Non-Hispanic",6 Months to < 1 Year,53,0,2,1,11,1,2,0,0,3,1,3,1,0,0,2,0,0,0,0,0,0,1,0,0,0,0,0,2,0,2,5,0,0,0,0,2,0,0,0,1,8,4,0,0,1,0,0,0
50-64 Years,"Multiracial, Non-Hispanic",1 Year to < 2 Years,66,0,0,1,20,0,3,0,0,2,0,9,1,0,0,1,0,0,0,0,2,4,0,0,0,0,0,1,1,0,1,4,0,0,3,1,0,0,0,0,1,5,1,1,0,1,3,0,0
50-64 Years,"Multiracial, Non-Hispanic",2 Years to < 3 Years,47,0,1,0,12,0,4,0,0,2,0,3,1,0,0,1,0,0,0,0,0,3,1,0,3,0,0,0,1,0,2,2,0,0,1,0,4,0,0,0,0,1,4,0,0,0,1,0,0
50-64 Years,"Multiracial, Non-Hispanic",3 Years to < 5 Years,61,0,1,2,19,0,1,0,2,2,0,3,2,2,0,0,0,0,0,0,1,2,0,0,0,0,1,0,0,0,3,10,0,0,0,0,4,0,0,0,1,1,2,0,0,1,1,0,0
50-64 Years,"Multiracial, Non-Hispanic",5 or More Years,43,0,0,0,17,0,2,0,0,1,0,1,3,0,0,0,0,0,0,1,2,0,5,0,1,0,0,0,0,0,3,4,0,0,0,0,2,0,0,0,1,0,0,0,0,0,0,0,0
65 and Older,All Ethnicities,All Time,"28,391",262,392,35,"5,050",323,250,44,440,"1,419",650,90,973,267,170,117,266,455,101,649,"1,396",738,616,88,603,96,59,30,572,150,"2,292",850,32,645,182,289,"2,075",69,83,450,91,841,"2,307",229,27,727,448,40,413
65 and Older,All Ethnicities,< 30 Days,"1,160",5,27,1,132,11,11,2,10,100,20,1,51,15,7,11,17,18,2,16,27,37,21,4,34,7,7,1,30,2,90,33,0,40,6,12,64,4,1,26,3,47,103,12,0,46,21,2,23
65 and Older,All Ethnicities,30 to < 90 Days,"2,053",20,44,8,231,23,18,1,32,162,45,4,91,27,17,16,16,30,3,33,58,52,43,2,53,14,10,3,37,5,157,70,3,57,27,22,144,7,4,42,5,72,195,33,1,57,27,4,28
65 and Older,All Ethnicities,90 Days to < 6 Months,"2,288",20,56,4,270,23,16,1,43,176,49,2,86,36,26,10,23,41,8,40,92,76,41,3,69,18,8,2,46,16,181,69,2,58,22,22,150,10,3,46,5,74,170,19,6,78,29,12,31
65 and Older,All Ethnicities,6 Months to < 1 Year,"4,174",44,63,10,496,61,33,7,62,283,93,7,153,47,28,25,50,86,14,62,175,128,94,4,101,20,13,5,92,15,331,142,4,100,36,54,277,14,8,96,11,167,335,44,7,123,70,6,78
65 and Older,All Ethnicities,1 Year to < 2 Years,"6,005",72,66,4,813,84,58,6,80,284,166,18,242,66,34,37,58,79,25,133,322,180,126,21,154,27,16,6,124,26,490,189,8,149,37,67,453,14,12,103,25,175,520,58,6,169,90,10,103
65 and Older,All Ethnicities,2 Years to < 3 Years,"3,821",38,48,2,691,44,30,11,53,145,68,25,123,31,23,12,48,57,28,90,235,102,74,29,80,5,3,10,87,19,251,126,5,90,22,50,249,7,20,67,6,131,310,33,4,99,78,5,57
65 and Older,All Ethnicities,3 Years to < 5 Years,"5,025",41,43,5,"1,124",54,50,11,100,187,134,14,129,32,21,4,44,97,15,128,289,91,114,21,65,3,1,1,109,43,433,129,5,77,24,40,443,11,21,42,15,128,404,22,2,104,93,0,62
65 and Older,All Ethnicities,5 or More Years,"3,865",22,45,1,"1,293",23,34,5,60,82,75,19,98,13,14,2,10,47,6,147,198,72,103,4,47,2,1,2,47,24,359,92,5,74,8,22,295,2,14,28,21,47,270,8,1,51,40,1,31
65 and Older,"White, Non-Hispanic",All Time,"14,374",132,218,15,"1,376",239,138,21,158,783,253,10,442,199,136,87,212,182,92,342,"1,006",526,480,27,446,81,19,27,276,48,960,430,25,469,119,207,"1,256",1,52,211,66,503,911,179,24,353,282,37,318
65 and Older,"White, Non-Hispanic",< 30 Days,688,5,14,1,46,9,4,2,4,62,9,0,34,12,4,8,14,11,2,8,27,24,18,1,29,7,4,1,20,0,54,12,0,34,4,10,43,0,0,13,3,34,39,10,0,21,10,2,19
65 and Older,"White, Non-Hispanic",30 to < 90 Days,"1,178",11,21,3,70,20,11,0,12,103,24,0,46,19,11,13,13,15,3,17,45,40,35,1,42,11,5,3,20,1,67,40,3,42,21,16,95,1,4,25,3,51,96,29,1,29,17,3,20
65 and Older,"White, Non-Hispanic",90 Days to < 6 Months,"1,276",12,32,2,75,18,4,1,15,99,19,0,37,30,22,8,19,18,8,25,71,61,35,1,55,14,2,2,26,8,90,36,0,48,15,15,105,0,2,21,4,41,68,15,6,35,20,11,25
65 and Older,"White, Non-Hispanic",6 Months to < 1 Year,"2,284",22,40,4,153,46,17,2,22,160,39,1,69,34,23,21,40,37,11,21,122,91,76,1,75,17,1,5,44,5,130,77,3,76,25,36,192,0,6,52,8,107,156,33,5,62,51,6,60
65 and Older,"White, Non-Hispanic",1 Year to < 2 Years,"3,150",37,36,1,265,60,37,2,25,146,67,4,98,45,31,24,47,27,24,74,235,123,94,7,115,23,4,6,62,11,202,92,6,105,24,52,273,0,6,46,19,106,216,43,6,81,56,10,77
65 and Older,"White, Non-Hispanic",2 Years to < 3 Years,"1,943",24,33,1,193,32,19,4,16,93,25,2,61,25,17,8,32,17,25,45,165,74,54,9,55,4,2,7,38,6,105,70,5,63,14,38,162,0,12,24,4,72,119,23,3,47,47,4,45
65 and Older,"White, Non-Hispanic",3 Years to < 5 Years,"2,234",15,28,2,264,34,28,7,36,84,48,1,55,24,16,3,37,41,13,64,199,70,89,6,43,3,1,1,44,11,172,67,4,57,13,24,244,0,13,19,7,67,112,18,2,43,57,0,48
65 and Older,"White, Non-Hispanic",5 or More Years,"1,621",6,14,1,310,20,18,3,28,36,22,2,42,10,12,2,10,16,6,88,142,43,79,1,32,2,0,2,22,6,140,36,4,44,3,16,142,0,9,11,18,25,105,8,1,35,24,1,24
65 and Older,"Black, Non-Hispanic",All Time,"6,705",123,37,14,493,21,63,21,224,368,349,0,315,49,15,12,44,255,5,240,163,162,70,58,126,7,9,2,152,3,618,369,0,148,25,33,626,0,15,224,3,292,568,3,1,288,40,3,49
65 and Older,"Black, Non-Hispanic",< 30 Days,236,0,1,0,7,0,4,0,5,21,10,0,8,1,1,1,3,7,0,6,0,10,3,3,5,0,1,0,5,0,16,19,0,5,1,0,15,0,0,13,0,10,29,0,0,19,4,0,3
65 and Older,"Black, Non-Hispanic",30 to < 90 Days,434,9,7,4,18,0,2,1,16,31,20,0,22,6,0,0,2,14,0,15,8,10,5,1,9,1,1,0,7,0,44,26,0,14,1,3,38,0,0,17,0,20,33,0,0,20,1,1,7
65 and Older,"Black, Non-Hispanic",90 Days to < 6 Months,517,7,10,1,17,1,6,0,23,49,26,0,29,5,3,2,3,22,0,9,9,12,2,2,9,2,1,0,9,0,42,31,0,7,3,1,34,0,0,24,0,31,49,0,0,33,1,1,1
65 and Older,"Black, Non-Hispanic",6 Months to < 1 Year,973,21,5,5,46,3,7,4,30,69,43,0,42,7,4,2,8,45,2,36,19,26,9,3,21,1,5,0,22,0,92,61,0,22,4,6,62,0,1,39,1,54,73,2,1,53,5,0,12
65 and Older,"Black, Non-Hispanic",1 Year to < 2 Years,"1,436",33,6,2,76,5,10,3,42,81,87,0,84,16,2,4,9,48,0,40,36,43,19,13,28,3,1,0,34,0,129,84,0,38,4,7,137,0,3,56,1,61,106,1,0,67,6,0,11
65 and Older,"Black, Non-Hispanic",2 Years to < 3 Years,887,13,2,0,58,6,7,7,30,29,41,0,39,6,1,2,14,38,1,34,30,21,11,19,19,0,0,2,29,0,58,50,0,20,3,4,67,0,3,39,1,49,81,0,0,39,7,1,6
65 and Older,"Black, Non-Hispanic",3 Years to < 5 Years,"1,272",25,1,2,118,6,15,4,49,58,76,0,47,5,2,1,5,53,2,52,38,16,12,14,21,0,0,0,31,3,134,53,0,16,6,7,148,0,5,20,0,49,118,0,0,44,12,0,4
65 and Older,"Black, Non-Hispanic",5 or More Years,950,15,5,0,153,0,12,2,29,30,46,0,44,3,2,0,0,28,0,48,23,24,9,3,14,0,0,0,15,0,103,45,0,26,3,5,125,0,3,16,0,18,79,0,0,13,4,0,5
65 and Older,Hispanic/Latino,All Time,"4,149",2,85,3,"1,782",51,36,1,24,185,18,4,148,9,8,6,4,6,1,24,131,14,13,0,14,6,11,1,68,67,360,21,1,12,11,24,82,68,11,4,3,24,695,32,0,29,28,0,22
65 and Older,Hispanic/Latino,< 30 Days,152,0,7,0,50,2,3,0,0,14,1,0,5,1,1,2,0,0,0,2,0,2,0,0,0,0,1,0,2,2,11,1,0,1,0,2,2,4,1,0,0,3,28,0,0,1,2,0,1
65 and Older,Hispanic/Latino,30 to < 90 Days,272,0,11,1,86,2,2,0,2,23,0,0,19,1,1,1,1,0,0,0,3,0,0,0,2,1,2,0,5,4,20,1,0,1,3,1,5,6,0,0,0,0,61,3,0,2,2,0,0
65 and Older,Hispanic/Latino,90 Days to < 6 Months,300,0,10,1,103,3,4,0,0,20,1,0,18,0,1,0,0,1,0,2,9,0,0,0,4,2,1,0,5,7,29,1,0,1,1,1,4,10,1,0,1,2,47,2,0,3,2,0,3
65 and Older,Hispanic/Latino,6 Months to < 1 Year,507,0,11,0,169,10,5,1,2,34,4,0,29,3,1,0,1,1,0,1,18,2,1,0,1,2,2,0,11,7,50,2,0,1,2,6,9,14,1,3,0,2,87,7,0,4,2,0,1
65 and Older,Hispanic/Latino,1 Year to < 2 Years,819,1,15,0,275,14,10,0,5,40,4,1,38,2,0,3,1,2,1,6,28,4,5,0,4,0,5,0,15,9,72,4,0,2,2,4,18,14,3,1,1,2,176,9,0,8,6,0,9
65 and Older,Hispanic/Latino,2 Years to < 3 Years,539,0,9,1,249,5,3,0,6,14,1,0,16,0,1,0,0,1,0,2,20,2,2,0,3,1,0,1,8,7,44,2,0,2,1,3,13,7,3,0,0,4,86,10,0,5,4,0,3
65 and Older,Hispanic/Latino,3 Years to < 5 Years,827,0,7,0,391,12,5,0,6,29,4,0,15,2,3,0,1,1,0,5,32,1,2,0,0,0,0,0,16,19,60,5,0,2,2,7,21,11,0,0,1,10,138,1,0,5,9,0,4
65 and Older,Hispanic/Latino,5 or More Years,733,1,15,0,459,3,4,0,3,11,3,3,8,0,0,0,0,0,0,6,21,3,3,0,0,0,0,0,6,12,74,5,1,2,0,0,10,2,2,0,0,1,72,0,0,1,1,0,1
65 and Older,"Asian, Non-Hispanic",All Time,"2,719",5,31,1,"1,270",7,10,1,30,75,28,58,60,8,6,9,6,10,3,41,88,25,45,2,14,2,17,0,76,1,341,16,0,14,5,22,97,0,3,7,0,13,121,4,1,47,82,0,17
65 and Older,"Asian, Non-Hispanic",< 30 Days,71,0,5,0,23,0,0,0,1,3,0,1,4,1,1,0,0,0,0,0,0,1,0,0,0,0,1,0,3,0,7,0,0,0,0,0,4,0,0,0,0,0,6,1,0,5,4,0,0
65 and Older,"Asian, Non-Hispanic",30 to < 90 Days,141,0,4,0,54,1,1,0,2,4,1,4,4,1,2,2,0,1,0,0,2,2,2,0,0,1,1,0,5,0,24,1,0,0,0,1,6,0,0,0,0,1,5,0,0,4,5,0,0
65 and Older,"Asian, Non-Hispanic",90 Days to < 6 Months,169,1,2,0,73,0,2,0,4,8,3,1,1,1,0,0,1,0,0,4,3,2,4,0,1,0,3,0,6,0,19,1,0,1,0,3,7,0,0,1,0,0,6,0,0,6,4,0,1
65 and Older,"Asian, Non-Hispanic",6 Months to < 1 Year,358,1,5,1,116,1,4,0,5,19,6,4,13,2,0,1,1,2,1,4,13,8,8,0,3,0,4,0,15,0,58,1,0,1,2,6,11,0,0,0,0,2,19,2,1,3,11,0,4
65 and Older,"Asian, Non-Hispanic",1 Year to < 2 Years,521,1,6,0,183,3,1,1,8,15,8,11,18,2,1,4,1,2,0,12,21,7,6,0,5,1,6,0,13,0,84,7,0,4,1,4,23,0,0,0,0,3,22,1,0,12,20,0,4
65 and Older,"Asian, Non-Hispanic",2 Years to < 3 Years,387,1,2,0,171,0,0,0,1,8,1,17,5,0,2,2,2,0,2,9,19,2,7,1,3,0,1,0,12,0,42,2,0,5,1,5,5,0,2,3,0,4,21,0,0,7,19,0,3
65 and Older,"Asian, Non-Hispanic",3 Years to < 5 Years,596,1,4,0,315,2,2,0,9,13,6,11,12,1,0,0,1,2,0,7,19,2,10,1,1,0,0,0,18,0,65,2,0,1,1,2,28,0,1,2,0,2,31,0,0,8,11,0,5
65 and Older,"Asian, Non-Hispanic",5 or More Years,476,0,3,0,335,0,0,0,0,5,3,9,3,0,0,0,0,3,0,5,11,1,8,0,1,0,1,0,4,1,42,2,0,2,0,1,13,0,0,1,0,1,11,0,0,2,8,0,0
65 and Older,"American Indian/Alaska Native, Non-Hispanic",All Time,182,0,18,0,16,3,0,0,1,3,1,0,1,1,4,1,0,0,0,1,1,6,4,1,0,0,0,0,0,30,6,3,5,1,20,0,4,0,0,1,16,0,6,10,1,2,10,0,5
65 and Older,"American Indian/Alaska Native, Non-Hispanic",< 30 Days,6,0,0,0,0,0,0,0,0,0,0,0,0,0,0,0,0,0,0,0,0,0,0,0,0,0,0,0,0,0,2,1,0,0,1,0,0,0,0,0,0,0,0,1,0,0,1,0,0
65 and Older,"American Indian/Alaska Native, Non-Hispanic",30 to < 90 Days,16,0,1,0,1,0,0,0,0,1,0,0,0,0,2,0,0,0,0,1,0,0,0,0,0,0,0,0,0,0,1,1,0,0,1,0,0,0,0,0,2,0,0,1,0,1,2,0,1
65 and Older,"American Indian/Alaska Native, Non-Hispanic",90 Days to < 6 Months,14,0,2,0,0,0,0,0,0,0,0,0,1,0,0,0,0,0,0,0,0,1,0,0,0,0,0,0,0,1,1,0,2,0,3,0,0,0,0,0,0,0,0,2,0,0,1,0,0
65 and Older,"American Indian/Alaska Native, Non-Hispanic",6 Months to < 1 Year,24,0,2,0,2,1,0,0,1,1,0,0,0,1,0,1,0,0,0,0,0,1,0,0,0,0,0,0,0,3,1,0,1,0,3,0,1,0,0,1,2,0,0,0,0,0,1,0,1
65 and Older,"American Indian/Alaska Native, Non-Hispanic",1 Year to < 2 Years,33,0,1,0,3,2,0,0,0,0,0,0,0,0,0,0,0,0,0,0,0,1,1,1,0,0,0,0,0,6,1,0,2,0,5,0,2,0,0,0,3,0,0,3,0,0,1,0,1
65 and Older,"American Indian/Alaska Native, Non-Hispanic",2 Years to < 3 Years,18,0,1,0,2,0,0,0,0,0,0,0,0,0,2,0,0,0,0,0,0,1,0,0,0,0,0,0,0,6,0,0,0,0,3,0,0,0,0,0,1,0,0,0,1,1,0,0,0
65 and Older,"American Indian/Alaska Native, Non-Hispanic",3 Years to < 5 Years,40,0,3,0,4,0,0,0,0,1,0,0,0,0,0,0,0,0,0,0,1,1,1,0,0,0,0,0,0,9,0,0,0,1,2,0,1,0,0,0,6,0,3,3,0,0,3,0,1
65 and Older,"American Indian/Alaska Native, Non-Hispanic",5 or More Years,31,0,8,0,4,0,0,0,0,0,1,0,0,0,0,0,0,0,0,0,0,1,2,0,0,0,0,0,0,5,0,1,0,0,2,0,0,0,0,0,2,0,3,0,0,0,1,0,1
65 and Older,"Pacific Islander, Non-Hispanic",All Time,94,0,2,0,55,0,0,0,1,1,0,3,1,1,1,0,0,2,0,1,2,0,0,0,0,0,2,0,0,1,0,0,0,0,0,1,2,0,2,3,0,0,3,1,0,4,4,0,1
65 and Older,"Pacific Islander, Non-Hispanic",< 30 Days,4,0,0,0,4,0,0,0,0,0,0,0,0,0,0,0,0,0,0,0,0,0,0,0,0,0,0,0,0,0,0,0,0,0,0,0,0,0,0,0,0,0,0,0,0,0,0,0,0
65 and Older,"Pacific Islander, Non-Hispanic",30 to < 90 Days,3,0,0,0,0,0,0,0,0,0,0,0,0,0,1,0,0,0,0,0,0,0,0,0,0,0,1,0,0,0,0,0,0,0,0,1,0,0,0,0,0,0,0,0,0,0,0,0,0
65 and Older,"Pacific Islander, Non-Hispanic",90 Days to < 6 Months,4,0,0,0,0,0,0,0,1,0,0,1,0,0,0,0,0,0,0,0,0,0,0,0,0,0,0,0,0,0,0,0,0,0,0,0,0,0,0,0,0,0,0,0,0,1,1,0,0
65 and Older,"Pacific Islander, Non-Hispanic",6 Months to < 1 Year,11,0,0,0,6,0,0,0,0,0,0,0,0,0,0,0,0,1,0,0,2,0,0,0,0,0,1,0,0,0,0,0,0,0,0,0,0,0,0,1,0,0,0,0,0,0,0,0,0
65 and Older,"Pacific Islander, Non-Hispanic",1 Year to < 2 Years,15,0,1,0,8,0,0,0,0,0,0,1,1,1,0,0,0,0,0,1,0,0,0,0,0,0,0,0,0,0,0,0,0,0,0,0,0,0,0,0,0,0,0,1,0,0,0,0,1
65 and Older,"Pacific Islander, Non-Hispanic",2 Years to < 3 Years,14,0,1,0,5,0,0,0,0,1,0,1,0,0,0,0,0,1,0,0,0,0,0,0,0,0,0,0,0,0,0,0,0,0,0,0,2,0,0,1,0,0,1,0,0,0,1,0,0
65 and Older,"Pacific Islander, Non-Hispanic",3 Years to < 5 Years,24,0,0,0,14,0,0,0,0,0,0,0,0,0,0,0,0,0,0,0,0,0,0,0,0,0,0,0,0,1,0,0,0,0,0,0,0,0,2,1,0,0,2,0,0,3,1,0,0
65 and Older,"Pacific Islander, Non-Hispanic",5 or More Years,19,0,0,0,18,0,0,0,0,0,0,0,0,0,0,0,0,0,0,0,0,0,0,0,0,0,0,0,0,0,0,0,0,0,0,0,0,0,0,0,0,0,0,0,0,0,1,0,0
65 and Older,"Multiracial, Non-Hispanic",All Time,168,0,1,2,58,2,3,0,2,4,1,15,6,0,0,2,0,0,0,0,5,5,4,0,3,0,1,0,0,0,7,11,1,1,2,2,8,0,0,0,3,9,3,0,0,4,2,0,1
65 and Older,"Multiracial, Non-Hispanic",< 30 Days,3,0,0,0,2,0,0,0,0,0,0,0,0,0,0,0,0,0,0,0,0,0,0,0,0,0,0,0,0,0,0,0,0,0,0,0,0,0,0,0,0,0,1,0,0,0,0,0,0
65 and Older,"Multiracial, Non-Hispanic",30 to < 90 Days,9,0,0,0,2,0,2,0,0,0,0,0,0,0,0,0,0,0,0,0,0,0,1,0,0,0,0,0,0,0,1,1,0,0,1,0,0,0,0,0,0,0,0,0,0,1,0,0,0
65 and Older,"Multiracial, Non-Hispanic",90 Days to < 6 Months,8,0,0,0,2,1,0,0,0,0,0,0,0,0,0,0,0,0,0,0,0,0,0,0,0,0,1,0,0,0,0,0,0,1,0,2,0,0,0,0,0,0,0,0,0,0,0,0,1
65 and Older,"Multiracial, Non-Hispanic",6 Months to < 1 Year,17,0,0,0,4,0,0,0,2,0,1,2,0,0,0,0,0,0,0,0,1,0,0,0,1,0,0,0,0,0,0,1,0,0,0,0,2,0,0,0,0,2,0,0,0,1,0,0,0
65 and Older,"Multiracial, Non-Hispanic",1 Year to < 2 Years,31,0,1,1,3,0,0,0,0,2,0,1,3,0,0,2,0,0,0,0,2,2,1,0,2,0,0,0,0,0,2,2,0,0,1,0,0,0,0,0,1,3,0,0,0,1,1,0,0
65 and Older,"Multiracial, Non-Hispanic",2 Years to < 3 Years,33,0,0,0,13,1,1,0,0,0,0,5,2,0,0,0,0,0,0,0,1,2,0,0,0,0,0,0,0,0,2,2,0,0,0,0,0,0,0,0,0,2,2,0,0,0,0,0,0
65 and Older,"Multiracial, Non-Hispanic",3 Years to < 5 Years,32,0,0,1,18,0,0,0,0,2,0,2,0,0,0,0,0,0,0,0,0,1,0,0,0,0,0,0,0,0,2,2,1,0,0,0,1,0,0,0,1,0,0,0,0,1,0,0,0
65 and Older,"Multiracial, Non-Hispanic",5 or More Years,35,0,0,0,14,0,0,0,0,0,0,5,1,0,0,0,0,0,0,0,1,0,2,0,0,0,0,0,0,0,0,3,0,0,0,0,5,0,0,0,1,2,0,0,0,0,1,0,0