Age,Ethnicities,Wait Time,All Patient States,Alabama,Alaska,Arizona,Arkansas,California,Colorado,Connecticut,Delaware,District of Columbia,Florida,Georgia,Hawaii,Idaho,Illinois,Indiana,Iowa,Kansas,Kentucky,Louisiana,Maine,Maryland,Massachusetts,Michigan,Minnesota,Mississippi,Missouri,Montana,Nebraska,Nevada,New Hampshire,New Jersey,New Mexico,New York,North Carolina,North Dakota,Ohio,Oklahoma,Oregon,Pennsylvania,Rhode Island,South Carolina,South Dakota,Tennessee,Texas,Utah,Vermont,Virginia,Washington,West Virginia,Wisconsin,Wyoming
All Ages,All Ethnicities,All Time,"114,059","1,638",142,"1,156",485,"21,066","1,151","1,285",478,247,"5,134","3,333",569,265,"4,452","1,544",670,478,"1,160","1,828",481,"3,079","3,818","2,620","1,845","1,115","1,493",184,336,697,486,"3,663",670,"8,240","3,788",171,"2,552",809,545,"5,316",443,"2,213",323,"2,149","11,181",613,159,"3,339","1,479",407,"1,506",97
All Ages,All Ethnicities,< 30 Days,"5,234",39,4,81,32,671,59,45,9,12,366,135,15,11,233,57,38,28,66,84,17,126,94,143,69,61,77,7,27,33,25,142,27,373,198,10,164,56,9,183,13,107,17,110,490,44,5,153,72,31,77,5
All Ages,All Ethnicities,30 to < 90 Days,"9,368",92,10,116,59,"1,202",116,99,39,23,592,268,30,28,445,162,95,51,122,169,31,221,198,221,133,105,127,29,49,77,20,276,49,607,302,21,234,93,19,414,25,192,20,176,"1,015",80,7,319,109,47,146,15
All Ages,All Ethnicities,90 Days to < 6 Months,"10,151",167,12,155,68,"1,311",87,123,43,20,620,290,24,22,440,168,95,49,120,157,48,280,255,293,153,81,154,25,56,70,51,332,61,707,356,13,233,92,70,468,35,266,24,208,993,74,20,336,139,59,141,12
All Ages,All Ethnicities,6 Months to < 1 Year,"17,886",337,13,206,93,"2,544",216,199,73,39,947,511,52,59,715,292,113,108,222,294,70,424,439,449,286,157,274,33,70,140,66,604,95,"1,257",657,25,434,156,104,841,51,414,48,415,"1,898",116,25,582,264,82,253,15
All Ages,All Ethnicities,1 Year to < 2 Years,"24,856",438,35,218,105,"3,800",283,301,108,44,"1,037",803,94,62,"1,059",407,155,139,274,403,124,630,890,635,376,246,388,41,73,147,116,823,137,"1,777",868,37,605,183,145,"1,168",90,526,81,450,"2,648",151,51,780,311,74,360,21
All Ages,All Ethnicities,2 Years to < 3 Years,"15,243",230,16,128,42,"2,919",159,179,66,26,582,413,101,46,579,179,74,56,165,264,94,418,678,321,217,174,203,13,34,84,83,531,79,989,532,19,354,107,97,671,88,289,43,333,"1,466",69,18,460,220,42,207,11
All Ages,All Ethnicities,3 Years to < 5 Years,"18,277",220,34,132,53,"4,326",152,202,94,45,681,535,130,23,591,194,66,33,141,281,63,522,746,318,304,205,160,29,16,81,74,607,134,"1,453",563,23,332,78,72,929,85,266,47,305,"1,767",64,23,456,244,45,188,10
All Ages,All Ethnicities,5 or More Years,"13,044",115,18,120,33,"4,293",79,137,46,38,309,378,123,14,390,85,34,14,50,176,34,458,518,240,307,86,110,7,11,65,51,348,88,"1,077",312,23,196,44,29,642,56,153,43,152,904,15,10,253,120,27,134,8
All Ages,"White, Non-Hispanic",All Time,"45,303",681,69,451,239,"4,472",653,606,198,34,"2,141",901,61,202,"1,769",957,512,324,807,578,433,"1,005","2,240","1,597","1,141",328,911,150,234,269,428,"1,394",167,"2,757","1,344",130,"1,621",460,356,"2,772",280,735,188,"1,052","3,078",419,148,"1,369",827,355,"1,051",75
All Ages,"White, Non-Hispanic",< 30 Days,"2,483",25,2,36,21,185,39,26,5,2,168,47,1,6,120,48,28,20,49,37,15,40,72,87,46,29,51,7,14,13,24,68,9,148,79,7,115,27,7,109,6,39,11,62,154,27,5,67,35,30,64,5
All Ages,"White, Non-Hispanic",30 to < 90 Days,"4,229",49,6,49,37,279,74,57,17,7,274,102,3,21,182,105,72,33,91,74,27,63,116,134,84,46,81,26,37,37,18,116,10,215,109,17,165,58,12,254,18,68,13,95,353,60,6,118,61,38,105,15
All Ages,"White, Non-Hispanic",90 Days to < 6 Months,"4,491",71,7,67,32,291,51,54,17,4,269,90,1,16,174,117,65,35,92,56,45,96,154,202,99,31,95,20,35,29,47,147,23,267,121,9,156,50,45,270,27,106,18,105,301,53,19,144,89,53,105,10
All Ages,"White, Non-Hispanic",6 Months to < 1 Year,"7,520",159,7,84,50,574,130,102,23,2,409,144,8,44,282,180,92,71,156,91,64,123,250,286,174,54,173,26,51,38,56,223,23,421,249,19,291,90,68,491,35,136,23,208,562,81,23,249,159,74,177,9
All Ages,"White, Non-Hispanic",1 Year to < 2 Years,"10,032",177,18,71,48,872,147,137,49,6,441,212,13,47,420,235,123,91,174,113,111,198,502,369,236,75,252,33,55,59,106,309,42,582,297,28,388,107,95,598,57,168,50,213,745,92,48,303,179,62,251,14
All Ages,"White, Non-Hispanic",2 Years to < 3 Years,"5,883",95,8,57,15,619,95,80,33,3,236,116,11,34,233,111,52,40,108,77,85,122,399,187,135,34,102,10,24,29,72,197,14,344,184,15,209,59,65,349,56,91,18,153,363,47,18,177,112,38,138,6
All Ages,"White, Non-Hispanic",3 Years to < 5 Years,"6,369",80,15,52,19,809,75,88,31,4,233,122,14,20,226,116,52,27,95,84,57,179,424,197,179,45,100,22,11,34,67,216,26,472,188,21,196,46,43,430,47,85,25,145,378,49,21,194,124,38,128,8
All Ages,"White, Non-Hispanic",5 or More Years,"4,296",25,6,35,17,843,42,62,23,6,111,68,10,14,132,45,28,7,42,46,29,184,323,135,188,14,57,6,7,30,38,118,20,308,117,14,101,23,21,271,34,42,30,71,222,10,8,117,68,22,83,8
All Ages,"Black, Non-Hispanic",All Time,"32,537",904,17,126,184,"2,131",117,374,230,179,"1,734","2,127",10,3,"1,479",420,72,60,304,"1,168",26,"1,698",679,776,309,761,454,2,36,124,21,"1,240",24,"2,734","1,988",10,803,127,23,"1,844",58,"1,361",14,909,"2,795",15,2,"1,447",139,44,231,5
All Ages,"Black, Non-Hispanic",< 30 Days,"1,299",12,0,8,9,52,1,9,4,6,99,75,0,0,46,8,7,4,17,45,1,70,7,46,12,32,20,0,10,6,1,34,2,99,97,1,41,14,0,55,3,63,1,41,110,3,0,55,8,1,8,0
All Ages,"Black, Non-Hispanic",30 to < 90 Days,"2,477",40,1,12,15,111,6,20,15,15,150,142,1,0,142,41,7,6,28,90,4,134,32,70,26,57,29,0,5,10,0,82,2,188,157,0,60,7,2,109,3,112,1,67,211,2,1,144,9,8,18,0
All Ages,"Black, Non-Hispanic",90 Days to < 6 Months,"2,772",89,1,18,23,132,5,37,22,11,211,169,1,0,119,35,12,7,26,97,1,149,47,68,30,47,45,1,2,9,0,91,2,227,179,0,66,15,3,133,4,143,2,84,225,1,0,141,12,6,21,0
All Ages,"Black, Non-Hispanic",6 Months to < 1 Year,"5,021",166,1,20,35,237,14,57,41,29,303,320,3,1,232,78,11,13,56,186,5,249,77,117,33,101,82,1,6,36,1,190,3,411,333,1,120,21,1,241,4,257,3,166,428,3,1,247,19,8,43,2
All Ages,"Black, Non-Hispanic",1 Year to < 2 Years,"7,260",244,4,32,44,370,35,90,49,31,345,519,0,1,329,124,17,20,81,271,6,340,168,203,71,164,108,0,7,25,5,283,3,586,470,2,186,24,5,413,11,334,2,190,617,3,0,334,25,7,50,3
All Ages,"Black, Non-Hispanic",2 Years to < 3 Years,"4,460",127,1,14,19,298,24,48,25,20,220,260,1,1,201,52,8,4,51,178,3,244,112,90,34,135,76,0,2,16,5,188,4,322,289,0,125,21,5,227,10,188,4,147,372,2,0,223,26,2,33,0
All Ages,"Black, Non-Hispanic",3 Years to < 5 Years,"5,351",137,5,14,27,419,24,64,52,37,266,364,1,0,228,49,8,3,38,183,5,276,145,90,55,154,49,0,2,12,4,229,5,502,309,1,116,16,5,366,15,164,0,140,492,1,0,194,26,7,28,0
All Ages,"Black, Non-Hispanic",5 or More Years,"3,897",89,4,8,12,512,8,49,22,30,140,278,3,0,182,33,2,3,7,118,1,236,91,92,48,71,45,0,2,10,5,143,3,399,154,5,89,9,2,300,8,100,1,74,340,0,0,109,14,5,30,0
All Ages,Hispanic/Latino,All Time,"24,088",22,4,401,30,"9,725",300,209,29,26,953,162,27,39,879,116,51,60,29,40,7,177,587,111,134,9,49,7,40,174,18,591,345,"1,712",203,4,67,79,101,422,75,72,10,81,"4,675",112,3,243,187,3,93,11
All Ages,Hispanic/Latino,< 30 Days,"1,016",1,0,31,2,313,15,7,0,2,77,5,1,4,52,1,1,2,0,2,1,12,7,6,4,0,3,0,2,6,0,28,12,77,9,0,5,5,0,13,3,4,1,4,197,7,0,13,13,0,4,0
All Ages,Hispanic/Latino,30 to < 90 Days,"1,841",1,0,37,2,575,29,15,4,1,135,10,1,3,94,13,7,10,2,2,0,10,36,8,6,1,10,2,2,20,1,49,31,121,19,0,5,9,2,29,3,8,0,5,403,10,0,26,15,1,11,0
All Ages,Hispanic/Latino,90 Days to < 6 Months,"2,004",2,1,55,12,618,26,24,4,3,103,16,0,1,113,9,10,4,1,4,1,16,37,10,5,1,5,1,14,17,4,53,28,149,29,0,5,12,10,34,2,13,1,9,419,14,1,21,16,0,9,1
All Ages,Hispanic/Latino,6 Months to < 1 Year,"3,574",7,0,66,3,"1,175",58,27,7,7,179,27,2,11,141,20,5,13,7,6,0,24,76,22,24,1,7,2,9,34,5,110,55,256,28,0,16,15,25,77,7,17,1,13,793,22,0,37,33,0,9,3
All Ages,Hispanic/Latino,1 Year to < 2 Years,"5,010",6,2,85,6,"1,695",78,52,5,5,185,39,6,7,236,31,11,20,11,10,1,45,140,22,25,2,9,1,7,35,2,133,68,356,46,3,13,16,25,90,17,14,2,20,"1,136",33,1,75,37,1,28,3
All Ages,Hispanic/Latino,2 Years to < 3 Years,"3,212",3,0,35,2,"1,325",28,34,4,3,97,16,3,11,105,14,9,7,3,7,1,25,109,22,19,1,6,1,4,28,3,78,37,212,27,0,10,12,16,69,17,5,2,15,643,16,0,26,19,1,16,3
All Ages,Hispanic/Latino,3 Years to < 5 Years,"4,272",2,1,41,2,"2,039",43,34,5,3,133,32,6,2,90,23,4,2,4,6,0,20,119,15,29,2,7,0,1,25,1,88,72,288,25,0,10,4,19,69,18,5,2,13,780,8,1,33,39,0,10,1
All Ages,Hispanic/Latino,5 or More Years,"3,159",0,0,51,1,"1,985",23,16,0,2,44,17,8,0,48,5,4,2,1,3,3,25,63,6,22,1,2,0,1,9,2,52,42,253,20,1,3,6,4,41,8,6,1,2,304,2,0,12,15,0,6,0
All Ages,"Asian, Non-Hispanic",All Time,"9,650",25,27,47,11,"4,158",55,70,19,5,247,130,310,4,285,44,18,17,16,34,12,178,286,84,213,9,53,7,10,91,17,418,10,965,119,2,51,21,35,245,24,35,7,56,545,20,4,243,235,3,101,0
All Ages,"Asian, Non-Hispanic",< 30 Days,328,1,0,3,0,100,3,1,0,1,16,7,10,1,15,0,1,2,0,0,0,4,6,1,6,0,2,0,1,8,0,12,0,41,5,0,3,1,1,6,1,1,0,0,25,1,0,16,12,0,1,0
All Ages,"Asian, Non-Hispanic",30 to < 90 Days,626,2,3,6,0,214,5,5,2,0,26,14,17,2,25,3,4,2,1,1,0,11,14,7,10,1,3,1,1,5,1,29,2,72,6,0,2,2,1,17,1,4,0,4,39,4,0,26,16,0,9,0
All Ages,"Asian, Non-Hispanic",90 Days to < 6 Months,686,5,1,4,0,250,3,7,0,1,29,14,13,0,28,6,4,0,1,0,1,18,15,8,13,1,6,0,3,14,0,39,0,60,13,0,5,3,8,28,2,3,1,6,36,1,0,23,10,0,3,0
All Ages,"Asian, Non-Hispanic",6 Months to < 1 Year,"1,399",4,4,12,4,487,9,10,2,0,49,18,24,0,52,13,3,5,3,8,1,25,31,17,45,0,8,3,1,21,4,74,2,161,25,0,7,5,5,26,4,3,2,17,102,2,1,43,38,0,18,0
All Ages,"Asian, Non-Hispanic",1 Year to < 2 Years,"2,066",8,6,5,1,757,13,18,4,2,55,30,46,1,67,14,2,5,6,8,4,43,74,30,38,3,13,2,2,20,3,94,1,242,35,0,14,6,8,65,5,10,0,15,141,7,1,61,51,2,27,0
All Ages,"Asian, Non-Hispanic",2 Years to < 3 Years,"1,330",3,5,8,3,584,10,10,4,0,22,18,57,0,34,2,3,2,3,1,5,24,56,10,25,1,14,0,2,9,3,64,2,102,13,2,9,2,7,22,3,3,2,9,70,2,0,32,52,1,14,0
All Ages,"Asian, Non-Hispanic",3 Years to < 5 Years,"1,843",1,4,7,2,940,8,11,6,1,39,16,70,0,41,4,1,1,2,7,0,41,53,7,35,3,2,0,0,4,2,72,2,177,14,0,8,1,3,57,2,8,1,4,98,1,1,28,39,0,17,0
All Ages,"Asian, Non-Hispanic",5 or More Years,"1,372",1,4,2,1,826,4,8,1,0,11,13,73,0,23,2,0,0,0,9,1,12,37,4,41,0,5,1,0,10,4,34,1,110,8,0,3,1,2,24,6,3,1,1,34,2,1,14,17,0,12,0
All Ages,"American Indian/Alaska Native, Non-Hispanic",All Time,941,5,8,116,2,93,13,2,1,0,15,4,2,7,9,3,8,3,0,4,1,8,4,23,26,7,8,16,8,9,0,0,123,20,51,22,2,99,5,8,3,2,91,2,32,19,1,3,23,0,22,5
All Ages,"American Indian/Alaska Native, Non-Hispanic",< 30 Days,44,0,1,2,0,2,0,0,0,0,2,1,0,0,0,0,0,0,0,0,0,0,0,2,0,0,1,0,0,0,0,0,4,3,4,2,0,7,0,0,0,0,4,0,0,5,0,0,2,0,0,0
All Ages,"American Indian/Alaska Native, Non-Hispanic",30 to < 90 Days,76,0,0,9,0,5,2,0,0,0,2,0,0,1,2,0,2,0,0,1,0,1,0,1,3,0,1,0,2,1,0,0,4,2,2,4,0,14,1,0,0,0,6,0,1,2,0,1,3,0,2,0
All Ages,"American Indian/Alaska Native, Non-Hispanic",90 Days to < 6 Months,87,0,1,11,0,3,0,0,0,0,3,1,1,2,3,1,1,0,0,0,0,0,0,2,4,1,0,3,1,0,0,0,8,2,9,4,0,11,1,1,0,1,2,0,4,1,0,0,3,0,1,1
All Ages,"American Indian/Alaska Native, Non-Hispanic",6 Months to < 1 Year,157,1,1,18,1,13,1,0,0,0,2,0,0,1,2,1,1,0,0,2,0,2,1,5,7,1,2,1,1,3,0,0,12,2,8,4,0,21,1,3,1,0,17,0,7,2,0,0,5,0,6,1
All Ages,"American Indian/Alaska Native, Non-Hispanic",1 Year to < 2 Years,189,3,1,23,0,19,7,0,1,0,2,1,0,2,1,1,2,1,0,0,0,2,0,3,5,2,2,4,1,2,0,0,23,3,9,3,1,24,2,2,0,0,21,0,3,7,0,0,3,0,2,1
All Ages,"American Indian/Alaska Native, Non-Hispanic",2 Years to < 3 Years,127,1,1,12,1,13,1,1,0,0,1,0,0,0,0,0,1,1,0,1,0,2,0,5,2,2,1,2,2,1,0,0,22,4,6,2,0,10,0,0,1,0,16,0,5,0,0,0,3,0,6,1
All Ages,"American Indian/Alaska Native, Non-Hispanic",3 Years to < 5 Years,155,0,3,17,0,16,2,1,0,0,2,0,1,1,1,0,1,0,0,0,1,1,2,3,4,1,0,6,1,1,0,0,28,3,9,1,1,7,0,2,1,1,17,1,8,2,0,2,3,0,3,1
All Ages,"American Indian/Alaska Native, Non-Hispanic",5 or More Years,106,0,0,24,0,22,0,0,0,0,1,1,0,0,0,0,0,1,0,0,0,0,1,2,1,0,1,0,0,1,0,0,22,1,4,2,0,5,0,0,0,0,8,1,4,0,1,0,1,0,2,0
All Ages,"Pacific Islander, Non-Hispanic",All Time,622,0,15,4,2,275,5,1,1,0,9,3,83,6,7,2,5,0,2,3,2,2,6,3,3,1,4,0,2,19,0,3,1,4,8,1,3,5,13,2,2,3,0,2,24,21,0,10,50,0,1,0
All Ages,"Pacific Islander, Non-Hispanic",< 30 Days,20,0,1,0,0,10,1,0,0,0,0,0,0,0,0,0,1,0,0,0,0,0,1,0,1,0,0,0,0,0,0,0,0,2,1,0,0,0,0,0,0,0,0,0,0,0,0,0,2,0,0,0
All Ages,"Pacific Islander, Non-Hispanic",30 to < 90 Days,38,0,0,2,1,8,0,0,1,0,2,0,5,1,0,0,1,0,0,1,0,0,0,0,0,0,0,0,1,1,0,0,0,1,1,0,1,1,0,1,0,0,0,0,3,2,0,0,4,0,0,0
All Ages,"Pacific Islander, Non-Hispanic",90 Days to < 6 Months,36,0,0,0,0,8,0,0,0,0,1,0,3,1,2,0,1,0,0,0,0,0,0,0,0,0,1,0,1,1,0,0,0,0,0,0,0,0,1,0,0,0,0,0,2,3,0,4,7,0,0,0
All Ages,"Pacific Islander, Non-Hispanic",6 Months to < 1 Year,80,0,0,0,0,34,2,0,0,0,1,0,7,1,0,0,1,0,0,1,0,0,3,1,1,0,1,0,0,6,0,0,0,0,2,1,0,2,2,0,0,1,0,0,1,5,0,0,6,0,0,0
All Ages,"Pacific Islander, Non-Hispanic",1 Year to < 2 Years,126,0,4,1,0,44,2,0,0,0,1,2,17,3,2,2,0,0,2,1,2,1,1,1,1,0,0,0,0,5,0,1,0,0,3,0,0,0,7,0,0,0,0,1,3,5,0,2,11,0,1,0
All Ages,"Pacific Islander, Non-Hispanic",2 Years to < 3 Years,92,0,1,1,0,43,0,0,0,0,3,0,14,0,1,0,1,0,0,0,0,0,0,0,0,1,2,0,0,1,0,2,0,0,1,0,1,0,2,0,0,1,0,1,6,2,0,1,7,0,0,0
All Ages,"Pacific Islander, Non-Hispanic",3 Years to < 5 Years,126,0,6,0,0,60,0,1,0,0,0,0,20,0,1,0,0,0,0,0,0,1,1,0,0,0,0,0,0,2,0,0,1,1,0,0,1,2,1,0,2,1,0,0,9,3,0,3,10,0,0,0
All Ages,"Pacific Islander, Non-Hispanic",5 or More Years,104,0,3,0,1,68,0,0,0,0,1,1,17,0,1,0,0,0,0,0,0,0,0,1,0,0,0,0,0,3,0,0,0,0,0,0,0,0,0,1,0,0,0,0,0,1,0,0,3,0,0,0
All Ages,"Multiracial, Non-Hispanic",All Time,918,1,2,11,17,212,8,23,0,3,35,6,76,4,24,2,4,14,2,1,0,11,16,26,19,0,14,2,6,11,2,17,0,48,75,2,5,18,12,23,1,5,13,47,32,7,1,24,18,2,7,1
All Ages,"Multiracial, Non-Hispanic",< 30 Days,44,0,0,1,0,9,0,2,0,1,4,0,3,0,0,0,0,0,0,0,0,0,1,1,0,0,0,0,0,0,0,0,0,3,3,0,0,2,1,0,0,0,0,3,4,1,0,2,0,0,0,0
All Ages,"Multiracial, Non-Hispanic",30 to < 90 Days,81,0,0,1,4,10,0,2,0,0,3,0,3,0,0,0,2,0,0,0,0,2,0,1,4,0,3,0,1,3,0,0,0,8,8,0,1,2,1,4,0,0,0,5,5,0,0,4,1,0,1,0
All Ages,"Multiracial, Non-Hispanic",90 Days to < 6 Months,75,0,1,0,1,9,2,1,0,1,4,0,5,2,1,0,2,3,0,0,0,1,2,3,2,0,2,0,0,0,0,2,0,2,5,0,1,1,2,2,0,0,0,4,6,1,0,3,2,0,2,0
All Ages,"Multiracial, Non-Hispanic",6 Months to < 1 Year,135,0,0,6,0,24,2,3,0,1,4,2,8,1,6,0,0,6,0,0,0,1,1,1,2,0,1,0,2,2,0,7,0,6,12,0,0,2,2,3,0,0,2,11,5,1,0,6,4,0,0,0
All Ages,"Multiracial, Non-Hispanic",1 Year to < 2 Years,173,0,0,1,6,43,1,4,0,0,8,0,12,1,4,0,0,2,0,0,0,1,5,7,0,0,4,1,1,1,0,3,0,8,8,1,3,6,3,0,0,0,6,11,3,4,1,5,5,2,1,0
All Ages,"Multiracial, Non-Hispanic",2 Years to < 3 Years,139,1,0,1,2,37,1,6,0,0,3,3,15,0,5,0,0,2,0,0,0,1,2,7,2,0,2,0,0,0,0,2,0,5,12,0,0,3,2,4,1,1,1,8,7,0,0,1,1,0,0,1
All Ages,"Multiracial, Non-Hispanic",3 Years to < 5 Years,161,0,0,1,3,43,0,3,0,0,8,1,18,0,4,2,0,0,2,1,0,4,2,6,2,0,2,1,1,3,0,2,0,10,18,0,0,2,1,5,0,2,2,2,2,0,0,2,3,0,2,0
All Ages,"Multiracial, Non-Hispanic",5 or More Years,110,0,1,0,1,37,2,2,0,0,1,0,12,0,4,0,0,1,0,0,0,1,3,0,7,0,0,0,1,2,2,1,0,6,9,1,0,0,0,5,0,2,2,3,0,0,0,1,2,0,1,0
0-5 Years,All Ethnicities,All Time,713,8,2,20,7,100,18,5,2,3,47,22,2,1,32,9,1,8,8,6,0,11,11,10,19,3,17,2,6,8,1,20,4,45,15,3,24,6,6,21,3,9,1,11,69,9,2,20,19,6,13,0
0-5 Years,All Ethnicities,< 30 Days,84,0,1,2,1,15,1,0,0,0,6,4,0,0,4,3,0,0,1,3,0,0,0,1,1,0,2,0,4,0,0,0,1,8,1,0,0,0,1,0,0,0,0,1,9,2,0,0,3,1,3,0
0-5 Years,All Ethnicities,30 to < 90 Days,151,1,0,6,2,15,5,1,1,1,10,4,1,0,7,1,0,1,1,0,0,3,2,2,4,2,7,0,1,2,0,2,0,8,4,2,5,2,0,5,1,2,0,1,12,1,0,9,2,3,2,0
0-5 Years,All Ethnicities,90 Days to < 6 Months,119,2,0,6,1,15,1,1,0,1,7,3,0,0,11,0,0,2,2,0,0,1,1,2,2,1,3,1,1,0,1,5,1,4,5,1,6,0,0,2,0,1,0,6,11,5,0,3,0,2,2,0
0-5 Years,All Ethnicities,6 Months to < 1 Year,143,2,0,2,2,21,5,0,1,0,5,7,1,1,2,2,1,4,3,1,0,5,4,2,4,0,1,0,0,3,0,7,0,6,1,0,7,2,2,7,0,1,0,1,20,1,1,2,3,0,3,0
0-5 Years,All Ethnicities,1 Year to < 2 Years,120,1,1,1,0,21,3,3,0,0,9,3,0,0,4,2,0,1,0,2,0,2,1,2,5,0,2,1,0,2,0,3,1,12,3,0,1,2,2,4,1,1,0,1,12,0,1,4,5,0,1,0
0-5 Years,All Ethnicities,2 Years to < 3 Years,59,0,0,3,1,8,3,0,0,1,9,1,0,0,1,1,0,0,1,0,0,0,2,0,2,0,0,0,0,1,0,1,0,4,1,0,3,0,0,3,1,0,1,1,1,0,0,1,5,0,0,0
0-5 Years,All Ethnicities,3 Years to < 5 Years,31,2,0,0,0,5,0,0,0,0,1,0,0,0,1,0,0,0,0,0,0,0,1,1,0,0,2,0,0,0,0,2,1,3,0,0,2,0,0,0,0,4,0,0,3,0,0,1,1,0,1,0
0-5 Years,All Ethnicities,5 or More Years,6,0,0,0,0,0,0,0,0,0,0,0,0,0,2,0,0,0,0,0,0,0,0,0,1,0,0,0,0,0,0,0,0,0,0,0,0,0,1,0,0,0,0,0,1,0,0,0,0,0,1,0
0-5 Years,"White, Non-Hispanic",All Time,342,4,1,10,3,31,11,2,2,0,19,9,0,0,12,8,0,5,7,5,0,5,5,8,7,3,8,0,1,3,1,10,0,22,8,2,13,4,3,12,1,3,1,6,35,4,2,12,7,6,8,0
0-5 Years,"White, Non-Hispanic",< 30 Days,35,0,1,0,0,6,1,0,0,0,0,2,0,0,1,3,0,0,1,3,0,0,0,0,1,0,1,0,0,0,0,0,0,2,0,0,0,0,0,0,0,0,0,1,4,1,0,0,1,1,2,0
0-5 Years,"White, Non-Hispanic",30 to < 90 Days,79,1,0,4,2,6,4,1,1,0,5,2,0,0,4,1,0,1,0,0,0,2,0,2,1,2,4,0,0,1,0,1,0,2,2,1,4,2,0,3,0,0,0,0,4,0,0,4,1,3,1,0
0-5 Years,"White, Non-Hispanic",90 Days to < 6 Months,60,1,0,3,0,7,1,1,0,0,3,0,0,0,4,0,0,1,2,0,0,0,1,1,0,1,0,0,1,0,1,5,0,2,3,1,1,0,0,2,0,0,0,4,5,3,0,3,0,2,1,0
0-5 Years,"White, Non-Hispanic",6 Months to < 1 Year,63,1,0,0,1,0,3,0,1,0,3,3,0,0,0,2,0,2,3,1,0,2,2,2,1,0,0,0,0,0,0,3,0,4,0,0,5,1,1,3,0,0,0,1,14,0,1,2,0,0,1,0
0-5 Years,"White, Non-Hispanic",1 Year to < 2 Years,54,0,0,0,0,8,0,0,0,0,4,2,0,0,1,1,0,1,0,1,0,1,1,2,3,0,1,0,0,1,0,0,0,6,3,0,1,1,1,3,1,0,0,0,5,0,1,1,3,0,1,0
0-5 Years,"White, Non-Hispanic",2 Years to < 3 Years,28,0,0,3,0,2,2,0,0,0,3,0,0,0,1,1,0,0,1,0,0,0,1,0,0,0,0,0,0,1,0,0,0,4,0,0,0,0,0,1,0,0,1,0,1,0,0,1,2,0,0,0
0-5 Years,"White, Non-Hispanic",3 Years to < 5 Years,18,1,0,0,0,2,0,0,0,0,1,0,0,0,0,0,0,0,0,0,0,0,0,1,0,0,2,0,0,0,0,1,0,2,0,0,2,0,0,0,0,3,0,0,1,0,0,1,0,0,1,0
0-5 Years,"White, Non-Hispanic",5 or More Years,5,0,0,0,0,0,0,0,0,0,0,0,0,0,1,0,0,0,0,0,0,0,0,0,1,0,0,0,0,0,0,0,0,0,0,0,0,0,1,0,0,0,0,0,1,0,0,0,0,0,1,0
0-5 Years,"Black, Non-Hispanic",All Time,139,3,0,1,4,8,1,0,0,2,11,8,0,0,14,0,0,1,1,1,0,4,3,1,9,0,4,0,5,3,0,3,0,5,2,0,8,0,0,2,0,5,0,5,12,0,0,7,1,0,4,0
0-5 Years,"Black, Non-Hispanic",< 30 Days,14,0,0,1,1,0,0,0,0,0,1,2,0,0,1,0,0,0,0,0,0,0,0,1,0,0,1,0,4,0,0,0,0,0,0,0,0,0,0,0,0,0,0,0,0,0,0,0,0,0,1,0
0-5 Years,"Black, Non-Hispanic",30 to < 90 Days,30,0,0,0,0,1,0,0,0,1,3,2,0,0,2,0,0,0,1,0,0,1,0,0,3,0,1,0,1,0,0,1,0,1,1,0,0,0,0,0,0,2,0,1,3,0,0,4,0,0,1,0
0-5 Years,"Black, Non-Hispanic",90 Days to < 6 Months,27,1,0,0,1,0,0,0,0,0,3,1,0,0,6,0,0,0,0,0,0,1,0,0,1,0,1,0,0,0,0,0,0,2,0,0,5,0,0,0,0,1,0,2,1,0,0,0,0,0,1,0
0-5 Years,"Black, Non-Hispanic",6 Months to < 1 Year,24,0,0,0,1,1,0,0,0,0,0,2,0,0,2,0,0,1,0,0,0,2,2,0,2,0,1,0,0,3,0,1,0,0,0,0,0,0,0,0,0,1,0,0,4,0,0,0,0,0,1,0
0-5 Years,"Black, Non-Hispanic",1 Year to < 2 Years,25,1,0,0,0,6,0,0,0,0,1,0,0,0,3,0,0,0,0,1,0,0,0,0,2,0,0,0,0,0,0,0,0,2,0,0,0,0,0,1,0,0,0,1,4,0,0,3,0,0,0,0
0-5 Years,"Black, Non-Hispanic",2 Years to < 3 Years,15,0,0,0,1,0,1,0,0,1,3,1,0,0,0,0,0,0,0,0,0,0,0,0,1,0,0,0,0,0,0,0,0,0,1,0,3,0,0,1,0,0,0,1,0,0,0,0,1,0,0,0
0-5 Years,"Black, Non-Hispanic",3 Years to < 5 Years,4,1,0,0,0,0,0,0,0,0,0,0,0,0,0,0,0,0,0,0,0,0,1,0,0,0,0,0,0,0,0,1,0,0,0,0,0,0,0,0,0,1,0,0,0,0,0,0,0,0,0,0
0-5 Years,Hispanic/Latino,All Time,163,1,1,7,0,40,4,3,0,1,13,4,0,1,6,1,0,1,0,0,0,2,2,1,2,0,2,1,0,1,0,4,4,15,2,0,2,1,1,6,2,1,0,0,19,1,0,1,7,0,0,0
0-5 Years,Hispanic/Latino,< 30 Days,24,0,0,0,0,5,0,0,0,0,4,0,0,0,2,0,0,0,0,0,0,0,0,0,0,0,0,0,0,0,0,0,1,5,0,0,0,0,0,0,0,0,0,0,4,0,0,0,2,0,0,0
0-5 Years,Hispanic/Latino,30 to < 90 Days,24,0,0,2,0,4,1,0,0,0,1,0,0,0,1,0,0,0,0,0,0,0,2,0,0,0,1,0,0,0,0,0,0,3,0,0,0,0,0,1,1,0,0,0,4,0,0,1,0,0,0,0
0-5 Years,Hispanic/Latino,90 Days to < 6 Months,23,0,0,3,0,5,0,0,0,1,0,1,0,0,1,0,0,0,0,0,0,0,0,1,0,0,1,1,0,0,0,0,1,0,2,0,0,0,0,0,0,0,0,0,5,1,0,0,0,0,0,0
0-5 Years,Hispanic/Latino,6 Months to < 1 Year,40,1,0,1,0,15,2,0,0,0,1,2,0,1,0,0,0,1,0,0,0,1,0,0,1,0,0,0,0,0,0,3,0,2,0,0,2,0,0,4,0,0,0,0,2,0,0,0,1,0,0,0
0-5 Years,Hispanic/Latino,1 Year to < 2 Years,31,0,1,1,0,5,1,3,0,0,4,1,0,0,0,1,0,0,0,0,0,1,0,0,0,0,0,0,0,1,0,0,1,4,0,0,0,1,1,0,0,1,0,0,3,0,0,0,1,0,0,0
0-5 Years,Hispanic/Latino,2 Years to < 3 Years,12,0,0,0,0,3,0,0,0,0,3,0,0,0,0,0,0,0,0,0,0,0,0,0,1,0,0,0,0,0,0,1,0,0,0,0,0,0,0,1,1,0,0,0,0,0,0,0,2,0,0,0
0-5 Years,Hispanic/Latino,3 Years to < 5 Years,8,0,0,0,0,3,0,0,0,0,0,0,0,0,1,0,0,0,0,0,0,0,0,0,0,0,0,0,0,0,0,0,1,1,0,0,0,0,0,0,0,0,0,0,1,0,0,0,1,0,0,0
0-5 Years,Hispanic/Latino,5 or More Years,1,0,0,0,0,0,0,0,0,0,0,0,0,0,1,0,0,0,0,0,0,0,0,0,0,0,0,0,0,0,0,0,0,0,0,0,0,0,0,0,0,0,0,0,0,0,0,0,0,0,0,0
0-5 Years,"Asian, Non-Hispanic",All Time,32,0,0,0,0,17,2,0,0,0,0,0,1,0,0,0,1,0,0,0,0,0,1,0,0,0,0,0,0,0,0,2,0,3,0,0,0,0,0,1,0,0,0,0,1,1,0,0,1,0,1,0
0-5 Years,"Asian, Non-Hispanic",< 30 Days,5,0,0,0,0,4,0,0,0,0,0,0,0,0,0,0,0,0,0,0,0,0,0,0,0,0,0,0,0,0,0,0,0,1,0,0,0,0,0,0,0,0,0,0,0,0,0,0,0,0,0,0
0-5 Years,"Asian, Non-Hispanic",30 to < 90 Days,9,0,0,0,0,3,0,0,0,0,0,0,1,0,0,0,0,0,0,0,0,0,0,0,0,0,0,0,0,0,0,0,0,2,0,0,0,0,0,1,0,0,0,0,0,1,0,0,1,0,0,0
0-5 Years,"Asian, Non-Hispanic",90 Days to < 6 Months,2,0,0,0,0,2,0,0,0,0,0,0,0,0,0,0,0,0,0,0,0,0,0,0,0,0,0,0,0,0,0,0,0,0,0,0,0,0,0,0,0,0,0,0,0,0,0,0,0,0,0,0
0-5 Years,"Asian, Non-Hispanic",6 Months to < 1 Year,6,0,0,0,0,4,0,0,0,0,0,0,0,0,0,0,1,0,0,0,0,0,0,0,0,0,0,0,0,0,0,0,0,0,0,0,0,0,0,0,0,0,0,0,0,0,0,0,0,0,1,0
0-5 Years,"Asian, Non-Hispanic",1 Year to < 2 Years,6,0,0,0,0,2,2,0,0,0,0,0,0,0,0,0,0,0,0,0,0,0,0,0,0,0,0,0,0,0,0,2,0,0,0,0,0,0,0,0,0,0,0,0,0,0,0,0,0,0,0,0
0-5 Years,"Asian, Non-Hispanic",2 Years to < 3 Years,3,0,0,0,0,2,0,0,0,0,0,0,0,0,0,0,0,0,0,0,0,0,1,0,0,0,0,0,0,0,0,0,0,0,0,0,0,0,0,0,0,0,0,0,0,0,0,0,0,0,0,0
0-5 Years,"Asian, Non-Hispanic",3 Years to < 5 Years,1,0,0,0,0,0,0,0,0,0,0,0,0,0,0,0,0,0,0,0,0,0,0,0,0,0,0,0,0,0,0,0,0,0,0,0,0,0,0,0,0,0,0,0,1,0,0,0,0,0,0,0
0-5 Years,"American Indian/Alaska Native, Non-Hispanic",All Time,7,0,0,0,0,0,0,0,0,0,2,1,0,0,0,0,0,0,0,0,0,0,0,0,0,0,0,1,0,0,0,0,0,0,0,1,0,0,0,0,0,0,0,0,0,1,0,0,1,0,0,0
0-5 Years,"American Indian/Alaska Native, Non-Hispanic",< 30 Days,2,0,0,0,0,0,0,0,0,0,1,0,0,0,0,0,0,0,0,0,0,0,0,0,0,0,0,0,0,0,0,0,0,0,0,0,0,0,0,0,0,0,0,0,0,1,0,0,0,0,0,0
0-5 Years,"American Indian/Alaska Native, Non-Hispanic",30 to < 90 Days,1,0,0,0,0,0,0,0,0,0,0,0,0,0,0,0,0,0,0,0,0,0,0,0,0,0,0,0,0,0,0,0,0,0,0,1,0,0,0,0,0,0,0,0,0,0,0,0,0,0,0,0
0-5 Years,"American Indian/Alaska Native, Non-Hispanic",90 Days to < 6 Months,2,0,0,0,0,0,0,0,0,0,1,1,0,0,0,0,0,0,0,0,0,0,0,0,0,0,0,0,0,0,0,0,0,0,0,0,0,0,0,0,0,0,0,0,0,0,0,0,0,0,0,0
0-5 Years,"American Indian/Alaska Native, Non-Hispanic",6 Months to < 1 Year,1,0,0,0,0,0,0,0,0,0,0,0,0,0,0,0,0,0,0,0,0,0,0,0,0,0,0,0,0,0,0,0,0,0,0,0,0,0,0,0,0,0,0,0,0,0,0,0,1,0,0,0
0-5 Years,"American Indian/Alaska Native, Non-Hispanic",1 Year to < 2 Years,1,0,0,0,0,0,0,0,0,0,0,0,0,0,0,0,0,0,0,0,0,0,0,0,0,0,0,1,0,0,0,0,0,0,0,0,0,0,0,0,0,0,0,0,0,0,0,0,0,0,0,0
0-5 Years,"Pacific Islander, Non-Hispanic",All Time,3,0,0,0,0,0,0,0,0,0,1,0,1,0,0,0,0,0,0,0,0,0,0,0,0,0,0,0,0,0,0,0,0,0,0,0,0,0,0,0,0,0,0,0,0,0,0,0,1,0,0,0
0-5 Years,"Pacific Islander, Non-Hispanic",6 Months to < 1 Year,2,0,0,0,0,0,0,0,0,0,1,0,1,0,0,0,0,0,0,0,0,0,0,0,0,0,0,0,0,0,0,0,0,0,0,0,0,0,0,0,0,0,0,0,0,0,0,0,0,0,0,0
0-5 Years,"Pacific Islander, Non-Hispanic",1 Year to < 2 Years,1,0,0,0,0,0,0,0,0,0,0,0,0,0,0,0,0,0,0,0,0,0,0,0,0,0,0,0,0,0,0,0,0,0,0,0,0,0,0,0,0,0,0,0,0,0,0,0,1,0,0,0
0-5 Years,"Multiracial, Non-Hispanic",All Time,27,0,0,2,0,4,0,0,0,0,1,0,0,0,0,0,0,1,0,0,0,0,0,0,1,0,3,0,0,1,0,1,0,0,3,0,1,1,2,0,0,0,0,0,2,2,0,0,1,0,0,0
0-5 Years,"Multiracial, Non-Hispanic",< 30 Days,4,0,0,1,0,0,0,0,0,0,0,0,0,0,0,0,0,0,0,0,0,0,0,0,0,0,0,0,0,0,0,0,0,0,1,0,0,0,1,0,0,0,0,0,1,0,0,0,0,0,0,0
0-5 Years,"Multiracial, Non-Hispanic",30 to < 90 Days,8,0,0,0,0,1,0,0,0,0,1,0,0,0,0,0,0,0,0,0,0,0,0,0,0,0,1,0,0,1,0,0,0,0,1,0,1,0,0,0,0,0,0,0,1,0,0,0,0,0,0,0
0-5 Years,"Multiracial, Non-Hispanic",90 Days to < 6 Months,5,0,0,0,0,1,0,0,0,0,0,0,0,0,0,0,0,1,0,0,0,0,0,0,1,0,1,0,0,0,0,0,0,0,0,0,0,0,0,0,0,0,0,0,0,1,0,0,0,0,0,0
0-5 Years,"Multiracial, Non-Hispanic",6 Months to < 1 Year,7,0,0,1,0,1,0,0,0,0,0,0,0,0,0,0,0,0,0,0,0,0,0,0,0,0,0,0,0,0,0,0,0,0,1,0,0,1,1,0,0,0,0,0,0,1,0,0,1,0,0,0
0-5 Years,"Multiracial, Non-Hispanic",1 Year to < 2 Years,2,0,0,0,0,0,0,0,0,0,0,0,0,0,0,0,0,0,0,0,0,0,0,0,0,0,1,0,0,0,0,1,0,0,0,0,0,0,0,0,0,0,0,0,0,0,0,0,0,0,0,0
0-5 Years,"Multiracial, Non-Hispanic",2 Years to < 3 Years,1,0,0,0,0,1,0,0,0,0,0,0,0,0,0,0,0,0,0,0,0,0,0,0,0,0,0,0,0,0,0,0,0,0,0,0,0,0,0,0,0,0,0,0,0,0,0,0,0,0,0,0
6-10 Years,All Ethnicities,All Time,501,7,0,4,6,90,3,4,0,1,27,17,4,1,21,11,4,10,4,9,1,13,8,7,13,5,3,0,2,4,1,11,1,29,12,0,19,4,4,27,0,8,0,10,48,4,1,19,10,0,5,1
6-10 Years,All Ethnicities,< 30 Days,35,1,0,0,0,6,1,1,0,0,2,0,0,0,3,0,0,2,0,3,0,2,0,1,0,0,0,0,0,0,0,0,0,2,2,0,3,0,0,1,0,0,0,1,3,0,0,0,1,0,0,0
6-10 Years,All Ethnicities,30 to < 90 Days,51,1,0,1,0,7,0,1,0,0,4,2,0,0,1,1,1,0,0,1,0,0,1,0,1,4,0,0,1,2,0,2,0,6,1,0,2,0,0,0,0,0,0,1,7,0,0,3,0,0,0,0
6-10 Years,All Ethnicities,90 Days to < 6 Months,46,0,0,0,1,1,0,1,0,0,3,2,0,0,2,1,2,1,1,1,0,0,0,0,2,0,0,0,0,0,0,2,0,4,2,0,5,0,0,3,0,2,0,1,2,0,1,3,1,0,0,0
6-10 Years,All Ethnicities,6 Months to < 1 Year,76,1,0,1,2,16,1,0,0,0,3,3,2,0,1,2,0,1,2,1,1,1,2,0,1,0,0,0,1,0,1,2,0,2,3,0,1,0,2,4,0,1,0,1,9,1,0,2,2,0,2,0
6-10 Years,All Ethnicities,1 Year to < 2 Years,102,4,0,1,2,21,1,1,0,1,10,3,0,1,2,2,1,1,0,2,0,2,2,1,6,1,1,0,0,0,0,2,1,4,1,0,3,3,1,2,0,1,0,3,8,1,0,3,0,0,0,1
6-10 Years,All Ethnicities,2 Years to < 3 Years,49,0,0,1,0,10,0,0,0,0,3,3,0,0,4,0,0,2,1,0,0,5,0,0,1,0,1,0,0,1,0,1,0,1,1,0,1,0,1,0,0,1,0,2,5,0,0,2,1,0,1,0
6-10 Years,All Ethnicities,3 Years to < 5 Years,65,0,0,0,0,16,0,0,0,0,2,2,1,0,5,0,0,3,0,0,0,0,2,5,1,0,1,0,0,1,0,0,0,6,1,0,3,0,0,3,0,0,0,1,4,2,0,2,3,0,1,0
6-10 Years,All Ethnicities,5 or More Years,77,0,0,0,1,13,0,0,0,0,0,2,1,0,3,5,0,0,0,1,0,3,1,0,1,0,0,0,0,0,0,2,0,4,1,0,1,1,0,14,0,3,0,0,10,0,0,4,2,0,1,0
6-10 Years,"White, Non-Hispanic",All Time,232,5,0,0,3,27,1,1,0,0,12,5,0,1,8,10,2,8,3,2,1,5,2,3,7,3,2,0,2,4,1,4,0,10,5,0,13,3,0,13,0,5,0,6,21,2,1,16,5,0,2,1
6-10 Years,"White, Non-Hispanic",< 30 Days,12,0,0,0,0,1,0,0,0,0,0,0,0,0,1,0,0,1,0,0,0,2,0,1,0,0,0,0,0,0,0,0,0,0,2,0,1,0,0,0,0,0,0,0,2,0,0,0,1,0,0,0
6-10 Years,"White, Non-Hispanic",30 to < 90 Days,24,1,0,0,0,1,0,0,0,0,1,1,0,0,1,1,1,0,0,0,0,0,1,0,0,3,0,0,1,2,0,1,0,2,0,0,1,0,0,0,0,0,0,0,3,0,0,3,0,0,0,0
6-10 Years,"White, Non-Hispanic",90 Days to < 6 Months,27,0,0,0,0,1,0,1,0,0,1,0,0,0,1,1,1,1,1,0,0,0,0,0,2,0,0,0,0,0,0,0,0,1,1,0,4,0,0,2,0,2,0,1,0,0,1,3,1,0,0,0
6-10 Years,"White, Non-Hispanic",6 Months to < 1 Year,35,0,0,0,2,8,0,0,0,0,1,2,0,0,0,2,0,0,1,0,1,1,0,0,0,0,0,0,1,0,1,1,0,2,0,0,1,0,0,2,0,0,0,0,5,1,0,1,1,0,0,0
6-10 Years,"White, Non-Hispanic",1 Year to < 2 Years,51,4,0,0,1,7,1,0,0,0,7,0,0,1,1,2,0,1,0,1,0,0,0,1,4,0,1,0,0,0,0,1,0,2,0,0,2,3,0,1,0,0,0,2,3,0,0,2,0,0,0,1
6-10 Years,"White, Non-Hispanic",2 Years to < 3 Years,18,0,0,0,0,1,0,0,0,0,0,1,0,0,1,0,0,2,1,0,0,1,0,0,0,0,1,0,0,1,0,1,0,0,1,0,1,0,0,0,0,0,0,2,2,0,0,2,0,0,0,0
6-10 Years,"White, Non-Hispanic",3 Years to < 5 Years,31,0,0,0,0,5,0,0,0,0,2,1,0,0,1,0,0,3,0,0,0,0,0,1,1,0,0,0,0,1,0,0,0,2,1,0,2,0,0,3,0,0,0,1,3,1,0,1,1,0,1,0
6-10 Years,"White, Non-Hispanic",5 or More Years,34,0,0,0,0,3,0,0,0,0,0,0,0,0,2,4,0,0,0,1,0,1,1,0,0,0,0,0,0,0,0,0,0,1,0,0,1,0,0,5,0,3,0,0,3,0,0,4,1,0,1,0
6-10 Years,"Black, Non-Hispanic",All Time,86,2,0,2,2,4,0,0,0,1,6,12,1,0,3,1,1,1,1,5,0,3,1,3,1,2,1,0,0,0,0,1,0,4,5,0,6,0,0,8,0,2,0,1,5,0,0,1,0,0,0,0
6-10 Years,"Black, Non-Hispanic",< 30 Days,7,1,0,0,0,1,0,0,0,0,0,0,0,0,0,0,0,1,0,2,0,0,0,0,0,0,0,0,0,0,0,0,0,0,0,0,2,0,0,0,0,0,0,0,0,0,0,0,0,0,0,0
6-10 Years,"Black, Non-Hispanic",30 to < 90 Days,9,0,0,1,0,0,0,0,0,0,1,1,0,0,0,0,0,0,0,1,0,0,0,0,0,1,0,0,0,0,0,0,0,1,1,0,1,0,0,0,0,0,0,1,0,0,0,0,0,0,0,0
6-10 Years,"Black, Non-Hispanic",90 Days to < 6 Months,11,0,0,0,0,0,0,0,0,0,2,2,0,0,1,0,0,0,0,0,0,0,0,0,0,0,0,0,0,0,0,1,0,2,0,0,1,0,0,1,0,0,0,0,1,0,0,0,0,0,0,0
6-10 Years,"Black, Non-Hispanic",6 Months to < 1 Year,12,1,0,0,0,1,0,0,0,0,1,1,1,0,0,0,0,0,1,1,0,0,0,0,0,0,0,0,0,0,0,0,0,0,3,0,0,0,0,1,0,0,0,0,0,0,0,1,0,0,0,0
6-10 Years,"Black, Non-Hispanic",1 Year to < 2 Years,17,0,0,1,1,1,0,0,0,1,0,3,0,0,0,0,1,0,0,1,0,1,0,0,1,1,0,0,0,0,0,0,0,0,1,0,1,0,0,1,0,1,0,0,1,0,0,0,0,0,0,0
6-10 Years,"Black, Non-Hispanic",2 Years to < 3 Years,8,0,0,0,0,0,0,0,0,0,2,2,0,0,0,0,0,0,0,0,0,2,0,0,0,0,0,0,0,0,0,0,0,0,0,0,0,0,0,0,0,1,0,0,1,0,0,0,0,0,0,0
6-10 Years,"Black, Non-Hispanic",3 Years to < 5 Years,10,0,0,0,0,0,0,0,0,0,0,1,0,0,2,0,0,0,0,0,0,0,1,3,0,0,1,0,0,0,0,0,0,1,0,0,1,0,0,0,0,0,0,0,0,0,0,0,0,0,0,0
6-10 Years,"Black, Non-Hispanic",5 or More Years,12,0,0,0,1,1,0,0,0,0,0,2,0,0,0,1,0,0,0,0,0,0,0,0,0,0,0,0,0,0,0,0,0,0,0,0,0,0,0,5,0,0,0,0,2,0,0,0,0,0,0,0
6-10 Years,Hispanic/Latino,All Time,132,0,0,2,1,46,1,2,0,0,8,0,0,0,6,0,0,0,0,2,0,3,4,1,2,0,0,0,0,0,0,5,0,12,1,0,0,1,2,4,0,1,0,0,19,1,0,1,4,0,2,0
6-10 Years,Hispanic/Latino,< 30 Days,9,0,0,0,0,1,1,0,0,0,2,0,0,0,2,0,0,0,0,1,0,0,0,0,0,0,0,0,0,0,0,0,0,0,0,0,0,0,0,1,0,0,0,0,1,0,0,0,0,0,0,0
6-10 Years,Hispanic/Latino,30 to < 90 Days,15,0,0,0,0,5,0,1,0,0,2,0,0,0,0,0,0,0,0,0,0,0,0,0,0,0,0,0,0,0,0,1,0,3,0,0,0,0,0,0,0,0,0,0,3,0,0,0,0,0,0,0
6-10 Years,Hispanic/Latino,90 Days to < 6 Months,7,0,0,0,1,0,0,0,0,0,0,0,0,0,0,0,0,0,0,1,0,0,0,0,0,0,0,0,0,0,0,1,0,1,1,0,0,0,0,0,0,0,0,0,1,0,0,0,0,0,0,0
6-10 Years,Hispanic/Latino,6 Months to < 1 Year,20,0,0,1,0,5,0,0,0,0,1,0,0,0,0,0,0,0,0,0,0,0,1,0,1,0,0,0,0,0,0,1,0,0,0,0,0,0,2,0,0,1,0,0,4,0,0,0,1,0,2,0
6-10 Years,Hispanic/Latino,1 Year to < 2 Years,27,0,0,0,0,12,0,1,0,0,2,0,0,0,1,0,0,0,0,0,0,0,2,0,1,0,0,0,0,0,0,1,0,2,0,0,0,0,0,0,0,0,0,0,4,0,0,1,0,0,0,0
6-10 Years,Hispanic/Latino,2 Years to < 3 Years,15,0,0,1,0,7,0,0,0,0,1,0,0,0,2,0,0,0,0,0,0,1,0,0,0,0,0,0,0,0,0,0,0,1,0,0,0,0,0,0,0,0,0,0,1,0,0,0,1,0,0,0
6-10 Years,Hispanic/Latino,3 Years to < 5 Years,18,0,0,0,0,9,0,0,0,0,0,0,0,0,1,0,0,0,0,0,0,0,1,1,0,0,0,0,0,0,0,0,0,3,0,0,0,0,0,0,0,0,0,0,1,1,0,0,1,0,0,0
6-10 Years,Hispanic/Latino,5 or More Years,21,0,0,0,0,7,0,0,0,0,0,0,0,0,0,0,0,0,0,0,0,2,0,0,0,0,0,0,0,0,0,1,0,2,0,0,0,1,0,3,0,0,0,0,4,0,0,0,1,0,0,0
6-10 Years,"Asian, Non-Hispanic",All Time,28,0,0,0,0,9,0,0,0,0,0,0,1,0,2,0,0,0,0,0,0,1,1,0,3,0,0,0,0,0,0,1,0,3,0,0,0,0,0,2,0,0,0,2,2,0,0,0,0,0,1,0
6-10 Years,"Asian, Non-Hispanic",< 30 Days,4,0,0,0,0,2,0,0,0,0,0,0,0,0,0,0,0,0,0,0,0,0,0,0,0,0,0,0,0,0,0,0,0,2,0,0,0,0,0,0,0,0,0,0,0,0,0,0,0,0,0,0
6-10 Years,"Asian, Non-Hispanic",30 to < 90 Days,3,0,0,0,0,1,0,0,0,0,0,0,0,0,0,0,0,0,0,0,0,0,0,0,1,0,0,0,0,0,0,0,0,0,0,0,0,0,0,0,0,0,0,0,1,0,0,0,0,0,0,0
6-10 Years,"Asian, Non-Hispanic",6 Months to < 1 Year,4,0,0,0,0,1,0,0,0,0,0,0,0,0,0,0,0,0,0,0,0,0,1,0,0,0,0,0,0,0,0,0,0,0,0,0,0,0,0,1,0,0,0,1,0,0,0,0,0,0,0,0
6-10 Years,"Asian, Non-Hispanic",1 Year to < 2 Years,2,0,0,0,0,1,0,0,0,0,0,0,0,0,0,0,0,0,0,0,0,0,0,0,0,0,0,0,0,0,0,0,0,0,0,0,0,0,0,0,0,0,0,1,0,0,0,0,0,0,0,0
6-10 Years,"Asian, Non-Hispanic",2 Years to < 3 Years,5,0,0,0,0,1,0,0,0,0,0,0,0,0,1,0,0,0,0,0,0,1,0,0,1,0,0,0,0,0,0,0,0,0,0,0,0,0,0,0,0,0,0,0,0,0,0,0,0,0,1,0
6-10 Years,"Asian, Non-Hispanic",3 Years to < 5 Years,2,0,0,0,0,2,0,0,0,0,0,0,0,0,0,0,0,0,0,0,0,0,0,0,0,0,0,0,0,0,0,0,0,0,0,0,0,0,0,0,0,0,0,0,0,0,0,0,0,0,0,0
6-10 Years,"Asian, Non-Hispanic",5 or More Years,8,0,0,0,0,1,0,0,0,0,0,0,1,0,1,0,0,0,0,0,0,0,0,0,1,0,0,0,0,0,0,1,0,1,0,0,0,0,0,1,0,0,0,0,1,0,0,0,0,0,0,0
6-10 Years,"American Indian/Alaska Native, Non-Hispanic",All Time,2,0,0,0,0,0,0,0,0,0,0,0,0,0,0,0,0,0,0,0,0,0,0,0,0,0,0,0,0,0,0,0,1,0,0,0,0,0,0,0,0,0,0,0,0,0,0,1,0,0,0,0
6-10 Years,"American Indian/Alaska Native, Non-Hispanic",1 Year to < 2 Years,1,0,0,0,0,0,0,0,0,0,0,0,0,0,0,0,0,0,0,0,0,0,0,0,0,0,0,0,0,0,0,0,1,0,0,0,0,0,0,0,0,0,0,0,0,0,0,0,0,0,0,0
6-10 Years,"American Indian/Alaska Native, Non-Hispanic",3 Years to < 5 Years,1,0,0,0,0,0,0,0,0,0,0,0,0,0,0,0,0,0,0,0,0,0,0,0,0,0,0,0,0,0,0,0,0,0,0,0,0,0,0,0,0,0,0,0,0,0,0,1,0,0,0,0
6-10 Years,"Pacific Islander, Non-Hispanic",All Time,3,0,0,0,0,1,0,0,0,0,0,0,1,0,0,0,0,0,0,0,0,0,0,0,0,0,0,0,0,0,0,0,0,0,0,0,0,0,1,0,0,0,0,0,0,0,0,0,0,0,0,0
6-10 Years,"Pacific Islander, Non-Hispanic",6 Months to < 1 Year,1,0,0,0,0,1,0,0,0,0,0,0,0,0,0,0,0,0,0,0,0,0,0,0,0,0,0,0,0,0,0,0,0,0,0,0,0,0,0,0,0,0,0,0,0,0,0,0,0,0,0,0
6-10 Years,"Pacific Islander, Non-Hispanic",1 Year to < 2 Years,1,0,0,0,0,0,0,0,0,0,0,0,0,0,0,0,0,0,0,0,0,0,0,0,0,0,0,0,0,0,0,0,0,0,0,0,0,0,1,0,0,0,0,0,0,0,0,0,0,0,0,0
6-10 Years,"Pacific Islander, Non-Hispanic",3 Years to < 5 Years,1,0,0,0,0,0,0,0,0,0,0,0,1,0,0,0,0,0,0,0,0,0,0,0,0,0,0,0,0,0,0,0,0,0,0,0,0,0,0,0,0,0,0,0,0,0,0,0,0,0,0,0
6-10 Years,"Multiracial, Non-Hispanic",All Time,18,0,0,0,0,3,1,1,0,0,1,0,1,0,2,0,1,1,0,0,0,1,0,0,0,0,0,0,0,0,0,0,0,0,1,0,0,0,1,0,0,0,0,1,1,1,0,0,1,0,0,0
6-10 Years,"Multiracial, Non-Hispanic",< 30 Days,3,0,0,0,0,1,0,1,0,0,0,0,0,0,0,0,0,0,0,0,0,0,0,0,0,0,0,0,0,0,0,0,0,0,0,0,0,0,0,0,0,0,0,1,0,0,0,0,0,0,0,0
6-10 Years,"Multiracial, Non-Hispanic",90 Days to < 6 Months,1,0,0,0,0,0,0,0,0,0,0,0,0,0,0,0,1,0,0,0,0,0,0,0,0,0,0,0,0,0,0,0,0,0,0,0,0,0,0,0,0,0,0,0,0,0,0,0,0,0,0,0
6-10 Years,"Multiracial, Non-Hispanic",6 Months to < 1 Year,4,0,0,0,0,0,1,0,0,0,0,0,1,0,1,0,0,1,0,0,0,0,0,0,0,0,0,0,0,0,0,0,0,0,0,0,0,0,0,0,0,0,0,0,0,0,0,0,0,0,0,0
6-10 Years,"Multiracial, Non-Hispanic",1 Year to < 2 Years,3,0,0,0,0,0,0,0,0,0,1,0,0,0,0,0,0,0,0,0,0,1,0,0,0,0,0,0,0,0,0,0,0,0,0,0,0,0,0,0,0,0,0,0,0,1,0,0,0,0,0,0
6-10 Years,"Multiracial, Non-Hispanic",2 Years to < 3 Years,3,0,0,0,0,1,0,0,0,0,0,0,0,0,0,0,0,0,0,0,0,0,0,0,0,0,0,0,0,0,0,0,0,0,0,0,0,0,1,0,0,0,0,0,1,0,0,0,0,0,0,0
6-10 Years,"Multiracial, Non-Hispanic",3 Years to < 5 Years,2,0,0,0,0,0,0,0,0,0,0,0,0,0,1,0,0,0,0,0,0,0,0,0,0,0,0,0,0,0,0,0,0,0,0,0,0,0,0,0,0,0,0,0,0,0,0,0,1,0,0,0
6-10 Years,"Multiracial, Non-Hispanic",5 or More Years,2,0,0,0,0,1,0,0,0,0,0,0,0,0,0,0,0,0,0,0,0,0,0,0,0,0,0,0,0,0,0,0,0,0,1,0,0,0,0,0,0,0,0,0,0,0,0,0,0,0,0,0
11-17 Years,All Ethnicities,All Time,968,12,1,14,5,225,13,6,3,2,35,30,4,0,44,6,3,5,10,16,3,15,17,10,29,5,7,1,6,4,6,37,6,71,30,4,29,5,5,33,1,10,0,9,57,11,1,51,31,8,12,3
11-17 Years,All Ethnicities,< 30 Days,57,0,0,1,0,9,2,1,1,0,3,1,0,0,2,1,0,0,0,2,0,0,0,2,1,2,1,0,1,0,1,3,1,1,3,0,1,0,0,1,0,1,0,2,5,1,0,0,1,0,1,1
11-17 Years,All Ethnicities,30 to < 90 Days,139,4,0,3,0,22,0,2,0,0,6,4,1,0,5,3,0,1,3,1,1,2,3,2,3,0,1,1,1,0,1,4,2,10,4,0,5,0,0,8,0,2,0,0,14,2,0,7,2,0,2,0
11-17 Years,All Ethnicities,90 Days to < 6 Months,121,2,0,2,2,18,4,1,0,0,1,5,0,0,5,0,1,0,1,2,1,2,2,1,5,0,1,0,0,2,2,6,1,10,6,1,3,0,0,3,0,2,0,0,7,2,0,9,3,5,1,2
11-17 Years,All Ethnicities,6 Months to < 1 Year,168,4,0,3,1,36,5,0,0,1,6,5,1,0,6,1,2,1,1,3,0,3,1,1,7,1,2,0,0,1,1,7,0,14,6,1,11,0,1,9,0,1,0,2,7,2,0,4,6,0,3,0
11-17 Years,All Ethnicities,1 Year to < 2 Years,177,1,1,4,1,43,1,1,0,1,6,6,2,0,12,1,0,0,2,3,1,4,5,0,5,1,1,0,0,1,0,7,0,10,6,0,6,1,1,5,1,4,0,3,8,2,1,5,8,2,4,0
11-17 Years,All Ethnicities,2 Years to < 3 Years,94,0,0,0,1,23,1,0,0,0,7,1,0,0,4,0,0,1,1,1,0,0,3,1,3,0,1,0,3,0,1,2,2,10,2,1,2,1,2,2,0,0,0,1,6,1,0,8,1,1,0,0
11-17 Years,All Ethnicities,3 Years to < 5 Years,84,0,0,1,0,27,0,0,2,0,5,0,0,0,3,0,0,0,0,0,0,2,1,1,4,1,0,0,0,0,0,3,0,7,1,1,0,0,1,3,0,0,0,0,6,1,0,9,3,0,0,0
11-17 Years,All Ethnicities,5 or More Years,128,1,0,0,0,47,0,1,0,0,1,8,0,0,7,0,0,2,2,4,0,2,2,2,1,0,0,0,1,0,0,5,0,9,2,0,1,3,0,2,0,0,0,1,4,0,0,9,7,0,1,0
11-17 Years,"White, Non-Hispanic",All Time,401,6,0,1,3,66,8,3,1,1,9,6,0,0,18,4,1,3,9,2,3,6,4,4,23,2,0,1,6,2,5,11,2,22,14,3,23,3,4,19,1,4,0,5,18,10,1,24,13,6,4,3
11-17 Years,"White, Non-Hispanic",< 30 Days,22,0,0,0,0,1,1,0,1,0,2,0,0,0,1,1,0,0,0,0,0,0,0,1,0,1,0,0,1,0,1,0,0,0,2,0,1,0,0,1,0,1,0,1,1,0,0,0,0,0,0,1
11-17 Years,"White, Non-Hispanic",30 to < 90 Days,63,3,0,1,0,6,0,1,0,0,3,1,0,0,1,2,0,0,3,0,1,1,0,1,3,0,0,1,1,0,1,3,1,4,2,0,5,0,0,5,0,1,0,0,4,2,0,1,0,0,0,0
11-17 Years,"White, Non-Hispanic",90 Days to < 6 Months,46,1,0,0,0,4,2,1,0,0,0,1,0,0,3,0,1,0,1,0,1,0,0,0,5,0,0,0,0,1,1,2,0,2,2,0,2,0,0,1,0,1,0,0,1,2,0,4,0,5,0,2
11-17 Years,"White, Non-Hispanic",6 Months to < 1 Year,76,1,0,0,1,12,3,0,0,1,2,1,0,0,2,1,0,0,1,1,0,2,0,0,4,1,0,0,0,0,1,1,0,7,3,1,10,0,0,5,0,0,0,2,3,2,0,3,2,0,2,0
11-17 Years,"White, Non-Hispanic",1 Year to < 2 Years,77,1,0,0,1,17,1,0,0,0,0,2,0,0,5,0,0,0,1,1,1,2,2,0,5,0,0,0,0,1,0,1,0,5,4,0,4,0,1,3,1,1,0,1,3,2,1,3,5,0,2,0
11-17 Years,"White, Non-Hispanic",2 Years to < 3 Years,41,0,0,0,1,5,1,0,0,0,2,0,0,0,3,0,0,1,1,0,0,0,1,1,1,0,0,0,3,0,1,1,1,1,1,1,1,0,2,1,0,0,0,0,2,1,0,6,1,1,0,0
11-17 Years,"White, Non-Hispanic",3 Years to < 5 Years,37,0,0,0,0,11,0,0,0,0,0,0,0,0,1,0,0,0,0,0,0,1,0,0,4,0,0,0,0,0,0,1,0,0,0,1,0,0,1,1,0,0,0,0,4,1,0,6,3,0,0,0
11-17 Years,"White, Non-Hispanic",5 or More Years,39,0,0,0,0,10,0,1,0,0,0,1,0,0,2,0,0,2,2,0,0,0,1,1,1,0,0,0,1,0,0,2,0,3,0,0,0,3,0,2,0,0,0,1,0,0,0,1,2,0,0,0
11-17 Years,"Black, Non-Hispanic",All Time,191,5,0,1,1,22,1,0,2,1,14,17,0,0,8,1,1,1,0,13,0,4,2,5,1,3,5,0,0,1,0,5,0,20,10,0,5,0,0,4,0,4,0,2,9,0,0,19,2,0,2,0
11-17 Years,"Black, Non-Hispanic",< 30 Days,8,0,0,0,0,1,0,0,0,0,1,1,0,0,0,0,0,0,0,1,0,0,0,1,0,1,0,0,0,0,0,0,0,0,0,0,0,0,0,0,0,0,0,0,1,0,0,0,1,0,0,0
11-17 Years,"Black, Non-Hispanic",30 to < 90 Days,14,1,0,0,0,1,0,0,0,0,1,1,0,0,0,0,0,0,0,1,0,0,0,1,0,0,1,0,0,0,0,1,0,2,0,0,0,0,0,0,0,0,0,0,2,0,0,1,0,0,1,0
11-17 Years,"Black, Non-Hispanic",90 Days to < 6 Months,28,0,0,0,1,0,1,0,0,0,1,3,0,0,0,0,0,0,0,2,0,0,1,0,0,0,1,0,0,1,0,0,0,4,3,0,1,0,0,1,0,1,0,0,2,0,0,5,0,0,0,0
11-17 Years,"Black, Non-Hispanic",6 Months to < 1 Year,31,3,0,0,0,2,0,0,0,0,3,3,0,0,1,0,1,1,0,2,0,1,0,1,1,0,1,0,0,0,0,1,0,3,2,0,0,0,0,0,0,1,0,0,1,0,0,1,1,0,1,0
11-17 Years,"Black, Non-Hispanic",1 Year to < 2 Years,37,0,0,1,0,4,0,0,0,1,4,2,0,0,3,1,0,0,0,2,0,1,1,0,0,1,1,0,0,0,0,1,0,2,2,0,2,0,0,1,0,2,0,1,2,0,0,2,0,0,0,0
11-17 Years,"Black, Non-Hispanic",2 Years to < 3 Years,19,0,0,0,0,6,0,0,0,0,2,1,0,0,0,0,0,0,0,1,0,0,0,0,0,0,1,0,0,0,0,1,0,2,1,0,1,0,0,0,0,0,0,1,0,0,0,2,0,0,0,0
11-17 Years,"Black, Non-Hispanic",3 Years to < 5 Years,17,0,0,0,0,0,0,0,2,0,2,0,0,0,0,0,0,0,0,0,0,1,0,1,0,1,0,0,0,0,0,1,0,3,1,0,0,0,0,2,0,0,0,0,0,0,0,3,0,0,0,0
11-17 Years,"Black, Non-Hispanic",5 or More Years,37,1,0,0,0,8,0,0,0,0,0,6,0,0,4,0,0,0,0,4,0,1,0,1,0,0,0,0,0,0,0,0,0,4,1,0,1,0,0,0,0,0,0,0,1,0,0,5,0,0,0,0
11-17 Years,Hispanic/Latino,All Time,294,1,0,7,1,116,3,2,0,0,9,5,0,0,16,1,0,1,1,1,0,4,10,0,3,0,1,0,0,0,1,18,3,24,4,0,1,1,0,7,0,2,0,2,27,1,0,7,9,0,3,0
11-17 Years,Hispanic/Latino,< 30 Days,21,0,0,1,0,6,1,0,0,0,0,0,0,0,1,0,0,0,0,1,0,0,0,0,0,0,0,0,0,0,0,3,1,1,1,0,0,0,0,0,0,0,0,1,2,1,0,0,0,0,1,0
11-17 Years,Hispanic/Latino,30 to < 90 Days,52,0,0,1,0,14,0,1,0,0,2,2,0,0,4,1,0,1,0,0,0,1,2,0,0,0,0,0,0,0,0,0,1,2,1,0,0,0,0,1,0,1,0,0,7,0,0,5,2,0,1,0
11-17 Years,Hispanic/Latino,90 Days to < 6 Months,36,1,0,2,1,12,1,0,0,0,0,1,0,0,2,0,0,0,0,0,0,1,1,0,0,0,0,0,0,0,1,2,1,4,1,0,0,0,0,0,0,0,0,0,4,0,0,0,1,0,0,0
11-17 Years,Hispanic/Latino,6 Months to < 1 Year,43,0,0,0,0,17,1,0,0,0,1,0,0,0,2,0,0,0,0,0,0,0,1,0,2,0,1,0,0,0,0,5,0,3,1,0,1,0,0,4,0,0,0,0,3,0,0,0,1,0,0,0
11-17 Years,Hispanic/Latino,1 Year to < 2 Years,47,0,0,2,0,19,0,1,0,0,1,2,0,0,3,0,0,0,1,0,0,1,2,0,0,0,0,0,0,0,0,5,0,2,0,0,0,1,0,1,0,1,0,1,2,0,0,0,1,0,1,0
11-17 Years,Hispanic/Latino,2 Years to < 3 Years,30,0,0,0,0,11,0,0,0,0,3,0,0,0,1,0,0,0,0,0,0,0,2,0,1,0,0,0,0,0,0,0,0,7,0,0,0,0,0,1,0,0,0,0,4,0,0,0,0,0,0,0
11-17 Years,Hispanic/Latino,3 Years to < 5 Years,23,0,0,1,0,11,0,0,0,0,1,0,0,0,2,0,0,0,0,0,0,0,1,0,0,0,0,0,0,0,0,1,0,4,0,0,0,0,0,0,0,0,0,0,2,0,0,0,0,0,0,0
11-17 Years,Hispanic/Latino,5 or More Years,42,0,0,0,0,26,0,0,0,0,1,0,0,0,1,0,0,0,0,0,0,1,1,0,0,0,0,0,0,0,0,2,0,1,0,0,0,0,0,0,0,0,0,0,3,0,0,2,4,0,0,0
11-17 Years,"Asian, Non-Hispanic",All Time,52,0,0,2,0,14,1,0,0,0,2,2,2,0,1,0,1,0,0,0,0,1,1,0,2,0,1,0,0,0,0,3,0,3,1,0,0,0,0,2,0,0,0,0,3,0,0,1,4,1,3,0
11-17 Years,"Asian, Non-Hispanic",< 30 Days,5,0,0,0,0,1,0,0,0,0,0,0,0,0,0,0,0,0,0,0,0,0,0,0,1,0,1,0,0,0,0,0,0,0,0,0,0,0,0,0,0,0,0,0,1,0,0,0,0,0,0,0
11-17 Years,"Asian, Non-Hispanic",30 to < 90 Days,4,0,0,0,0,0,0,0,0,0,0,0,0,0,0,0,0,0,0,0,0,0,1,0,0,0,0,0,0,0,0,0,0,1,0,0,0,0,0,1,0,0,0,0,1,0,0,0,0,0,0,0
11-17 Years,"Asian, Non-Hispanic",90 Days to < 6 Months,8,0,0,0,0,1,0,0,0,0,0,0,0,0,0,0,0,0,0,0,0,1,0,0,0,0,0,0,0,0,0,2,0,0,0,0,0,0,0,1,0,0,0,0,0,0,0,0,2,0,1,0
11-17 Years,"Asian, Non-Hispanic",6 Months to < 1 Year,13,0,0,2,0,5,1,0,0,0,0,1,1,0,0,0,1,0,0,0,0,0,0,0,0,0,0,0,0,0,0,0,0,0,0,0,0,0,0,0,0,0,0,0,0,0,0,0,2,0,0,0
11-17 Years,"Asian, Non-Hispanic",1 Year to < 2 Years,10,0,0,0,0,3,0,0,0,0,1,0,1,0,1,0,0,0,0,0,0,0,0,0,0,0,0,0,0,0,0,0,0,1,0,0,0,0,0,0,0,0,0,0,1,0,0,0,0,1,1,0
11-17 Years,"Asian, Non-Hispanic",2 Years to < 3 Years,1,0,0,0,0,0,0,0,0,0,0,0,0,0,0,0,0,0,0,0,0,0,0,0,1,0,0,0,0,0,0,0,0,0,0,0,0,0,0,0,0,0,0,0,0,0,0,0,0,0,0,0
11-17 Years,"Asian, Non-Hispanic",3 Years to < 5 Years,3,0,0,0,0,2,0,0,0,0,1,0,0,0,0,0,0,0,0,0,0,0,0,0,0,0,0,0,0,0,0,0,0,0,0,0,0,0,0,0,0,0,0,0,0,0,0,0,0,0,0,0
11-17 Years,"Asian, Non-Hispanic",5 or More Years,8,0,0,0,0,2,0,0,0,0,0,1,0,0,0,0,0,0,0,0,0,0,0,0,0,0,0,0,0,0,0,1,0,1,1,0,0,0,0,0,0,0,0,0,0,0,0,1,0,0,1,0
11-17 Years,"American Indian/Alaska Native, Non-Hispanic",All Time,6,0,1,1,0,2,0,0,0,0,0,0,0,0,0,0,0,0,0,0,0,0,0,0,0,0,0,0,0,0,0,0,1,0,0,1,0,0,0,0,0,0,0,0,0,0,0,0,0,0,0,0
11-17 Years,"American Indian/Alaska Native, Non-Hispanic",90 Days to < 6 Months,1,0,0,0,0,0,0,0,0,0,0,0,0,0,0,0,0,0,0,0,0,0,0,0,0,0,0,0,0,0,0,0,0,0,0,1,0,0,0,0,0,0,0,0,0,0,0,0,0,0,0,0
11-17 Years,"American Indian/Alaska Native, Non-Hispanic",6 Months to < 1 Year,1,0,0,1,0,0,0,0,0,0,0,0,0,0,0,0,0,0,0,0,0,0,0,0,0,0,0,0,0,0,0,0,0,0,0,0,0,0,0,0,0,0,0,0,0,0,0,0,0,0,0,0
11-17 Years,"American Indian/Alaska Native, Non-Hispanic",1 Year to < 2 Years,1,0,1,0,0,0,0,0,0,0,0,0,0,0,0,0,0,0,0,0,0,0,0,0,0,0,0,0,0,0,0,0,0,0,0,0,0,0,0,0,0,0,0,0,0,0,0,0,0,0,0,0
11-17 Years,"American Indian/Alaska Native, Non-Hispanic",2 Years to < 3 Years,1,0,0,0,0,0,0,0,0,0,0,0,0,0,0,0,0,0,0,0,0,0,0,0,0,0,0,0,0,0,0,0,1,0,0,0,0,0,0,0,0,0,0,0,0,0,0,0,0,0,0,0
11-17 Years,"American Indian/Alaska Native, Non-Hispanic",3 Years to < 5 Years,2,0,0,0,0,2,0,0,0,0,0,0,0,0,0,0,0,0,0,0,0,0,0,0,0,0,0,0,0,0,0,0,0,0,0,0,0,0,0,0,0,0,0,0,0,0,0,0,0,0,0,0
11-17 Years,"Pacific Islander, Non-Hispanic",All Time,7,0,0,1,0,3,0,0,0,0,0,0,2,0,0,0,0,0,0,0,0,0,0,0,0,0,0,0,0,0,0,0,0,0,0,0,0,0,0,0,0,0,0,0,0,0,0,0,1,0,0,0
11-17 Years,"Pacific Islander, Non-Hispanic",30 to < 90 Days,3,0,0,1,0,1,0,0,0,0,0,0,1,0,0,0,0,0,0,0,0,0,0,0,0,0,0,0,0,0,0,0,0,0,0,0,0,0,0,0,0,0,0,0,0,0,0,0,0,0,0,0
11-17 Years,"Pacific Islander, Non-Hispanic",90 Days to < 6 Months,1,0,0,0,0,1,0,0,0,0,0,0,0,0,0,0,0,0,0,0,0,0,0,0,0,0,0,0,0,0,0,0,0,0,0,0,0,0,0,0,0,0,0,0,0,0,0,0,0,0,0,0
11-17 Years,"Pacific Islander, Non-Hispanic",1 Year to < 2 Years,2,0,0,0,0,0,0,0,0,0,0,0,1,0,0,0,0,0,0,0,0,0,0,0,0,0,0,0,0,0,0,0,0,0,0,0,0,0,0,0,0,0,0,0,0,0,0,0,1,0,0,0
11-17 Years,"Pacific Islander, Non-Hispanic",5 or More Years,1,0,0,0,0,1,0,0,0,0,0,0,0,0,0,0,0,0,0,0,0,0,0,0,0,0,0,0,0,0,0,0,0,0,0,0,0,0,0,0,0,0,0,0,0,0,0,0,0,0,0,0
11-17 Years,"Multiracial, Non-Hispanic",All Time,17,0,0,1,0,2,0,1,0,0,1,0,0,0,1,0,0,0,0,0,0,0,0,1,0,0,0,0,0,1,0,0,0,2,1,0,0,1,1,1,0,0,0,0,0,0,0,0,2,1,0,0
11-17 Years,"Multiracial, Non-Hispanic",< 30 Days,1,0,0,0,0,0,0,1,0,0,0,0,0,0,0,0,0,0,0,0,0,0,0,0,0,0,0,0,0,0,0,0,0,0,0,0,0,0,0,0,0,0,0,0,0,0,0,0,0,0,0,0
11-17 Years,"Multiracial, Non-Hispanic",30 to < 90 Days,3,0,0,0,0,0,0,0,0,0,0,0,0,0,0,0,0,0,0,0,0,0,0,0,0,0,0,0,0,0,0,0,0,1,1,0,0,0,0,1,0,0,0,0,0,0,0,0,0,0,0,0
11-17 Years,"Multiracial, Non-Hispanic",90 Days to < 6 Months,1,0,0,0,0,0,0,0,0,0,0,0,0,0,0,0,0,0,0,0,0,0,0,1,0,0,0,0,0,0,0,0,0,0,0,0,0,0,0,0,0,0,0,0,0,0,0,0,0,0,0,0
11-17 Years,"Multiracial, Non-Hispanic",6 Months to < 1 Year,4,0,0,0,0,0,0,0,0,0,0,0,0,0,1,0,0,0,0,0,0,0,0,0,0,0,0,0,0,1,0,0,0,1,0,0,0,0,1,0,0,0,0,0,0,0,0,0,0,0,0,0
11-17 Years,"Multiracial, Non-Hispanic",1 Year to < 2 Years,3,0,0,1,0,0,0,0,0,0,0,0,0,0,0,0,0,0,0,0,0,0,0,0,0,0,0,0,0,0,0,0,0,0,0,0,0,0,0,0,0,0,0,0,0,0,0,0,1,1,0,0
11-17 Years,"Multiracial, Non-Hispanic",2 Years to < 3 Years,2,0,0,0,0,1,0,0,0,0,0,0,0,0,0,0,0,0,0,0,0,0,0,0,0,0,0,0,0,0,0,0,0,0,0,0,0,1,0,0,0,0,0,0,0,0,0,0,0,0,0,0
11-17 Years,"Multiracial, Non-Hispanic",3 Years to < 5 Years,2,0,0,0,0,1,0,0,0,0,1,0,0,0,0,0,0,0,0,0,0,0,0,0,0,0,0,0,0,0,0,0,0,0,0,0,0,0,0,0,0,0,0,0,0,0,0,0,0,0,0,0
11-17 Years,"Multiracial, Non-Hispanic",5 or More Years,1,0,0,0,0,0,0,0,0,0,0,0,0,0,0,0,0,0,0,0,0,0,0,0,0,0,0,0,0,0,0,0,0,0,0,0,0,0,0,0,0,0,0,0,0,0,0,0,1,0,0,0
18-34 Years,All Ethnicities,All Time,"9,327",127,10,113,41,"1,749",79,89,34,20,433,247,26,23,372,158,73,50,116,133,26,200,247,179,169,67,121,18,38,82,23,303,36,745,312,23,222,86,57,375,42,165,23,168,904,73,20,281,105,28,174,13
18-34 Years,All Ethnicities,< 30 Days,515,0,0,12,2,75,2,3,0,3,32,14,2,1,24,2,5,3,8,6,1,10,9,13,8,1,6,1,2,4,4,13,3,43,20,2,16,5,2,11,2,8,1,12,57,6,0,15,7,3,9,0
18-34 Years,All Ethnicities,30 to < 90 Days,950,11,0,9,7,125,16,10,1,1,44,27,0,3,33,18,16,9,16,13,1,11,19,21,15,9,18,4,5,7,0,31,5,71,30,7,23,8,4,45,2,17,5,20,106,8,0,33,9,4,22,4
18-34 Years,All Ethnicities,90 Days to < 6 Months,"1,000",23,1,20,9,136,8,12,3,2,61,20,3,3,46,22,10,3,21,7,3,29,23,24,24,2,13,2,7,10,0,25,3,82,31,2,23,11,9,32,1,22,3,20,96,10,4,29,9,4,27,2
18-34 Years,All Ethnicities,6 Months to < 1 Year,"1,647",30,2,24,6,238,22,17,8,7,81,35,1,4,55,31,15,10,25,22,4,32,46,30,27,10,22,1,14,20,2,63,6,116,61,3,39,17,15,72,7,40,2,29,188,19,4,56,28,9,21,2
18-34 Years,All Ethnicities,1 Year to < 2 Years,"2,095",31,5,22,8,337,18,19,12,4,98,67,6,6,98,44,15,12,20,34,13,47,62,51,31,22,25,2,8,16,4,60,7,142,84,0,57,25,19,86,10,38,7,36,223,17,6,58,20,1,44,3
18-34 Years,All Ethnicities,2 Years to < 3 Years,"1,179",13,1,11,3,248,5,10,5,0,50,31,4,3,49,21,7,6,5,27,2,23,32,22,21,7,18,2,1,11,4,43,2,97,39,4,33,13,4,50,7,17,1,21,114,8,0,40,8,2,25,2
18-34 Years,All Ethnicities,3 Years to < 5 Years,"1,190",14,0,7,3,338,5,9,5,1,40,36,7,3,46,19,3,6,16,16,2,30,32,11,19,11,9,4,0,10,3,40,5,106,29,3,24,5,3,51,8,14,3,21,83,4,4,33,17,4,16,0
18-34 Years,All Ethnicities,5 or More Years,751,5,1,8,3,252,3,9,0,2,27,17,3,0,21,1,2,1,5,8,0,18,24,7,24,5,10,2,1,4,6,28,5,88,18,2,7,2,1,28,5,9,1,9,37,1,2,17,7,1,10,0
18-34 Years,"White, Non-Hispanic",All Time,"3,265",51,6,35,22,348,30,32,15,3,145,61,1,13,137,85,52,33,80,34,22,51,126,102,82,17,66,13,20,15,21,91,7,206,89,18,125,41,33,165,17,47,17,71,208,40,17,112,60,24,108,8
18-34 Years,"White, Non-Hispanic",< 30 Days,187,0,0,3,2,16,1,0,0,0,6,6,0,0,12,2,3,2,5,2,1,1,4,8,5,0,3,1,0,1,4,7,1,10,6,2,10,2,2,5,1,3,0,6,7,2,0,7,2,3,8,0
18-34 Years,"White, Non-Hispanic",30 to < 90 Days,388,6,0,2,4,34,8,5,0,1,15,8,0,2,14,11,8,4,11,5,1,2,10,9,7,5,9,3,3,1,0,9,0,20,10,6,17,2,3,25,1,5,5,9,31,5,0,10,4,3,15,4
18-34 Years,"White, Non-Hispanic",90 Days to < 6 Months,391,10,1,10,3,26,2,3,1,1,23,5,0,0,15,16,6,3,16,2,3,5,12,18,15,1,8,2,1,2,0,9,0,24,4,2,14,6,4,21,0,4,2,7,24,10,4,13,7,3,20,1
18-34 Years,"White, Non-Hispanic",6 Months to < 1 Year,549,13,1,8,5,42,8,10,2,0,17,8,0,1,20,11,11,6,16,4,3,11,21,19,16,0,14,0,9,5,2,14,1,21,15,3,22,7,8,34,3,9,2,13,41,9,4,21,18,9,10,2
18-34 Years,"White, Non-Hispanic",1 Year to < 2 Years,719,10,3,5,4,52,7,6,5,0,45,12,1,5,28,21,13,9,13,11,11,13,29,26,15,3,13,2,5,4,4,22,4,34,25,0,34,14,11,34,3,14,6,11,57,6,6,20,10,1,28,1
18-34 Years,"White, Non-Hispanic",2 Years to < 3 Years,401,4,0,2,1,54,1,4,3,0,20,9,0,3,20,12,6,3,4,3,2,10,19,10,8,2,7,2,1,1,4,12,0,34,12,3,17,7,1,20,2,4,0,7,25,4,0,18,5,2,12,0
18-34 Years,"White, Non-Hispanic",3 Years to < 5 Years,372,6,0,2,0,63,3,2,4,0,10,8,0,2,20,11,3,6,11,4,1,6,15,7,7,4,6,1,0,1,3,9,0,32,9,1,7,2,3,20,5,5,1,13,16,4,2,14,10,2,8,0
18-34 Years,"White, Non-Hispanic",5 or More Years,258,2,1,3,3,61,0,2,0,1,9,5,0,0,8,1,2,0,4,3,0,3,16,5,9,2,6,2,1,0,4,9,1,31,8,1,4,1,1,6,2,3,1,5,7,0,1,9,4,1,7,0
18-34 Years,"Black, Non-Hispanic",All Time,"2,503",68,0,10,14,145,5,29,13,10,136,149,0,1,92,44,13,5,28,95,2,114,38,51,38,50,37,0,4,16,1,112,0,267,148,2,83,13,2,134,5,97,0,78,189,3,0,113,4,4,25,0
18-34 Years,"Black, Non-Hispanic",< 30 Days,131,0,0,0,0,6,0,2,0,1,10,7,0,0,5,0,2,1,3,4,0,7,0,4,1,1,2,0,0,2,0,2,0,17,11,0,4,1,0,3,1,4,0,6,13,1,0,3,1,0,1,0
18-34 Years,"Black, Non-Hispanic",30 to < 90 Days,257,5,0,2,3,12,1,3,1,0,14,16,0,0,10,4,3,1,4,8,0,8,4,8,4,4,5,0,0,1,0,13,0,29,15,0,5,1,0,12,0,8,0,8,20,1,0,16,0,1,3,0
18-34 Years,"Black, Non-Hispanic",90 Days to < 6 Months,270,12,0,2,4,22,1,5,1,1,17,9,0,0,10,5,4,0,5,5,0,17,5,3,7,1,2,0,0,1,0,7,0,27,16,0,8,2,0,8,0,13,0,8,23,0,0,11,1,1,6,0
18-34 Years,"Black, Non-Hispanic",6 Months to < 1 Year,465,14,0,1,0,15,1,5,4,4,28,20,0,0,12,12,3,2,7,17,1,15,10,8,2,10,4,0,4,3,0,28,0,56,28,0,15,3,1,21,0,27,0,13,37,1,0,28,1,0,2,0
18-34 Years,"Black, Non-Hispanic",1 Year to < 2 Years,584,19,0,3,3,30,1,5,5,2,25,49,0,1,28,17,1,0,5,21,1,26,7,16,6,19,8,0,0,2,0,18,0,55,36,0,20,2,0,36,2,22,0,19,42,0,0,25,0,0,5,0
18-34 Years,"Black, Non-Hispanic",2 Years to < 3 Years,307,8,0,0,1,23,1,1,1,0,18,15,0,0,7,4,0,1,0,23,0,9,2,7,3,5,10,0,0,4,0,17,0,28,22,0,12,4,1,18,1,12,0,12,22,0,0,9,0,0,6,0
18-34 Years,"Black, Non-Hispanic",3 Years to < 5 Years,295,7,0,2,3,14,0,3,1,1,17,21,0,0,12,2,0,0,3,12,0,18,6,3,7,7,3,0,0,3,0,19,0,31,13,1,16,0,0,16,1,5,0,8,18,0,0,15,0,2,2,0
18-34 Years,"Black, Non-Hispanic",5 or More Years,194,3,0,0,0,23,0,5,0,1,7,12,0,0,8,0,0,0,1,5,0,14,4,2,8,3,3,0,0,0,1,8,0,24,7,1,3,0,0,20,0,6,0,4,14,0,0,6,1,0,0,0
18-34 Years,Hispanic/Latino,All Time,"2,715",4,1,52,4,982,39,25,6,6,128,27,3,3,120,21,6,9,5,2,0,26,58,13,18,0,11,2,10,43,0,75,23,196,38,0,11,10,18,58,14,20,1,10,465,25,1,35,23,0,20,3
18-34 Years,Hispanic/Latino,< 30 Days,147,0,0,7,0,45,1,1,0,1,13,1,1,1,2,0,0,0,0,0,0,2,2,0,1,0,0,0,1,0,0,4,2,10,1,0,1,1,0,2,0,1,0,0,34,2,0,3,2,0,0,0
18-34 Years,Hispanic/Latino,30 to < 90 Days,230,0,0,4,0,60,5,2,0,0,12,2,0,0,8,2,4,4,1,0,0,1,5,1,3,0,3,1,1,5,0,8,3,11,3,0,0,1,1,6,1,4,0,2,51,0,0,4,3,0,3,0
18-34 Years,Hispanic/Latino,90 Days to < 6 Months,260,1,0,7,2,68,4,4,1,0,15,3,0,1,20,0,0,0,0,0,0,5,4,0,1,0,1,0,5,7,0,7,2,22,6,0,1,2,4,3,0,5,0,3,46,0,0,2,0,0,1,1
18-34 Years,Hispanic/Latino,6 Months to < 1 Year,483,2,0,12,1,135,13,2,2,3,32,4,0,1,16,6,0,2,1,0,0,5,10,2,4,0,4,1,1,9,0,18,4,25,10,0,2,1,5,15,3,4,0,1,99,9,0,6,4,0,2,0
18-34 Years,Hispanic/Latino,1 Year to < 2 Years,595,0,1,10,1,194,9,5,2,2,26,6,1,0,39,4,1,2,1,2,0,3,19,5,3,0,1,0,2,8,0,12,3,38,11,0,2,2,6,12,5,2,0,4,110,9,0,8,6,0,6,2
18-34 Years,Hispanic/Latino,2 Years to < 3 Years,354,0,0,5,0,128,3,5,1,0,8,5,1,0,19,5,1,1,1,0,0,4,7,5,4,0,1,0,0,6,0,9,2,27,2,0,4,1,2,9,3,1,0,0,63,4,0,7,1,0,3,0
18-34 Years,Hispanic/Latino,3 Years to < 5 Years,402,1,0,3,0,207,1,4,0,0,11,6,0,0,11,4,0,0,1,0,0,5,8,0,0,0,0,0,0,6,0,9,4,35,4,0,1,1,0,9,1,3,1,0,47,0,1,3,7,0,3,0
18-34 Years,Hispanic/Latino,5 or More Years,244,0,0,4,0,145,3,2,0,0,11,0,0,0,5,0,0,0,0,0,0,1,3,0,2,0,1,0,0,2,0,8,3,28,1,0,0,1,0,2,1,0,0,0,15,1,0,2,0,0,2,0
18-34 Years,"Asian, Non-Hispanic",All Time,602,2,1,6,0,216,3,2,0,1,18,9,5,0,21,8,1,1,1,2,0,6,22,8,29,0,6,0,4,5,0,25,1,60,18,1,1,2,2,17,5,0,1,5,37,0,1,19,12,0,15,0
18-34 Years,"Asian, Non-Hispanic",< 30 Days,36,0,0,1,0,5,0,0,0,1,3,0,1,0,5,0,0,0,0,0,0,0,3,0,1,0,1,0,1,1,0,0,0,5,0,0,1,0,0,1,0,0,0,0,2,0,0,2,1,0,0,0
18-34 Years,"Asian, Non-Hispanic",30 to < 90 Days,49,0,0,1,0,15,1,0,0,0,2,1,0,0,1,1,0,0,0,0,0,0,0,1,1,0,1,0,1,0,0,1,1,7,0,0,0,1,0,2,0,0,0,1,3,0,0,3,1,0,1,0
18-34 Years,"Asian, Non-Hispanic",90 Days to < 6 Months,64,0,0,0,0,19,1,0,0,0,5,3,1,0,1,1,0,0,0,0,0,2,1,2,1,0,2,0,1,0,0,2,0,8,4,0,0,1,1,0,1,0,0,1,3,0,0,3,0,0,0,0
18-34 Years,"Asian, Non-Hispanic",6 Months to < 1 Year,113,1,1,2,0,36,0,0,0,0,2,3,1,0,7,2,1,0,1,1,0,0,5,1,5,0,0,0,0,2,0,3,0,11,4,0,0,0,0,2,1,0,0,1,10,0,0,0,3,0,7,0
18-34 Years,"Asian, Non-Hispanic",1 Year to < 2 Years,145,0,0,0,0,50,0,2,0,0,2,0,0,0,3,2,0,1,0,0,0,4,6,3,7,0,2,0,1,2,0,8,0,13,7,0,0,0,1,4,0,0,0,2,14,0,0,4,4,0,3,0
18-34 Years,"Asian, Non-Hispanic",2 Years to < 3 Years,73,1,0,2,0,28,0,0,0,0,2,2,0,0,1,0,0,0,0,1,0,0,4,0,6,0,0,0,0,0,0,5,0,6,1,1,0,0,0,2,0,0,0,0,3,0,0,6,1,0,1,0
18-34 Years,"Asian, Non-Hispanic",3 Years to < 5 Years,81,0,0,0,0,44,1,0,0,0,2,0,0,0,3,2,0,0,0,0,0,0,2,1,4,0,0,0,0,0,0,3,0,5,1,0,0,0,0,6,1,0,1,0,1,0,1,1,0,0,2,0
18-34 Years,"Asian, Non-Hispanic",5 or More Years,41,0,0,0,0,19,0,0,0,0,0,0,2,0,0,0,0,0,0,0,0,0,1,0,4,0,0,0,0,0,0,3,0,5,1,0,0,0,0,0,2,0,0,0,1,0,0,0,2,0,1,0
18-34 Years,"American Indian/Alaska Native, Non-Hispanic",All Time,79,2,0,9,0,11,1,0,0,0,0,0,0,2,0,0,0,1,0,0,1,2,0,1,1,0,0,3,0,1,0,0,5,5,6,2,0,15,0,0,0,0,4,0,0,0,1,0,1,0,4,1
18-34 Years,"American Indian/Alaska Native, Non-Hispanic",< 30 Days,2,0,0,1,0,0,0,0,0,0,0,0,0,0,0,0,0,0,0,0,0,0,0,0,0,0,0,0,0,0,0,0,0,0,0,0,0,0,0,0,0,0,1,0,0,0,0,0,0,0,0,0
18-34 Years,"American Indian/Alaska Native, Non-Hispanic",30 to < 90 Days,12,0,0,0,0,3,1,0,0,0,0,0,0,0,0,0,0,0,0,0,0,0,0,1,0,0,0,0,0,0,0,0,1,1,0,1,0,3,0,0,0,0,0,0,0,0,0,0,1,0,0,0
18-34 Years,"American Indian/Alaska Native, Non-Hispanic",90 Days to < 6 Months,5,0,0,1,0,1,0,0,0,0,0,0,0,0,0,0,0,0,0,0,0,0,0,0,0,0,0,0,0,0,0,0,1,0,1,0,0,0,0,0,0,0,1,0,0,0,0,0,0,0,0,0
18-34 Years,"American Indian/Alaska Native, Non-Hispanic",6 Months to < 1 Year,12,0,0,0,0,2,0,0,0,0,0,0,0,1,0,0,0,0,0,0,0,1,0,0,0,0,0,0,0,1,0,0,1,1,0,0,0,5,0,0,0,0,0,0,0,0,0,0,0,0,0,0
18-34 Years,"American Indian/Alaska Native, Non-Hispanic",1 Year to < 2 Years,19,2,0,4,0,0,0,0,0,0,0,0,0,0,0,0,0,0,0,0,0,1,0,0,0,0,0,0,0,0,0,0,0,1,3,0,0,6,0,0,0,0,1,0,0,0,0,0,0,0,1,0
18-34 Years,"American Indian/Alaska Native, Non-Hispanic",2 Years to < 3 Years,13,0,0,2,0,4,0,0,0,0,0,0,0,0,0,0,0,0,0,0,0,0,0,0,0,0,0,0,0,0,0,0,0,1,1,0,0,0,0,0,0,0,1,0,0,0,0,0,0,0,3,1
18-34 Years,"American Indian/Alaska Native, Non-Hispanic",3 Years to < 5 Years,11,0,0,0,0,1,0,0,0,0,0,0,0,1,0,0,0,0,0,0,1,0,0,0,1,0,0,3,0,0,0,0,1,1,0,1,0,1,0,0,0,0,0,0,0,0,0,0,0,0,0,0
18-34 Years,"American Indian/Alaska Native, Non-Hispanic",5 or More Years,5,0,0,1,0,0,0,0,0,0,0,0,0,0,0,0,0,1,0,0,0,0,0,0,0,0,0,0,0,0,0,0,1,0,1,0,0,0,0,0,0,0,0,0,0,0,1,0,0,0,0,0
18-34 Years,"Pacific Islander, Non-Hispanic",All Time,53,0,2,0,0,15,1,0,0,0,1,0,10,2,0,0,0,0,1,0,1,0,0,1,0,0,0,0,0,2,0,0,0,0,3,0,1,1,1,0,0,0,0,1,2,3,0,1,4,0,0,0
18-34 Years,"Pacific Islander, Non-Hispanic",< 30 Days,2,0,0,0,0,0,0,0,0,0,0,0,0,0,0,0,0,0,0,0,0,0,0,0,0,0,0,0,0,0,0,0,0,0,1,0,0,0,0,0,0,0,0,0,0,0,0,0,1,0,0,0
18-34 Years,"Pacific Islander, Non-Hispanic",30 to < 90 Days,6,0,0,0,0,0,0,0,0,0,0,0,0,1,0,0,0,0,0,0,0,0,0,0,0,0,0,0,0,0,0,0,0,0,1,0,1,0,0,0,0,0,0,0,1,2,0,0,0,0,0,0
18-34 Years,"Pacific Islander, Non-Hispanic",90 Days to < 6 Months,1,0,0,0,0,0,0,0,0,0,0,0,0,1,0,0,0,0,0,0,0,0,0,0,0,0,0,0,0,0,0,0,0,0,0,0,0,0,0,0,0,0,0,0,0,0,0,0,0,0,0,0
18-34 Years,"Pacific Islander, Non-Hispanic",6 Months to < 1 Year,6,0,0,0,0,2,0,0,0,0,0,0,0,0,0,0,0,0,0,0,0,0,0,0,0,0,0,0,0,0,0,0,0,0,0,0,0,1,1,0,0,0,0,0,0,0,0,0,2,0,0,0
18-34 Years,"Pacific Islander, Non-Hispanic",1 Year to < 2 Years,17,0,1,0,0,5,1,0,0,0,0,0,4,0,0,0,0,0,1,0,1,0,0,1,0,0,0,0,0,0,0,0,0,0,1,0,0,0,0,0,0,0,0,0,0,1,0,1,0,0,0,0
18-34 Years,"Pacific Islander, Non-Hispanic",2 Years to < 3 Years,12,0,1,0,0,4,0,0,0,0,1,0,3,0,0,0,0,0,0,0,0,0,0,0,0,0,0,0,0,0,0,0,0,0,0,0,0,0,0,0,0,0,0,1,1,0,0,0,1,0,0,0
18-34 Years,"Pacific Islander, Non-Hispanic",3 Years to < 5 Years,6,0,0,0,0,3,0,0,0,0,0,0,3,0,0,0,0,0,0,0,0,0,0,0,0,0,0,0,0,0,0,0,0,0,0,0,0,0,0,0,0,0,0,0,0,0,0,0,0,0,0,0
18-34 Years,"Pacific Islander, Non-Hispanic",5 or More Years,3,0,0,0,0,1,0,0,0,0,0,0,0,0,0,0,0,0,0,0,0,0,0,0,0,0,0,0,0,2,0,0,0,0,0,0,0,0,0,0,0,0,0,0,0,0,0,0,0,0,0,0
18-34 Years,"Multiracial, Non-Hispanic",All Time,110,0,0,1,1,32,0,1,0,0,5,1,7,2,2,0,1,1,1,0,0,1,3,3,1,0,1,0,0,0,1,0,0,11,10,0,1,4,1,1,1,1,0,3,3,2,0,1,1,0,2,1
18-34 Years,"Multiracial, Non-Hispanic",< 30 Days,10,0,0,0,0,3,0,0,0,0,0,0,0,0,0,0,0,0,0,0,0,0,0,1,0,0,0,0,0,0,0,0,0,1,1,0,0,1,0,0,0,0,0,0,1,1,0,0,0,0,0,0
18-34 Years,"Multiracial, Non-Hispanic",30 to < 90 Days,8,0,0,0,0,1,0,0,0,0,1,0,0,0,0,0,1,0,0,0,0,0,0,1,0,0,0,0,0,0,0,0,0,3,1,0,0,0,0,0,0,0,0,0,0,0,0,0,0,0,0,0
18-34 Years,"Multiracial, Non-Hispanic",90 Days to < 6 Months,9,0,0,0,0,0,0,0,0,0,1,0,2,1,0,0,0,0,0,0,0,0,1,1,0,0,0,0,0,0,0,0,0,1,0,0,0,0,0,0,0,0,0,1,0,0,0,0,1,0,0,0
18-34 Years,"Multiracial, Non-Hispanic",6 Months to < 1 Year,19,0,0,1,0,6,0,0,0,0,2,0,0,1,0,0,0,0,0,0,0,0,0,0,0,0,0,0,0,0,0,0,0,2,4,0,0,0,0,0,0,0,0,1,1,0,0,1,0,0,0,0
18-34 Years,"Multiracial, Non-Hispanic",1 Year to < 2 Years,16,0,0,0,0,6,0,1,0,0,0,0,0,0,0,0,0,0,0,0,0,0,1,0,0,0,1,0,0,0,0,0,0,1,1,0,1,1,1,0,0,0,0,0,0,1,0,0,0,0,1,0
18-34 Years,"Multiracial, Non-Hispanic",2 Years to < 3 Years,19,0,0,0,1,7,0,0,0,0,1,0,0,0,2,0,0,1,0,0,0,0,0,0,0,0,0,0,0,0,0,0,0,1,1,0,0,1,0,1,1,0,0,1,0,0,0,0,0,0,0,1
18-34 Years,"Multiracial, Non-Hispanic",3 Years to < 5 Years,23,0,0,0,0,6,0,0,0,0,0,1,4,0,0,0,0,0,1,0,0,1,1,0,0,0,0,0,0,0,0,0,0,2,2,0,0,1,0,0,0,1,0,0,1,0,0,0,0,0,1,0
18-34 Years,"Multiracial, Non-Hispanic",5 or More Years,6,0,0,0,0,3,0,0,0,0,0,0,1,0,0,0,0,0,0,0,0,0,0,0,1,0,0,0,0,0,1,0,0,0,0,0,0,0,0,0,0,0,0,0,0,0,0,0,0,0,0,0
35-49 Years,All Ethnicities,All Time,"25,551",364,28,249,136,"4,761",259,243,86,60,"1,149",816,108,56,997,351,155,79,285,440,99,656,779,559,419,322,291,39,62,171,88,771,145,"1,733",912,33,565,181,113,"1,106",80,517,77,475,"2,806",169,37,718,304,94,307,20
35-49 Years,All Ethnicities,< 30 Days,"1,209",9,0,23,10,165,14,6,2,2,75,36,4,5,56,14,10,4,16,11,4,21,19,34,15,25,19,2,9,9,4,31,8,77,50,4,29,20,0,43,1,28,3,19,105,14,1,37,17,6,11,0
35-49 Years,All Ethnicities,30 to < 90 Days,"2,133",18,2,16,16,260,28,17,6,7,142,65,7,5,119,38,25,6,29,50,10,61,41,46,23,30,21,9,5,17,4,63,17,126,80,3,49,20,4,92,5,43,3,43,233,19,3,76,29,8,36,7
35-49 Years,All Ethnicities,90 Days to < 6 Months,"2,407",40,4,28,18,316,18,18,8,5,136,86,3,5,95,33,17,14,23,43,12,63,52,56,48,29,33,5,8,19,10,66,11,172,95,5,54,19,21,112,8,67,7,48,278,22,4,75,41,15,21,1
35-49 Years,All Ethnicities,6 Months to < 1 Year,"4,207",77,2,51,22,610,51,35,11,12,208,137,12,13,172,67,26,13,55,70,12,116,83,112,70,37,50,4,15,38,16,142,22,273,157,6,88,36,24,163,10,104,16,97,537,25,3,138,57,27,59,4
35-49 Years,All Ethnicities,1 Year to < 2 Years,"5,823",93,5,49,35,959,63,61,25,13,238,191,17,11,219,96,38,28,78,112,24,151,192,115,82,59,80,10,14,36,22,183,30,396,219,4,151,35,34,267,18,119,20,98,702,53,12,172,65,15,70,3
35-49 Years,All Ethnicities,2 Years to < 3 Years,"3,472",54,3,29,8,692,33,38,12,7,137,107,19,11,136,42,16,11,38,63,18,85,147,72,48,42,40,2,5,24,15,103,19,228,124,3,87,30,16,139,17,61,15,73,382,15,3,95,34,13,45,1
35-49 Years,All Ethnicities,3 Years to < 5 Years,"3,781",47,8,31,12,926,26,43,15,7,149,115,24,4,110,44,16,2,34,56,16,82,147,70,75,65,30,5,4,16,11,123,23,276,135,3,66,13,7,195,9,57,7,61,386,17,9,89,44,8,31,4
35-49 Years,All Ethnicities,5 or More Years,"2,519",26,4,22,15,833,26,25,7,7,64,79,22,2,90,17,7,1,12,35,3,77,98,54,58,35,18,2,2,12,6,60,15,185,52,5,41,8,7,95,12,38,6,36,183,4,2,36,17,2,34,0
35-49 Years,"White, Non-Hispanic",All Time,"8,019",120,12,83,51,764,141,74,22,12,330,168,14,42,283,184,107,43,173,106,90,159,368,266,223,65,151,30,33,44,74,203,32,440,254,18,315,84,66,492,39,118,31,204,589,116,36,238,156,82,179,15
35-49 Years,"White, Non-Hispanic",< 30 Days,496,6,0,11,4,33,11,4,1,1,24,5,0,4,19,10,5,2,13,2,2,8,14,19,6,9,13,2,5,4,4,14,2,20,23,2,19,8,0,26,1,6,1,10,31,8,1,16,9,5,8,0
35-49 Years,"White, Non-Hispanic",30 to < 90 Days,779,7,1,5,9,50,17,6,2,4,42,17,1,3,35,22,20,4,23,18,9,16,21,21,13,11,8,8,1,8,3,18,5,36,19,2,34,11,2,43,4,11,0,20,63,14,3,28,13,4,21,7
35-49 Years,"White, Non-Hispanic",90 Days to < 6 Months,843,13,2,9,8,49,11,4,1,1,38,26,0,4,26,18,11,10,16,11,10,14,24,33,25,7,13,3,4,5,8,20,2,44,26,4,37,10,15,50,5,28,4,24,62,15,4,28,30,14,13,1
35-49 Years,"White, Non-Hispanic",6 Months to < 1 Year,"1,426",32,1,22,10,123,27,10,3,0,67,35,3,9,50,35,20,4,37,15,11,22,45,59,34,15,28,4,10,6,14,36,5,76,42,3,41,15,15,79,7,22,6,41,133,19,3,44,28,22,36,1
35-49 Years,"White, Non-Hispanic",1 Year to < 2 Years,"1,784",27,2,9,6,152,28,16,6,2,66,32,2,8,65,52,26,14,34,28,23,38,93,49,42,11,50,7,9,8,20,46,6,90,64,1,83,20,18,115,8,26,11,41,139,35,11,50,33,15,41,2
35-49 Years,"White, Non-Hispanic",2 Years to < 3 Years,"1,027",17,3,11,4,110,21,13,4,1,36,20,3,8,38,22,9,7,22,14,16,18,60,26,34,5,20,0,2,2,13,28,2,69,28,1,43,14,9,65,8,13,4,28,65,11,3,26,15,13,22,0
35-49 Years,"White, Non-Hispanic",3 Years to < 5 Years,"1,034",14,2,10,4,126,15,15,1,1,34,24,4,4,28,22,11,2,20,12,16,22,61,37,35,6,15,4,1,7,8,34,5,69,34,3,35,4,3,74,1,8,3,25,69,12,9,30,19,8,19,4
35-49 Years,"White, Non-Hispanic",5 or More Years,630,4,1,6,6,121,11,6,4,2,23,9,1,2,22,3,5,0,8,6,3,21,50,22,34,1,4,2,1,4,4,7,5,36,18,2,23,2,4,40,5,4,2,15,27,2,2,16,9,1,19,0
35-49 Years,"Black, Non-Hispanic",All Time,"8,371",235,1,27,63,449,20,97,51,38,495,577,1,0,389,117,28,14,94,315,4,406,170,220,74,251,104,1,9,41,2,294,11,656,522,4,207,35,3,415,14,371,6,228,793,6,0,359,25,12,59,2
35-49 Years,"Black, Non-Hispanic",< 30 Days,353,2,0,2,5,12,0,1,1,1,29,28,0,0,16,3,4,0,3,9,1,10,0,12,4,16,6,0,4,1,0,8,1,25,23,0,9,5,0,13,0,22,1,8,29,1,0,16,1,1,1,0
35-49 Years,"Black, Non-Hispanic",30 to < 90 Days,668,11,0,1,3,23,2,5,3,3,44,42,0,0,45,13,4,0,5,29,1,39,7,21,4,18,7,0,1,3,0,22,2,43,49,0,11,1,0,27,0,31,0,20,66,0,0,34,3,4,1,0
35-49 Years,"Black, Non-Hispanic",90 Days to < 6 Months,752,25,0,2,7,27,0,6,6,3,64,54,0,0,27,10,2,2,6,31,0,41,14,16,11,20,15,1,0,3,0,17,1,68,53,0,13,1,1,36,2,35,1,20,63,0,0,40,2,1,4,0
35-49 Years,"Black, Non-Hispanic",6 Months to < 1 Year,"1,349",43,0,5,9,49,2,15,6,9,84,92,0,0,64,23,3,3,14,51,1,76,17,38,7,22,18,0,0,15,0,50,1,90,96,0,37,7,0,62,1,74,0,48,128,1,0,64,2,5,16,1
35-49 Years,"Black, Non-Hispanic",1 Year to < 2 Years,"1,986",64,0,8,22,82,9,28,14,9,109,140,0,0,81,30,9,7,37,80,1,89,42,52,19,47,23,0,1,9,0,72,1,148,124,1,53,6,0,104,3,86,1,46,218,2,0,86,6,0,14,1
35-49 Years,"Black, Non-Hispanic",2 Years to < 3 Years,"1,169",35,0,4,2,81,1,13,7,4,68,74,0,0,58,15,3,1,15,45,0,58,31,29,5,36,14,0,2,5,0,44,3,83,71,0,39,9,1,47,3,47,2,36,106,1,0,58,3,0,9,0
35-49 Years,"Black, Non-Hispanic",3 Years to < 5 Years,"1,239",33,1,4,7,91,4,16,11,5,67,85,0,0,50,15,3,0,11,41,0,44,36,25,15,58,9,0,1,2,2,46,1,112,82,0,27,4,0,82,2,45,0,31,106,1,0,44,5,0,6,0
35-49 Years,"Black, Non-Hispanic",5 or More Years,855,22,0,1,8,84,2,13,3,4,30,62,1,0,48,8,0,1,3,29,0,49,23,27,9,34,12,0,0,3,0,35,1,87,24,3,18,2,1,44,3,31,1,19,77,0,0,17,3,1,8,0
35-49 Years,Hispanic/Latino,All Time,"6,311",1,1,85,9,"2,532",78,48,8,9,251,35,5,11,252,33,13,12,12,9,3,43,164,41,35,3,14,1,10,39,8,168,71,427,61,1,23,23,27,127,21,21,2,22,"1,251",23,0,65,50,0,27,2
35-49 Years,Hispanic/Latino,< 30 Days,261,0,0,9,1,90,3,1,0,0,18,2,0,1,19,1,0,1,0,0,1,3,4,3,2,0,0,0,0,1,0,8,3,23,2,0,1,2,0,2,0,0,1,0,38,2,0,2,3,0,2,0
35-49 Years,Hispanic/Latino,30 to < 90 Days,479,0,0,4,1,148,9,3,0,0,44,0,0,0,33,2,0,2,0,0,0,3,8,2,1,1,3,1,0,2,1,15,10,32,8,0,3,4,1,10,1,1,0,1,89,3,0,5,7,0,6,0
35-49 Years,Hispanic/Latino,90 Days to < 6 Months,554,0,1,10,2,177,6,5,1,1,24,2,0,0,31,4,1,0,1,1,1,4,7,4,2,1,1,0,3,4,2,16,5,40,6,0,2,3,2,13,1,4,0,2,132,3,0,5,6,0,2,0
35-49 Years,Hispanic/Latino,6 Months to < 1 Year,986,1,0,11,1,320,18,8,1,3,49,9,0,4,40,3,2,1,3,2,0,9,13,10,7,0,2,0,3,6,1,30,12,65,6,0,6,5,7,16,0,7,1,6,241,3,0,18,14,0,2,1
35-49 Years,Hispanic/Latino,1 Year to < 2 Years,"1,415",0,0,25,2,507,21,12,3,1,48,9,1,3,59,8,3,6,5,1,0,15,38,6,5,0,3,0,4,8,1,44,17,105,15,1,6,3,8,31,6,4,0,4,303,7,0,21,7,0,5,0
35-49 Years,Hispanic/Latino,2 Years to < 3 Years,879,0,0,9,1,349,8,7,1,2,26,3,1,3,31,4,3,2,0,3,1,2,41,9,2,0,2,0,0,11,2,18,8,56,12,0,4,4,4,22,5,0,0,5,186,2,0,4,6,0,6,1
35-49 Years,Hispanic/Latino,3 Years to < 5 Years,"1,023",0,0,10,1,493,4,9,2,1,34,5,1,0,24,6,2,0,2,2,0,3,38,4,14,1,3,0,0,5,0,24,10,56,6,0,1,0,3,26,6,2,0,4,189,2,0,9,5,0,2,0
35-49 Years,Hispanic/Latino,5 or More Years,714,0,0,7,0,448,9,3,0,1,8,5,2,0,15,5,2,0,1,0,0,4,15,3,2,0,0,0,0,2,1,13,6,50,6,0,0,2,2,7,2,3,0,0,73,1,0,1,2,0,2,0
35-49 Years,"Asian, Non-Hispanic",All Time,"2,193",6,7,9,3,892,13,20,5,1,59,34,57,1,62,16,6,4,4,6,2,46,71,22,63,1,15,1,0,31,4,98,3,191,28,0,17,8,8,66,5,4,3,5,150,6,1,51,51,0,31,0
35-49 Years,"Asian, Non-Hispanic",< 30 Days,72,1,0,0,0,25,0,0,0,0,4,0,3,0,2,0,1,1,0,0,0,0,1,0,2,0,0,0,0,3,0,1,0,7,1,0,0,1,0,2,0,0,0,0,7,0,0,3,3,0,0,0
35-49 Years,"Asian, Non-Hispanic",30 to < 90 Days,149,0,1,1,0,36,0,3,1,0,9,6,3,1,6,1,1,0,1,1,0,2,5,2,2,0,2,0,0,1,0,8,0,13,0,0,1,1,0,8,0,0,0,0,13,1,0,9,4,0,6,0
35-49 Years,"Asian, Non-Hispanic",90 Days to < 6 Months,197,2,0,1,0,57,1,3,0,0,9,4,3,0,8,1,3,0,0,0,1,4,6,2,5,0,2,0,0,7,0,12,0,19,5,0,2,1,3,13,0,0,1,0,15,1,0,2,3,0,1,0
35-49 Years,"Asian, Non-Hispanic",6 Months to < 1 Year,339,1,1,3,2,107,3,1,1,0,7,1,7,0,14,6,0,2,1,1,0,9,7,4,14,0,1,0,0,7,1,22,1,41,6,0,4,2,1,5,1,1,1,1,32,0,0,11,6,0,2,0
35-49 Years,"Asian, Non-Hispanic",1 Year to < 2 Years,505,2,1,1,1,185,3,5,2,1,12,10,8,0,14,5,0,1,1,3,0,9,18,7,14,1,4,1,0,6,1,19,1,48,8,0,6,2,3,17,1,3,0,3,39,3,1,12,13,0,9,0
35-49 Years,"Asian, Non-Hispanic",2 Years to < 3 Years,301,0,0,1,0,135,3,4,0,0,6,9,8,0,8,1,1,0,1,0,1,6,14,4,4,0,3,0,0,6,0,13,0,20,3,0,1,0,1,5,1,0,1,0,20,0,0,6,9,0,6,0
35-49 Years,"Asian, Non-Hispanic",3 Years to < 5 Years,380,0,2,1,0,195,1,1,1,0,10,1,12,0,5,1,0,0,0,1,0,13,11,1,10,0,1,0,0,0,1,18,1,34,4,0,3,0,0,12,0,0,0,1,18,1,0,6,11,0,3,0
35-49 Years,"Asian, Non-Hispanic",5 or More Years,250,0,2,1,0,152,2,3,0,0,2,3,13,0,5,1,0,0,0,0,0,3,9,2,12,0,2,0,0,1,1,5,0,9,1,0,0,1,0,4,2,0,0,0,6,0,0,2,2,0,4,0
35-49 Years,"American Indian/Alaska Native, Non-Hispanic",All Time,263,1,0,42,1,22,3,0,0,0,4,1,0,2,4,0,1,1,0,3,0,0,1,3,14,2,1,4,6,3,0,0,28,3,16,9,1,25,1,1,1,1,27,1,8,9,0,0,5,0,7,1
35-49 Years,"American Indian/Alaska Native, Non-Hispanic",< 30 Days,16,0,0,1,0,2,0,0,0,0,0,1,0,0,0,0,0,0,0,0,0,0,0,0,0,0,0,0,0,0,0,0,2,0,0,2,0,4,0,0,0,0,0,0,0,3,0,0,1,0,0,0
35-49 Years,"American Indian/Alaska Native, Non-Hispanic",30 to < 90 Days,19,0,0,4,0,0,0,0,0,0,1,0,0,1,0,0,0,0,0,1,0,0,0,0,1,0,0,0,2,1,0,0,0,0,0,1,0,2,0,0,0,0,3,0,0,1,0,0,0,0,1,0
35-49 Years,"American Indian/Alaska Native, Non-Hispanic",90 Days to < 6 Months,31,0,0,6,0,1,0,0,0,0,1,0,0,1,2,0,0,0,0,0,0,0,0,1,4,1,0,1,1,0,0,0,3,1,1,1,0,3,0,0,0,0,1,0,2,0,0,0,0,0,0,0
35-49 Years,"American Indian/Alaska Native, Non-Hispanic",6 Months to < 1 Year,59,0,0,9,0,2,0,0,0,0,1,0,0,0,1,0,1,0,0,1,0,0,1,0,6,0,0,0,1,1,0,0,3,0,4,2,0,6,1,1,1,0,7,0,3,1,0,0,2,0,3,1
35-49 Years,"American Indian/Alaska Native, Non-Hispanic",1 Year to < 2 Years,38,0,0,5,0,5,1,0,0,0,0,0,0,0,0,0,0,0,0,0,0,0,0,0,1,0,0,1,0,1,0,0,5,1,4,1,1,3,0,0,0,0,3,0,0,4,0,0,1,0,1,0
35-49 Years,"American Indian/Alaska Native, Non-Hispanic",2 Years to < 3 Years,45,1,0,4,1,3,0,0,0,0,0,0,0,0,0,0,0,1,0,1,0,0,0,2,1,1,1,2,1,0,0,0,6,0,3,2,0,3,0,0,0,0,7,0,3,0,0,0,0,0,2,0
35-49 Years,"American Indian/Alaska Native, Non-Hispanic",3 Years to < 5 Years,32,0,0,6,0,2,2,0,0,0,1,0,0,0,1,0,0,0,0,0,0,0,0,0,0,0,0,0,1,0,0,0,6,1,3,0,0,3,0,0,0,1,4,0,0,0,0,0,1,0,0,0
35-49 Years,"American Indian/Alaska Native, Non-Hispanic",5 or More Years,23,0,0,7,0,7,0,0,0,0,0,0,0,0,0,0,0,0,0,0,0,0,0,0,1,0,0,0,0,0,0,0,3,0,1,0,0,1,0,0,0,0,2,1,0,0,0,0,0,0,0,0
35-49 Years,"Pacific Islander, Non-Hispanic",All Time,155,0,6,1,1,62,1,0,0,0,2,0,19,0,3,1,0,0,1,1,0,0,1,0,2,0,2,0,0,7,0,1,0,3,2,1,0,1,3,1,0,0,0,1,6,8,0,2,13,0,0,0
35-49 Years,"Pacific Islander, Non-Hispanic",< 30 Days,4,0,0,0,0,2,0,0,0,0,0,0,0,0,0,0,0,0,0,0,0,0,0,0,1,0,0,0,0,0,0,0,0,1,0,0,0,0,0,0,0,0,0,0,0,0,0,0,0,0,0,0
35-49 Years,"Pacific Islander, Non-Hispanic",30 to < 90 Days,12,0,0,0,1,2,0,0,0,0,2,0,2,0,0,0,0,0,0,1,0,0,0,0,0,0,0,0,0,0,0,0,0,1,0,0,0,0,0,1,0,0,0,0,0,0,0,0,2,0,0,0
35-49 Years,"Pacific Islander, Non-Hispanic",90 Days to < 6 Months,6,0,0,0,0,1,0,0,0,0,0,0,0,0,1,0,0,0,0,0,0,0,0,0,0,0,1,0,0,0,0,0,0,0,0,0,0,0,0,0,0,0,0,0,0,3,0,0,0,0,0,0
35-49 Years,"Pacific Islander, Non-Hispanic",6 Months to < 1 Year,17,0,0,0,0,7,1,0,0,0,0,0,0,0,0,0,0,0,0,0,0,0,0,0,0,0,1,0,0,2,0,0,0,0,1,1,0,0,0,0,0,0,0,0,0,1,0,0,2,0,0,0
35-49 Years,"Pacific Islander, Non-Hispanic",1 Year to < 2 Years,43,0,2,1,0,15,0,0,0,0,0,0,5,0,0,1,0,0,1,0,0,0,0,0,1,0,0,0,0,3,0,1,0,0,1,0,0,0,3,0,0,0,0,1,1,1,0,1,5,0,0,0
35-49 Years,"Pacific Islander, Non-Hispanic",2 Years to < 3 Years,17,0,0,0,0,9,0,0,0,0,0,0,3,0,1,0,0,0,0,0,0,0,0,0,0,0,0,0,0,0,0,0,0,0,0,0,0,0,0,0,0,0,0,0,1,1,0,1,1,0,0,0
35-49 Years,"Pacific Islander, Non-Hispanic",3 Years to < 5 Years,32,0,3,0,0,12,0,0,0,0,0,0,5,0,1,0,0,0,0,0,0,0,1,0,0,0,0,0,0,1,0,0,0,1,0,0,0,1,0,0,0,0,0,0,4,1,0,0,2,0,0,0
35-49 Years,"Pacific Islander, Non-Hispanic",5 or More Years,24,0,1,0,0,14,0,0,0,0,0,0,4,0,0,0,0,0,0,0,0,0,0,0,0,0,0,0,0,1,0,0,0,0,0,0,0,0,0,0,0,0,0,0,0,1,0,0,1,0,0,0
35-49 Years,"Multiracial, Non-Hispanic",All Time,239,1,1,2,8,40,3,4,0,0,8,1,12,0,4,0,0,5,1,0,0,2,4,7,8,0,4,2,4,6,0,7,0,13,29,0,2,5,5,4,0,2,8,14,9,1,0,3,4,0,4,0
35-49 Years,"Multiracial, Non-Hispanic",< 30 Days,7,0,0,0,0,1,0,0,0,0,0,0,1,0,0,0,0,0,0,0,0,0,0,0,0,0,0,0,0,0,0,0,0,1,1,0,0,0,0,0,0,0,0,1,0,0,0,0,0,0,0,0
35-49 Years,"Multiracial, Non-Hispanic",30 to < 90 Days,27,0,0,1,2,1,0,0,0,0,0,0,1,0,0,0,0,0,0,0,0,1,0,0,2,0,1,0,1,2,0,0,0,1,4,0,0,1,1,3,0,0,0,2,2,0,0,0,0,0,1,0
35-49 Years,"Multiracial, Non-Hispanic",90 Days to < 6 Months,24,0,1,0,1,4,0,0,0,0,0,0,0,0,0,0,0,2,0,0,0,0,1,0,1,0,1,0,0,0,0,1,0,0,4,0,0,1,0,0,0,0,0,2,4,0,0,0,0,0,1,0
35-49 Years,"Multiracial, Non-Hispanic",6 Months to < 1 Year,31,0,0,1,0,2,0,1,0,0,0,0,2,0,3,0,0,3,0,0,0,0,0,1,2,0,0,0,1,1,0,4,0,1,2,0,0,1,0,0,0,0,1,1,0,0,0,1,3,0,0,0
35-49 Years,"Multiracial, Non-Hispanic",1 Year to < 2 Years,52,0,0,0,4,13,1,0,0,0,3,0,1,0,0,0,0,0,0,0,0,0,1,1,0,0,0,1,0,1,0,1,0,4,3,0,2,1,2,0,0,0,5,3,2,1,0,2,0,0,0,0
35-49 Years,"Multiracial, Non-Hispanic",2 Years to < 3 Years,34,1,0,0,0,5,0,1,0,0,1,1,4,0,0,0,0,0,0,0,0,1,1,2,2,0,0,0,0,0,0,0,0,0,7,0,0,0,1,0,0,1,1,4,1,0,0,0,0,0,0,0
35-49 Years,"Multiracial, Non-Hispanic",3 Years to < 5 Years,41,0,0,0,0,7,0,2,0,0,3,0,2,0,1,0,0,0,1,0,0,0,0,3,1,0,2,1,1,1,0,1,0,3,6,0,0,1,1,1,0,1,0,0,0,0,0,0,1,0,1,0
35-49 Years,"Multiracial, Non-Hispanic",5 or More Years,23,0,0,0,1,7,2,0,0,0,1,0,1,0,0,0,0,0,0,0,0,0,1,0,0,0,0,0,1,1,0,0,0,3,2,0,0,0,0,0,0,0,1,1,0,0,0,0,0,0,1,0
50-64 Years,All Ethnicities,All Time,"48,608",749,60,480,191,"9,089",469,634,204,101,"2,030","1,514",253,96,"1,861",640,278,216,458,802,197,"1,367","1,654","1,084",721,504,584,73,136,256,201,"1,638",270,"3,354","1,650",68,"1,047",338,214,"2,217",196,921,143,937,"5,130",204,46,"1,414",602,181,615,35
50-64 Years,All Ethnicities,< 30 Days,"2,174",17,2,24,13,265,29,19,4,7,145,62,7,3,92,25,15,15,22,37,9,69,49,59,30,23,25,1,8,11,11,59,9,157,87,3,77,25,4,86,7,41,9,43,220,13,2,61,24,15,28,3
50-64 Years,All Ethnicities,30 to < 90 Days,"3,891",41,6,52,19,522,47,48,21,11,223,112,17,13,174,72,38,22,55,65,12,93,84,101,49,47,46,9,25,31,11,120,17,228,120,7,96,31,7,167,10,73,9,67,470,28,1,128,44,17,62,1
50-64 Years,All Ethnicities,90 Days to < 6 Months,"4,170",68,4,56,26,548,33,68,22,6,244,109,11,11,174,66,37,17,47,67,17,122,110,127,44,35,59,13,25,26,25,152,23,267,151,2,93,42,26,202,19,111,10,90,438,21,6,135,58,19,60,3
50-64 Years,All Ethnicities,6 Months to < 1 Year,"7,471",151,6,89,42,"1,106",73,106,32,14,353,234,25,23,305,116,41,58,89,124,31,175,169,169,113,76,108,14,26,48,26,256,44,519,288,12,180,64,35,365,17,155,21,167,818,40,10,244,101,33,97,5
50-64 Years,All Ethnicities,1 Year to < 2 Years,"10,534",214,14,95,35,"1,591",118,140,39,16,407,352,40,18,447,172,69,62,112,179,49,263,382,276,154,112,148,17,25,54,47,378,57,715,364,22,232,79,53,480,44,234,34,214,"1,213",45,13,343,130,38,143,9
50-64 Years,All Ethnicities,2 Years to < 3 Years,"6,569",100,7,52,18,"1,254",72,94,26,8,232,194,43,13,239,65,34,20,68,126,39,200,307,120,85,87,87,5,14,25,33,251,31,400,236,6,138,41,42,286,36,128,21,154,657,27,6,200,98,20,82,6
50-64 Years,All Ethnicities,3 Years to < 5 Years,"8,101",102,14,62,27,"1,918",69,96,39,26,297,256,54,9,272,89,30,17,48,123,23,230,325,133,109,88,67,13,9,31,30,255,51,621,263,7,152,35,39,365,41,121,23,132,900,24,3,194,93,23,85,2
50-64 Years,All Ethnicities,5 or More Years,"5,698",56,7,50,11,"1,885",28,63,21,13,129,195,56,6,158,35,14,5,17,81,17,215,228,99,137,36,44,1,4,30,18,167,38,447,141,9,79,21,8,266,22,58,16,70,414,6,5,109,54,16,58,6
50-64 Years,"White, Non-Hispanic",All Time,"18,670",310,32,169,103,"1,837",237,308,76,8,833,367,24,68,724,393,213,150,318,251,176,445,992,660,445,154,346,61,100,110,175,595,50,"1,127",545,57,666,197,136,"1,119",138,288,83,439,"1,356",140,41,549,324,156,451,28
50-64 Years,"White, Non-Hispanic",< 30 Days,"1,043",10,1,11,10,79,18,14,1,1,72,26,0,0,51,20,13,11,15,18,9,19,37,33,23,12,15,1,5,4,10,24,4,67,32,2,52,13,3,47,2,16,6,20,75,10,2,25,14,15,25,3
50-64 Years,"White, Non-Hispanic",30 to < 90 Days,"1,718",19,4,23,13,103,29,31,11,2,102,41,2,9,67,50,31,16,40,29,10,21,48,65,30,18,31,8,22,14,10,50,2,88,40,6,65,16,5,111,6,19,7,35,169,20,0,41,29,14,51,1
50-64 Years,"White, Non-Hispanic",90 Days to < 6 Months,"1,848",30,2,20,15,125,18,33,10,0,110,31,1,10,67,43,23,12,35,27,16,47,71,83,29,15,41,11,17,14,24,61,9,114,53,2,58,21,17,110,17,42,8,43,141,12,5,54,34,17,45,2
50-64 Years,"White, Non-Hispanic",6 Months to < 1 Year,"3,087",70,3,30,24,229,43,60,6,1,152,54,3,17,123,74,35,40,62,37,30,62,97,108,67,24,64,12,19,17,20,96,10,182,113,9,130,39,25,218,11,48,9,79,218,31,9,109,60,30,73,3
50-64 Years,"White, Non-Hispanic",1 Year to < 2 Years,"4,197",90,8,32,19,361,53,63,18,2,177,86,5,10,185,97,54,42,78,51,41,80,213,160,103,38,92,14,20,27,40,136,12,239,110,20,154,46,34,240,34,72,18,100,335,28,12,132,74,29,104,7
50-64 Years,"White, Non-Hispanic",2 Years to < 3 Years,"2,425",39,4,20,5,252,38,38,14,1,83,56,3,8,84,40,24,15,45,43,36,53,193,73,54,15,37,5,9,11,31,89,1,132,68,5,86,24,27,137,28,43,10,72,155,18,6,67,45,17,62,4
50-64 Years,"White, Non-Hispanic",3 Years to < 5 Years,"2,643",38,8,19,11,343,25,40,7,1,101,45,4,8,100,52,22,12,28,28,20,74,195,76,62,23,46,10,7,12,27,88,6,195,78,7,87,25,20,159,24,32,14,61,179,17,3,86,37,21,57,2
50-64 Years,"White, Non-Hispanic",5 or More Years,"1,709",14,2,14,6,345,13,29,9,0,36,28,6,6,47,17,11,2,15,18,14,89,138,62,77,9,20,0,1,11,13,51,6,110,51,6,34,13,5,97,16,16,11,29,84,4,4,35,31,13,34,6
50-64 Years,"Black, Non-Hispanic",All Time,"14,542",412,10,61,64,991,69,181,106,82,719,"1,008",6,1,653,186,22,30,130,510,13,777,312,332,121,335,193,1,12,39,13,610,7,"1,165",924,4,338,55,13,834,22,591,5,417,"1,244",4,2,633,70,20,99,2
50-64 Years,"Black, Non-Hispanic",< 30 Days,550,6,0,4,2,25,1,2,3,4,36,28,0,0,16,5,1,2,7,19,0,41,7,22,4,11,7,0,2,2,1,19,0,40,44,1,21,7,0,31,2,21,0,21,43,1,0,19,1,0,2,0
50-64 Years,"Black, Non-Hispanic",30 to < 90 Days,"1,065",19,1,3,4,54,3,10,5,8,58,59,1,0,59,19,0,4,15,34,2,60,14,29,10,28,11,0,2,4,0,36,0,67,68,0,29,4,1,46,3,48,1,25,91,1,1,65,4,2,8,0
50-64 Years,"Black, Non-Hispanic",90 Days to < 6 Months,"1,167",35,1,8,6,64,2,20,11,3,78,65,1,0,47,14,3,3,12,39,1,64,18,37,9,19,16,0,1,2,0,55,1,84,74,0,32,9,2,66,1,64,1,38,86,1,0,53,7,2,10,0
50-64 Years,"Black, Non-Hispanic",6 Months to < 1 Year,"2,167",77,1,13,14,117,8,28,23,12,117,163,1,0,110,33,4,5,25,79,1,95,30,44,15,50,39,1,1,7,1,83,2,172,144,1,44,8,0,105,1,104,2,67,188,0,1,98,10,3,13,1
50-64 Years,"Black, Non-Hispanic",1 Year to < 2 Years,"3,175",112,2,14,12,165,21,46,19,12,133,234,0,0,133,53,5,12,28,119,4,150,81,91,24,69,47,0,3,12,5,143,2,245,218,1,70,12,4,176,3,153,0,94,251,0,0,148,14,7,23,1
50-64 Years,"Black, Non-Hispanic",2 Years to < 3 Years,"2,055",58,1,9,12,129,15,26,7,7,99,123,1,1,100,20,4,1,22,80,1,124,53,32,15,70,36,0,0,4,2,92,1,150,147,0,47,5,2,106,3,80,1,67,161,1,0,112,15,1,11,0
50-64 Years,"Black, Non-Hispanic",3 Years to < 5 Years,"2,514",63,2,7,12,196,14,30,26,23,124,186,1,0,113,25,4,2,19,86,3,134,65,42,21,62,17,0,1,2,2,106,0,221,155,0,54,6,4,164,7,83,0,65,251,0,0,79,11,2,16,0
50-64 Years,"Black, Non-Hispanic",5 or More Years,"1,849",42,2,3,2,241,5,19,12,13,74,150,1,0,75,17,1,1,2,54,1,109,44,35,23,26,20,0,2,6,2,76,1,186,74,1,41,4,0,140,2,38,0,40,173,0,0,59,8,3,16,0
50-64 Years,Hispanic/Latino,All Time,"10,324",15,1,173,12,"4,234",125,94,10,7,360,71,11,17,336,44,25,26,6,21,1,65,228,41,62,5,16,1,14,62,5,239,153,677,77,1,21,31,39,156,24,20,7,28,"2,252",39,1,101,67,3,20,3
50-64 Years,Hispanic/Latino,< 30 Days,402,1,0,9,1,115,7,2,0,1,26,1,0,2,21,0,0,1,0,0,0,5,1,1,1,0,2,0,1,3,0,10,3,28,4,0,2,2,0,7,2,3,0,1,93,2,0,8,3,0,0,0
50-64 Years,Hispanic/Latino,30 to < 90 Days,769,1,0,18,0,254,11,6,4,1,52,6,1,3,34,3,2,2,0,2,0,3,16,5,2,0,2,0,0,10,0,21,11,48,6,0,1,2,0,8,0,2,0,2,189,5,0,10,1,1,1,0
50-64 Years,Hispanic/Latino,90 Days to < 6 Months,824,0,0,23,5,255,12,11,1,1,44,8,0,0,41,5,7,2,0,1,0,5,16,5,2,0,1,0,4,4,1,21,10,54,13,0,1,6,2,14,0,3,1,3,191,8,1,12,7,0,3,0
50-64 Years,Hispanic/Latino,6 Months to < 1 Year,"1,495",3,0,33,1,510,16,12,2,1,60,9,2,5,53,7,1,9,2,3,0,8,34,8,8,1,0,0,4,14,3,42,26,111,9,0,4,7,8,29,3,2,0,4,364,4,0,9,11,0,3,1
50-64 Years,Hispanic/Latino,1 Year to < 2 Years,"2,076",6,0,33,3,687,34,20,0,1,68,14,1,2,97,15,7,6,3,5,0,16,53,7,11,2,4,1,0,10,1,55,32,134,16,1,3,5,8,31,3,5,2,9,556,10,0,35,17,1,6,0
50-64 Years,Hispanic/Latino,2 Years to < 3 Years,"1,383",3,0,11,0,582,11,19,1,0,40,7,1,4,36,4,4,3,1,3,0,14,40,6,9,1,2,0,3,7,0,40,19,76,11,0,1,6,8,28,4,4,2,7,306,5,0,8,5,1,4,2
50-64 Years,Hispanic/Latino,3 Years to < 5 Years,"1,971",1,1,21,1,930,26,16,2,2,57,17,3,1,36,10,2,2,0,4,0,3,42,9,13,0,4,0,1,9,0,31,33,129,9,0,6,1,11,20,9,0,1,1,413,5,0,14,16,0,2,0
50-64 Years,Hispanic/Latino,5 or More Years,"1,404",0,0,25,1,901,8,8,0,0,13,9,3,0,18,0,2,1,0,3,1,11,26,0,16,1,1,0,1,5,0,19,19,97,9,0,3,2,2,19,3,1,1,1,140,0,0,5,7,0,1,0
50-64 Years,"Asian, Non-Hispanic",All Time,"4,024",10,7,23,4,"1,759",27,35,10,2,94,61,143,3,133,13,7,5,4,17,6,69,113,28,78,6,17,4,5,30,7,185,4,364,57,1,20,8,13,92,10,19,3,31,231,9,1,113,95,2,38,0
50-64 Years,"Asian, Non-Hispanic",< 30 Days,135,0,0,0,0,40,2,1,0,0,6,7,5,1,4,0,0,1,0,0,0,4,2,1,2,0,0,0,0,2,0,6,0,19,4,0,2,0,1,1,1,1,0,0,8,0,0,7,4,0,1,0
50-64 Years,"Asian, Non-Hispanic",30 to < 90 Days,271,2,1,3,0,101,3,1,0,0,10,6,9,1,13,0,3,0,0,0,0,8,6,2,4,1,0,1,0,3,1,13,1,23,5,0,1,0,1,2,1,4,0,2,16,2,0,9,6,0,2,0
50-64 Years,"Asian, Non-Hispanic",90 Days to < 6 Months,246,3,0,2,0,96,0,3,0,1,7,5,5,0,17,3,1,0,0,0,0,5,5,1,4,1,1,0,2,5,0,14,0,14,3,0,2,1,1,9,1,1,0,5,14,0,0,11,2,0,1,0
50-64 Years,"Asian, Non-Hispanic",6 Months to < 1 Year,566,0,1,4,2,213,4,4,1,0,22,7,11,0,17,2,0,2,0,4,0,10,7,4,21,0,4,1,1,6,2,32,1,52,14,0,2,2,1,11,2,1,1,10,39,0,0,25,17,0,6,0
50-64 Years,"Asian, Non-Hispanic",1 Year to < 2 Years,877,5,3,3,0,328,5,8,1,1,25,15,22,1,29,6,1,1,3,3,3,16,33,13,12,2,2,1,1,3,1,43,0,96,14,0,5,3,2,32,4,4,0,6,65,3,0,26,16,1,10,0
50-64 Years,"Asian, Non-Hispanic",2 Years to < 3 Years,560,0,1,5,0,253,7,6,4,0,7,6,26,0,18,1,1,0,0,0,2,7,21,4,7,0,8,0,1,1,0,28,2,38,7,1,3,1,3,12,0,0,1,6,26,2,0,13,25,1,4,0
50-64 Years,"Asian, Non-Hispanic",3 Years to < 5 Years,780,0,0,6,1,393,4,7,4,0,13,8,31,0,21,0,1,1,1,4,0,14,21,2,12,2,0,0,0,4,1,29,0,72,7,0,4,1,3,17,0,6,0,2,48,0,0,13,19,0,8,0
50-64 Years,"Asian, Non-Hispanic",5 or More Years,589,0,1,0,1,335,2,5,0,0,4,7,34,0,14,1,0,0,0,6,1,5,18,1,16,0,2,1,0,6,2,20,0,50,3,0,1,0,1,8,1,2,1,0,15,2,1,9,6,0,6,0
50-64 Years,"American Indian/Alaska Native, Non-Hispanic",All Time,402,2,3,48,1,42,6,2,1,0,5,1,1,1,3,2,5,1,0,1,0,4,2,11,8,4,6,6,2,5,0,0,56,5,24,5,0,39,3,5,2,1,42,1,19,2,0,1,12,0,7,2
50-64 Years,"American Indian/Alaska Native, Non-Hispanic",< 30 Days,18,0,0,0,0,0,0,0,0,0,1,0,0,0,0,0,0,0,0,0,0,0,0,2,0,0,1,0,0,0,0,0,2,1,3,0,0,2,0,0,0,0,3,0,0,0,0,0,1,0,0,0
50-64 Years,"American Indian/Alaska Native, Non-Hispanic",30 to < 90 Days,28,0,0,4,0,1,1,0,0,0,0,0,0,0,1,0,1,0,0,0,0,0,0,0,2,0,1,0,0,0,0,0,3,0,1,1,0,8,0,0,0,0,1,0,1,0,0,0,1,0,0,0
50-64 Years,"American Indian/Alaska Native, Non-Hispanic",90 Days to < 6 Months,34,0,1,3,0,1,0,0,0,0,1,0,0,0,0,1,1,0,0,0,0,0,0,0,0,0,0,2,0,0,0,0,3,0,7,0,0,5,1,1,0,1,0,0,2,0,0,0,2,0,1,1
50-64 Years,"American Indian/Alaska Native, Non-Hispanic",6 Months to < 1 Year,60,1,1,6,1,7,0,0,0,0,0,0,0,0,1,0,0,0,0,1,0,0,0,4,1,1,1,0,0,1,0,0,5,0,3,2,0,7,0,1,0,0,8,0,4,1,0,0,1,0,2,0
50-64 Years,"American Indian/Alaska Native, Non-Hispanic",1 Year to < 2 Years,96,1,0,13,0,11,4,0,1,0,1,1,0,1,1,1,2,1,0,0,0,1,0,1,4,1,2,1,1,1,0,0,11,0,2,0,0,10,2,1,0,0,13,0,3,1,0,0,2,0,0,1
50-64 Years,"American Indian/Alaska Native, Non-Hispanic",2 Years to < 3 Years,50,0,1,6,0,4,1,1,0,0,1,0,0,0,0,0,0,0,0,0,0,2,0,2,0,1,0,0,1,1,0,0,8,2,1,0,0,4,0,0,1,0,7,0,2,0,0,0,3,0,1,0
50-64 Years,"American Indian/Alaska Native, Non-Hispanic",3 Years to < 5 Years,69,0,0,8,0,7,0,1,0,0,0,0,1,0,0,0,1,0,0,0,0,1,1,2,1,1,0,3,0,1,0,0,12,1,6,0,0,1,0,2,1,0,7,1,5,0,0,1,2,0,2,0
50-64 Years,"American Indian/Alaska Native, Non-Hispanic",5 or More Years,47,0,0,8,0,11,0,0,0,0,1,0,0,0,0,0,0,0,0,0,0,0,1,0,0,0,1,0,0,1,0,0,12,1,1,2,0,2,0,0,0,0,3,0,2,0,0,0,0,0,1,0
50-64 Years,"Pacific Islander, Non-Hispanic",All Time,307,0,6,1,1,147,3,1,1,0,4,3,37,4,3,0,4,0,0,1,1,1,3,2,1,0,2,0,2,7,0,0,0,1,2,0,2,3,8,1,0,1,0,0,14,9,0,2,28,0,0,0
50-64 Years,"Pacific Islander, Non-Hispanic",< 30 Days,10,0,1,0,0,4,1,0,0,0,0,0,0,0,0,0,1,0,0,0,0,0,1,0,0,0,0,0,0,0,0,0,0,1,0,0,0,0,0,0,0,0,0,0,0,0,0,0,1,0,0,0
50-64 Years,"Pacific Islander, Non-Hispanic",30 to < 90 Days,14,0,0,1,0,4,0,0,1,0,0,0,2,0,0,0,0,0,0,0,0,0,0,0,0,0,0,0,1,0,0,0,0,0,0,0,0,1,0,0,0,0,0,0,2,0,0,0,2,0,0,0
50-64 Years,"Pacific Islander, Non-Hispanic",90 Days to < 6 Months,24,0,0,0,0,6,0,0,0,0,1,0,2,0,1,0,1,0,0,0,0,0,0,0,0,0,0,0,1,1,0,0,0,0,0,0,0,0,1,0,0,0,0,0,2,0,0,2,6,0,0,0
50-64 Years,"Pacific Islander, Non-Hispanic",6 Months to < 1 Year,43,0,0,0,0,19,1,0,0,0,0,0,5,1,0,0,1,0,0,0,0,0,1,1,1,0,0,0,0,3,0,0,0,0,1,0,0,1,1,0,0,0,0,0,1,4,0,0,2,0,0,0
50-64 Years,"Pacific Islander, Non-Hispanic",1 Year to < 2 Years,47,0,1,0,0,19,1,0,0,0,1,2,3,3,1,0,0,0,0,1,1,0,1,0,0,0,0,0,0,1,0,0,0,0,1,0,0,0,3,0,0,0,0,0,2,2,0,0,4,0,0,0
50-64 Years,"Pacific Islander, Non-Hispanic",2 Years to < 3 Years,49,0,0,0,0,25,0,0,0,0,1,0,6,0,0,0,1,0,0,0,0,0,0,0,0,0,2,0,0,1,0,0,0,0,0,0,1,0,2,0,0,1,0,0,4,1,0,0,4,0,0,0
50-64 Years,"Pacific Islander, Non-Hispanic",3 Years to < 5 Years,63,0,3,0,0,34,0,1,0,0,0,0,8,0,0,0,0,0,0,0,0,1,0,0,0,0,0,0,0,1,0,0,0,0,0,0,1,1,1,0,0,0,0,0,3,2,0,0,7,0,0,0
50-64 Years,"Pacific Islander, Non-Hispanic",5 or More Years,57,0,1,0,1,36,0,0,0,0,1,1,11,0,1,0,0,0,0,0,0,0,0,1,0,0,0,0,0,0,0,0,0,0,0,0,0,0,0,1,0,0,0,0,0,0,0,0,2,0,0,0
50-64 Years,"Multiracial, Non-Hispanic",All Time,339,0,1,5,6,79,2,13,0,2,15,3,31,2,9,2,2,4,0,1,0,6,4,10,6,0,4,0,1,3,1,9,0,15,21,0,0,5,2,10,0,1,3,21,14,1,1,15,6,0,0,0
50-64 Years,"Multiracial, Non-Hispanic",< 30 Days,16,0,0,0,0,2,0,0,0,1,4,0,2,0,0,0,0,0,0,0,0,0,1,0,0,0,0,0,0,0,0,0,0,1,0,0,0,1,0,0,0,0,0,1,1,0,0,2,0,0,0,0
50-64 Years,"Multiracial, Non-Hispanic",30 to < 90 Days,26,0,0,0,2,5,0,0,0,0,1,0,2,0,0,0,1,0,0,0,0,1,0,0,1,0,1,0,0,0,0,0,0,2,0,0,0,0,0,0,0,0,0,3,2,0,0,3,1,0,0,0
50-64 Years,"Multiracial, Non-Hispanic",90 Days to < 6 Months,27,0,0,0,0,1,1,1,0,1,3,0,2,1,1,0,1,0,0,0,0,1,0,1,0,0,0,0,0,0,0,1,0,1,1,0,0,0,2,2,0,0,0,1,2,0,0,3,0,0,0,0
50-64 Years,"Multiracial, Non-Hispanic",6 Months to < 1 Year,53,0,0,3,0,11,1,2,0,0,2,1,3,0,1,0,0,2,0,0,0,0,0,0,0,0,0,0,1,0,0,3,0,2,4,0,0,0,0,1,0,0,1,7,4,0,0,3,0,0,0,0
50-64 Years,"Multiracial, Non-Hispanic",1 Year to < 2 Years,66,0,0,0,1,20,0,3,0,0,2,0,9,1,1,0,0,0,0,0,0,0,1,4,0,0,1,0,0,0,0,1,0,1,3,0,0,3,0,0,0,0,1,5,1,1,1,2,3,0,0,0
50-64 Years,"Multiracial, Non-Hispanic",2 Years to < 3 Years,47,0,0,1,1,9,0,4,0,0,1,2,6,0,1,0,0,1,0,0,0,0,0,3,0,0,2,0,0,0,0,2,0,2,2,0,0,1,0,3,0,0,0,2,3,0,0,0,1,0,0,0
50-64 Years,"Multiracial, Non-Hispanic",3 Years to < 5 Years,61,0,0,1,2,15,0,1,0,0,2,0,6,0,2,2,0,0,0,1,0,3,1,2,0,0,0,0,0,2,0,1,0,3,8,0,0,0,0,3,0,0,1,2,1,0,0,1,1,0,0,0
50-64 Years,"Multiracial, Non-Hispanic",5 or More Years,43,0,1,0,0,16,0,2,0,0,0,0,1,0,3,0,0,1,0,0,0,1,1,0,5,0,0,0,0,1,1,1,0,3,3,0,0,0,0,1,0,1,0,0,0,0,0,1,0,0,0,0
65 and Older,All Ethnicities,All Time,"28,391",371,41,276,99,"5,052",310,304,149,60,"1,413",687,172,88,"1,125",369,156,110,279,422,155,817,"1,102",771,475,209,470,51,86,172,166,883,208,"2,263",857,40,646,189,146,"1,537",121,583,79,539,"2,167",143,52,836,408,90,380,25
65 and Older,All Ethnicities,< 30 Days,"1,160",12,1,19,6,136,10,15,2,0,103,18,2,2,52,12,8,4,19,22,3,24,17,33,14,10,24,3,3,9,5,36,5,85,35,1,38,6,2,41,3,29,4,32,91,8,2,40,19,6,25,1
65 and Older,All Ethnicities,30 to < 90 Days,"2,053",16,2,29,15,251,20,20,10,3,163,54,4,7,106,29,15,12,18,39,7,51,48,49,38,13,34,6,11,18,4,54,8,158,63,2,54,32,4,97,7,55,3,44,173,22,3,63,23,15,22,3
65 and Older,All Ethnicities,90 Days to < 6 Months,"2,288",32,3,43,11,277,23,22,10,6,168,65,7,3,107,46,28,12,25,37,15,63,67,83,28,14,45,4,15,13,13,76,22,168,66,2,49,20,14,114,7,61,4,43,161,14,5,82,27,14,30,4
65 and Older,All Ethnicities,6 Months to < 1 Year,"4,174",72,3,36,18,517,59,41,21,5,291,90,10,18,174,73,28,21,47,73,22,92,134,135,64,33,91,14,14,30,20,127,23,327,141,3,108,37,25,221,17,112,9,118,319,28,7,136,67,13,68,4
65 and Older,All Ethnicities,1 Year to < 2 Years,"6,005",94,9,46,24,828,79,76,32,9,269,181,29,26,277,90,32,35,62,71,37,161,246,190,93,51,131,11,26,38,43,190,41,498,191,11,155,38,35,324,16,129,20,95,482,33,18,195,83,18,98,5
65 and Older,All Ethnicities,2 Years to < 3 Years,"3,821",63,5,32,11,684,45,37,23,10,144,76,35,19,146,50,17,16,51,47,35,105,187,106,57,38,56,4,11,22,30,130,25,249,129,5,90,22,32,191,27,82,5,81,301,18,9,114,73,6,54,2
65 and Older,All Ethnicities,3 Years to < 5 Years,"5,025",55,12,31,11,"1,096",52,54,33,11,187,126,44,7,154,42,17,5,43,86,22,178,238,97,96,40,51,7,3,23,30,184,54,434,134,9,85,25,22,312,27,70,14,90,385,16,7,128,83,10,54,4
65 and Older,All Ethnicities,5 or More Years,"3,865",27,6,40,3,"1,263",22,39,18,16,88,77,41,6,109,27,11,5,14,47,14,143,165,78,85,10,38,2,3,19,21,86,30,344,98,7,67,9,12,237,17,45,20,36,255,4,1,78,33,8,29,2
65 and Older,"White, Non-Hispanic",All Time,"14,374",185,18,153,54,"1,399",225,186,82,10,793,285,22,78,587,273,137,82,217,178,141,334,743,554,354,84,338,45,72,91,151,480,76,930,429,32,466,128,114,952,84,270,56,321,851,107,50,418,262,81,299,20
65 and Older,"White, Non-Hispanic",< 30 Days,688,9,0,11,5,49,7,8,2,0,64,8,1,2,35,12,7,4,15,12,3,10,17,25,11,7,19,3,3,4,5,23,2,49,14,1,32,4,2,30,2,13,4,24,34,6,2,19,8,6,21,1
65 and Older,"White, Non-Hispanic",30 to < 90 Days,"1,178",12,1,14,9,79,16,13,3,0,106,32,0,7,60,18,12,8,14,22,6,21,36,36,30,7,29,6,9,11,4,34,2,63,36,2,39,27,2,67,7,32,1,31,79,19,3,31,14,14,17,3
65 and Older,"White, Non-Hispanic",90 Days to < 6 Months,"1,276",16,2,25,6,79,17,11,5,2,94,27,0,2,58,39,23,8,21,16,15,30,46,67,23,7,33,4,12,7,13,50,12,80,32,0,40,13,9,84,5,29,4,26,68,11,5,39,17,12,26,4
65 and Older,"White, Non-Hispanic",6 Months to < 1 Year,"2,284",42,2,24,7,160,46,22,11,0,167,41,2,17,87,55,26,19,36,33,19,23,85,98,52,14,67,10,12,10,18,72,7,129,76,3,82,28,19,150,14,57,6,72,148,19,6,69,50,13,55,3
65 and Older,"White, Non-Hispanic",1 Year to < 2 Years,"3,150",45,5,25,17,275,57,52,20,2,142,78,5,23,135,62,30,24,48,20,35,64,164,131,64,23,95,10,21,18,42,103,20,206,91,7,110,23,30,202,10,55,15,58,203,21,17,95,54,17,75,3
65 and Older,"White, Non-Hispanic",2 Years to < 3 Years,"1,943",35,1,21,4,195,32,25,12,1,92,30,5,15,86,36,13,12,34,17,31,40,125,77,38,12,37,3,9,13,23,66,10,104,74,5,61,14,26,125,18,31,3,44,113,13,9,57,44,5,42,2
65 and Older,"White, Non-Hispanic",3 Years to < 5 Years,"2,234",21,5,21,4,259,32,31,19,2,85,44,6,6,76,31,16,4,36,40,20,76,153,75,70,12,31,7,3,13,29,83,15,172,66,9,63,15,16,173,17,37,7,45,106,14,7,56,54,7,42,2
65 and Older,"White, Non-Hispanic",5 or More Years,"1,621",5,2,12,2,303,18,24,10,3,43,25,3,6,50,20,10,3,13,18,12,70,117,45,66,2,27,2,3,15,17,49,8,127,40,5,39,4,10,121,11,16,16,21,100,4,1,52,21,7,21,2
65 and Older,"Black, Non-Hispanic",All Time,"6,705",179,6,24,36,512,21,67,58,45,353,356,2,1,320,71,7,8,50,229,7,390,153,164,65,120,110,0,6,24,5,215,6,617,377,0,156,24,5,447,17,291,3,178,543,2,0,315,37,8,42,1
65 and Older,"Black, Non-Hispanic",< 30 Days,236,3,0,1,1,7,0,4,0,0,22,9,0,0,8,0,0,0,4,10,0,12,0,6,3,3,4,0,0,1,0,5,1,17,19,0,5,1,0,8,0,16,0,6,24,0,0,17,4,0,3,0
65 and Older,"Black, Non-Hispanic",30 to < 90 Days,434,4,0,5,5,20,0,2,6,3,29,21,0,0,26,5,0,1,3,17,1,26,7,11,5,6,4,0,1,2,0,9,0,45,23,0,14,1,1,24,0,23,0,12,29,0,0,24,2,1,4,0
65 and Older,"Black, Non-Hispanic",90 Days to < 6 Months,517,16,0,6,4,19,1,6,4,4,46,35,0,0,28,6,3,2,3,20,0,26,9,12,2,7,10,0,1,2,0,11,0,40,33,0,6,3,0,21,1,29,0,16,49,0,0,32,2,2,0,0
65 and Older,"Black, Non-Hispanic",6 Months to < 1 Year,973,28,0,1,11,52,3,9,8,4,70,39,1,1,43,10,0,1,9,36,2,60,18,26,6,19,19,0,1,8,0,27,0,90,60,0,24,3,0,52,2,50,1,38,70,1,0,55,5,0,10,0
65 and Older,"Black, Non-Hispanic",1 Year to < 2 Years,"1,436",48,2,5,6,82,4,11,11,6,73,91,0,0,81,23,1,1,11,47,0,73,37,44,19,27,29,0,3,2,0,49,0,134,89,0,40,4,1,94,3,70,1,29,99,1,0,70,5,0,8,1
65 and Older,"Black, Non-Hispanic",2 Years to < 3 Years,887,26,0,1,3,59,6,8,10,8,28,44,0,0,36,13,1,1,14,29,2,51,26,22,10,24,15,0,0,3,3,34,0,59,47,0,23,3,1,55,3,48,1,30,82,0,0,42,7,1,7,0
65 and Older,"Black, Non-Hispanic",3 Years to < 5 Years,"1,272",33,2,1,5,118,6,15,12,8,56,71,0,0,51,7,1,1,5,44,2,79,36,16,12,26,19,0,0,5,0,56,4,134,58,0,18,6,1,102,5,30,0,36,117,0,0,53,10,3,4,0
65 and Older,"Black, Non-Hispanic",5 or More Years,950,21,2,4,1,155,1,12,7,12,29,46,1,0,47,7,1,1,1,26,0,63,20,27,8,8,10,0,0,1,2,24,1,98,48,0,26,3,1,91,3,25,0,11,73,0,0,22,2,1,6,0
65 and Older,Hispanic/Latino,All Time,"4,149",0,0,75,3,"1,775",50,35,5,3,184,20,8,7,143,16,7,11,5,5,3,34,121,14,12,1,5,2,6,29,4,82,91,361,20,2,9,12,14,64,14,7,0,19,642,22,1,33,27,0,21,3
65 and Older,Hispanic/Latino,< 30 Days,152,0,0,5,0,51,2,3,0,0,14,1,0,0,5,0,1,0,0,0,0,2,0,2,0,0,1,0,0,2,0,3,2,10,1,0,1,0,0,1,1,0,0,2,25,0,0,0,3,0,1,0
65 and Older,Hispanic/Latino,30 to < 90 Days,272,0,0,8,1,90,3,2,0,0,22,0,0,0,14,5,1,1,1,0,0,2,3,0,0,0,1,0,1,3,0,4,6,22,1,0,1,2,0,3,0,0,0,0,60,2,0,1,2,0,0,0
65 and Older,Hispanic/Latino,90 Days to < 6 Months,300,0,0,10,1,101,3,4,1,0,20,1,0,0,18,0,2,2,0,1,0,1,9,0,0,0,1,0,2,2,0,6,9,28,0,0,1,1,2,4,1,1,0,1,40,2,0,2,2,0,3,0
65 and Older,Hispanic/Latino,6 Months to < 1 Year,507,0,0,8,0,173,8,5,2,0,35,3,0,0,30,4,2,0,1,1,0,1,17,2,1,0,0,1,1,5,1,11,13,50,2,0,1,2,3,9,1,3,0,2,80,6,0,4,1,0,0,1
65 and Older,Hispanic/Latino,1 Year to < 2 Years,819,0,0,14,0,271,13,10,0,1,36,7,3,2,37,3,0,6,1,2,1,9,26,4,5,0,1,0,1,8,0,16,15,71,4,1,2,4,2,15,3,1,0,2,158,7,1,10,5,0,10,1
65 and Older,Hispanic/Latino,2 Years to < 3 Years,539,0,0,9,1,245,6,3,1,1,16,1,0,4,16,1,1,1,1,1,0,4,19,2,2,0,1,1,1,4,1,10,8,45,2,0,1,1,2,8,4,0,0,3,83,5,0,7,4,0,3,0
65 and Older,Hispanic/Latino,3 Years to < 5 Years,827,0,0,6,0,386,12,5,1,0,30,4,2,1,15,3,0,0,1,0,0,9,29,1,2,1,0,0,0,5,1,23,24,60,6,0,2,2,5,14,2,0,0,8,127,0,0,7,9,0,3,1
65 and Older,Hispanic/Latino,5 or More Years,733,0,0,15,0,458,3,3,0,1,11,3,3,0,8,0,0,1,0,0,2,6,18,3,2,0,0,0,0,0,1,9,14,75,4,1,0,0,0,10,2,2,0,1,69,0,0,2,1,0,1,0
65 and Older,"Asian, Non-Hispanic",All Time,"2,719",7,12,7,4,"1,251",9,13,4,1,74,24,101,0,66,7,2,7,7,9,4,55,77,26,38,2,14,2,1,25,6,104,2,341,15,0,13,3,12,65,4,12,0,13,121,4,1,59,72,0,12,0
65 and Older,"Asian, Non-Hispanic",< 30 Days,71,0,0,2,0,23,1,0,0,0,3,0,1,0,4,0,0,0,0,0,0,0,0,0,0,0,0,0,0,2,0,5,0,7,0,0,0,0,0,2,0,0,0,0,7,1,0,4,4,0,0,0
65 and Older,"Asian, Non-Hispanic",30 to < 90 Days,141,0,1,1,0,58,1,1,1,0,5,1,4,0,5,1,0,2,0,0,0,1,2,2,2,0,0,0,0,1,0,7,0,26,1,0,0,0,0,3,0,0,0,1,5,0,0,5,4,0,0,0
65 and Older,"Asian, Non-Hispanic",90 Days to < 6 Months,169,0,1,1,0,75,1,1,0,0,8,2,4,0,2,1,0,0,1,0,0,6,3,3,3,0,1,0,0,2,0,9,0,19,1,0,1,0,3,5,0,2,0,0,4,0,0,7,3,0,0,0
65 and Older,"Asian, Non-Hispanic",6 Months to < 1 Year,358,2,1,1,0,121,1,5,0,0,18,6,4,0,14,3,0,1,1,2,1,6,11,8,5,0,3,2,0,6,1,17,0,57,1,0,1,1,3,7,0,1,0,4,21,2,1,7,10,0,2,0
65 and Older,"Asian, Non-Hispanic",1 Year to < 2 Years,521,1,2,1,0,188,3,3,1,0,15,5,15,0,20,1,1,2,2,2,1,14,17,7,5,0,5,0,0,9,1,22,0,84,6,0,3,1,2,12,0,3,0,3,22,1,0,19,18,0,4,0
65 and Older,"Asian, Non-Hispanic",2 Years to < 3 Years,387,2,4,0,3,165,0,0,0,0,7,1,23,0,6,0,1,2,2,0,2,10,16,2,6,1,3,0,1,2,3,18,0,38,2,0,5,1,3,3,2,3,0,3,21,0,0,7,17,0,2,0
65 and Older,"Asian, Non-Hispanic",3 Years to < 5 Years,596,1,2,0,1,304,2,3,1,1,13,7,27,0,12,1,0,0,1,2,0,14,19,3,9,1,1,0,0,0,0,22,1,66,2,0,1,0,0,22,1,2,0,1,30,0,0,8,9,0,4,0
65 and Older,"Asian, Non-Hispanic",5 or More Years,476,1,1,1,0,317,0,0,1,0,5,2,23,0,3,0,0,0,0,3,0,4,9,1,8,0,1,0,0,3,1,4,1,44,2,0,2,0,1,11,1,1,0,1,11,0,0,2,7,0,0,0
65 and Older,"American Indian/Alaska Native, Non-Hispanic",All Time,182,0,4,16,0,16,3,0,0,0,4,1,1,2,2,1,2,0,0,0,0,2,1,8,3,1,1,2,0,0,0,0,32,7,5,4,1,20,1,2,0,0,18,0,5,7,0,1,4,0,4,1
65 and Older,"American Indian/Alaska Native, Non-Hispanic",< 30 Days,6,0,1,0,0,0,0,0,0,0,0,0,0,0,0,0,0,0,0,0,0,0,0,0,0,0,0,0,0,0,0,0,0,2,1,0,0,1,0,0,0,0,0,0,0,1,0,0,0,0,0,0
65 and Older,"American Indian/Alaska Native, Non-Hispanic",30 to < 90 Days,16,0,0,1,0,1,0,0,0,0,1,0,0,0,1,0,1,0,0,0,0,1,0,0,0,0,0,0,0,0,0,0,0,1,1,0,0,1,1,0,0,0,2,0,0,1,0,1,1,0,1,0
65 and Older,"American Indian/Alaska Native, Non-Hispanic",90 Days to < 6 Months,14,0,0,1,0,0,0,0,0,0,0,0,1,1,1,0,0,0,0,0,0,0,0,1,0,0,0,0,0,0,0,0,1,1,0,2,0,3,0,0,0,0,0,0,0,1,0,0,1,0,0,0
65 and Older,"American Indian/Alaska Native, Non-Hispanic",6 Months to < 1 Year,24,0,0,2,0,2,1,0,0,0,1,0,0,0,0,1,0,0,0,0,0,1,0,1,0,0,1,1,0,0,0,0,3,1,1,0,0,3,0,1,0,0,2,0,0,0,0,0,1,0,1,0
65 and Older,"American Indian/Alaska Native, Non-Hispanic",1 Year to < 2 Years,33,0,0,1,0,3,2,0,0,0,1,0,0,1,0,0,0,0,0,0,0,0,0,2,0,1,0,1,0,0,0,0,6,1,0,2,0,5,0,1,0,0,4,0,0,2,0,0,0,0,0,0
65 and Older,"American Indian/Alaska Native, Non-Hispanic",2 Years to < 3 Years,18,0,0,0,0,2,0,0,0,0,0,0,0,0,0,0,1,0,0,0,0,0,0,1,1,0,0,0,0,0,0,0,7,1,1,0,0,3,0,0,0,0,1,0,0,0,0,0,0,0,0,0
65 and Older,"American Indian/Alaska Native, Non-Hispanic",3 Years to < 5 Years,40,0,3,3,0,4,0,0,0,0,1,0,0,0,0,0,0,0,0,0,0,0,1,1,2,0,0,0,0,0,0,0,9,0,0,0,1,2,0,0,0,0,6,0,3,2,0,0,0,0,1,1
65 and Older,"American Indian/Alaska Native, Non-Hispanic",5 or More Years,31,0,0,8,0,4,0,0,0,0,0,1,0,0,0,0,0,0,0,0,0,0,0,2,0,0,0,0,0,0,0,0,6,0,1,0,0,2,0,0,0,0,3,0,2,0,0,0,1,0,1,0
65 and Older,"Pacific Islander, Non-Hispanic",All Time,94,0,1,1,0,47,0,0,0,0,1,0,13,0,1,1,1,0,0,1,0,1,2,0,0,1,0,0,0,3,0,2,1,0,1,0,0,0,0,0,2,2,0,0,2,1,0,5,3,0,1,0
65 and Older,"Pacific Islander, Non-Hispanic",< 30 Days,4,0,0,0,0,4,0,0,0,0,0,0,0,0,0,0,0,0,0,0,0,0,0,0,0,0,0,0,0,0,0,0,0,0,0,0,0,0,0,0,0,0,0,0,0,0,0,0,0,0,0,0
65 and Older,"Pacific Islander, Non-Hispanic",30 to < 90 Days,3,0,0,0,0,1,0,0,0,0,0,0,0,0,0,0,1,0,0,0,0,0,0,0,0,0,0,0,0,1,0,0,0,0,0,0,0,0,0,0,0,0,0,0,0,0,0,0,0,0,0,0
65 and Older,"Pacific Islander, Non-Hispanic",90 Days to < 6 Months,4,0,0,0,0,0,0,0,0,0,0,0,1,0,0,0,0,0,0,0,0,0,0,0,0,0,0,0,0,0,0,0,0,0,0,0,0,0,0,0,0,0,0,0,0,0,0,2,1,0,0,0
65 and Older,"Pacific Islander, Non-Hispanic",6 Months to < 1 Year,11,0,0,0,0,5,0,0,0,0,0,0,1,0,0,0,0,0,0,1,0,0,2,0,0,0,0,0,0,1,0,0,0,0,0,0,0,0,0,0,0,1,0,0,0,0,0,0,0,0,0,0
65 and Older,"Pacific Islander, Non-Hispanic",1 Year to < 2 Years,15,0,0,0,0,5,0,0,0,0,0,0,4,0,1,1,0,0,0,0,0,1,0,0,0,0,0,0,0,1,0,0,0,0,0,0,0,0,0,0,0,0,0,0,0,1,0,0,0,0,1,0
65 and Older,"Pacific Islander, Non-Hispanic",2 Years to < 3 Years,14,0,0,1,0,5,0,0,0,0,1,0,2,0,0,0,0,0,0,0,0,0,0,0,0,1,0,0,0,0,0,2,0,0,1,0,0,0,0,0,0,0,0,0,0,0,0,0,1,0,0,0
65 and Older,"Pacific Islander, Non-Hispanic",3 Years to < 5 Years,24,0,0,0,0,11,0,0,0,0,0,0,3,0,0,0,0,0,0,0,0,0,0,0,0,0,0,0,0,0,0,0,1,0,0,0,0,0,0,0,2,1,0,0,2,0,0,3,1,0,0,0
65 and Older,"Pacific Islander, Non-Hispanic",5 or More Years,19,0,1,0,0,16,0,0,0,0,0,0,2,0,0,0,0,0,0,0,0,0,0,0,0,0,0,0,0,0,0,0,0,0,0,0,0,0,0,0,0,0,0,0,0,0,0,0,0,0,0,0
65 and Older,"Multiracial, Non-Hispanic",All Time,168,0,0,0,2,52,2,3,0,1,4,1,25,0,6,0,0,2,0,0,0,1,5,5,3,0,2,0,1,0,0,0,0,7,10,2,1,2,0,7,0,1,2,8,3,0,0,5,3,1,1,0
65 and Older,"Multiracial, Non-Hispanic",< 30 Days,3,0,0,0,0,2,0,0,0,0,0,0,0,0,0,0,0,0,0,0,0,0,0,0,0,0,0,0,0,0,0,0,0,0,0,0,0,0,0,0,0,0,0,0,1,0,0,0,0,0,0,0
65 and Older,"Multiracial, Non-Hispanic",30 to < 90 Days,9,0,0,0,0,2,0,2,0,0,0,0,0,0,0,0,0,0,0,0,0,0,0,0,1,0,0,0,0,0,0,0,0,1,1,0,0,1,0,0,0,0,0,0,0,0,0,1,0,0,0,0
65 and Older,"Multiracial, Non-Hispanic",90 Days to < 6 Months,8,0,0,0,0,3,1,0,0,0,0,0,1,0,0,0,0,0,0,0,0,0,0,0,0,0,0,0,0,0,0,0,0,0,0,0,1,0,0,0,0,0,0,0,0,0,0,0,1,0,1,0
65 and Older,"Multiracial, Non-Hispanic",6 Months to < 1 Year,17,0,0,0,0,4,0,0,0,1,0,1,2,0,0,0,0,0,0,0,0,1,1,0,0,0,1,0,0,0,0,0,0,0,1,0,0,0,0,2,0,0,0,2,0,0,0,1,0,0,0,0
65 and Older,"Multiracial, Non-Hispanic",1 Year to < 2 Years,31,0,0,0,1,4,0,0,0,0,2,0,2,0,3,0,0,2,0,0,0,0,2,2,0,0,1,0,1,0,0,0,0,2,1,1,0,1,0,0,0,0,0,3,0,0,0,1,1,1,0,0
65 and Older,"Multiracial, Non-Hispanic",2 Years to < 3 Years,33,0,0,0,0,13,1,1,0,0,0,0,5,0,2,0,0,0,0,0,0,0,1,2,0,0,0,0,0,0,0,0,0,2,2,0,0,0,0,0,0,0,0,1,2,0,0,1,0,0,0,0
65 and Older,"Multiracial, Non-Hispanic",3 Years to < 5 Years,32,0,0,0,1,14,0,0,0,0,2,0,6,0,0,0,0,0,0,0,0,0,0,1,1,0,0,0,0,0,0,0,0,2,2,0,0,0,0,1,0,0,1,0,0,0,0,1,0,0,0,0
65 and Older,"Multiracial, Non-Hispanic",5 or More Years,35,0,0,0,0,10,0,0,0,0,0,0,9,0,1,0,0,0,0,0,0,0,1,0,1,0,0,0,0,0,0,0,0,0,3,1,0,0,0,4,0,1,1,2,0,0,0,0,1,0,0,0