,,,,All Donation Service Areas,ALOB-OP1 Legacy of Hope,AROR-OP1 Arkansas Regional Organ Recovery Agency,AZOB-OP1 Donor Network of Arizona,CADN-OP1 Donor Network West,CAGS-OP1 Sierra Donor Services,CAOP-OP1 OneLegacy,CASD-IO1 Lifesharing - A Donate Life Organization,CORS-OP1 Donor Alliance,FLFH-IO1 OurLegacy,FLMP-OP1 Life Alliance Organ Recovery Agency,FLUF-IO1 LifeQuest Organ Recovery Services,FLWC-OP1 LifeLink of Florida,GALL-OP1 LifeLink of Georgia,HIOP-OP1 Legacy of Life Hawaii,IAOP-OP1 Iowa Donor Network,ILIP-OP1 Gift of Hope Organ & Tissue Donor Network,INOP-OP1 Indiana Donor Network,KYDA-OP1 Kentucky Organ Donor Affiliates,LAOP-OP1 Louisiana Organ Procurement Agency,MAOB-OP1 New England Organ Bank,MDPC-OP1 Infinite Legacy,MIOP-OP1 Gift of Life Michigan,MNOP-OP1 LifeSource Upper Midwest Organ Procurement Organization,MOMA-OP1 Mid-America Transplant Services,MSOP-OP1 Mississippi Organ Recovery Agency,MWOB-OP1 Midwest Transplant Network,NCCM-IO1 LifeShare Carolinas,NCNC-OP1 HonorBridge,NEOR-OP1 Live On Nebraska,NJTO-OP1 New Jersey Organ and Tissue Sharing Network OPO,NMOP-OP1 New Mexico Donor Services,NVLV-OP1 Nevada Donor Network,NYAP-OP1 Center for Donation and Transplant,NYFL-IO1 Finger Lakes Donor Recovery Network,NYRT-OP1 LiveOnNY,NYWN-OP1 Upstate New York Transplant Services Inc,OHLB-OP1 Lifebanc,OHLC-OP1 Life Connection of Ohio,OHLP-OP1 Lifeline of Ohio,OHOV-OP1 LifeCenter Organ Donor Network,OKOP-OP1 LifeShare Transplant Donor Services of Oklahoma,ORUO-IO1 Cascade Life Alliance,PADV-OP1 Gift of Life Donor Program,PATF-OP1 Center for Organ Recovery and Education,PRLL-OP1 LifeLink of Puerto Rico,SCOP-OP1 We Are Sharing Hope SC,TNDS-OP1 Tennessee Donor Services,TNMS-OP1 Mid-South Transplant Foundation,TXGC-OP1 LifeGift Organ Donation Center,TXSA-OP1 Texas Organ Sharing Alliance,TXSB-OP1 Southwest Transplant Alliance,UTOP-OP1 DonorConnect,VATB-OP1 LifeNet Health,WALC-OP1 LifeCenter Northwest,"WIDN-OP1 Versiti Wisconsin, Inc",WIUW-IO1 UW Health Organ and Tissue Donation
All Ages,All Ethnicities,All Time,,"114,207","1,309",216,"1,468","8,672","1,799","8,997","1,827","1,308",659,"1,829","1,726","1,205","3,111",328,677,"4,011","1,272","1,046","2,002","6,594","4,547","2,475","2,978","1,332",523,994,840,"2,959",390,"2,606",457,280,302,882,"7,018",226,"1,250",61,926,587,747,890,"5,226","2,088",343,"1,828","2,373",785,"4,800","3,029","3,900",892,"2,397","1,641",791,788
,,< 30 Days,,"5,747",65,15,112,214,63,412,75,89,42,129,104,119,128,13,38,251,89,68,92,234,205,152,141,84,22,74,38,170,48,141,10,25,13,56,341,19,95,6,65,58,49,48,175,100,18,107,132,46,224,129,239,67,140,82,41,35
,,30 to < 90 Days,,"8,816",134,26,148,292,97,602,100,127,64,189,189,168,229,22,79,381,155,78,175,343,315,195,210,116,20,116,80,216,57,171,29,39,19,66,491,22,110,7,75,80,78,68,389,171,32,158,202,76,415,250,361,106,207,124,65,82
,,90 Days to < 6 Months,,"10,269",127,37,195,420,133,633,121,113,53,220,217,180,256,14,98,388,138,103,189,526,419,270,255,174,14,94,85,284,67,252,36,45,24,86,590,20,119,7,86,71,93,96,414,232,37,234,236,63,366,320,360,95,252,160,82,70
,,6 Months to < 1 Year,,"17,968",247,43,272,746,276,"1,280",250,238,108,322,354,223,462,34,117,640,226,214,343,815,640,435,474,230,28,198,153,500,81,422,56,72,37,154,"1,095",44,169,8,213,85,139,172,769,358,70,365,450,178,658,617,704,193,444,268,125,154
,,1 Year to < 2 Years,,"24,956",309,46,294,"1,386",412,"1,679",330,320,152,390,356,222,768,58,154,950,333,261,437,"1,558",977,599,652,305,133,272,168,710,84,590,81,55,81,186,"1,471",54,228,9,274,122,179,215,"1,191",467,65,417,560,142,"1,038",763,992,217,542,340,196,166
,,2 Years to < 3 Years,,"15,109",133,12,167,"1,204",244,"1,197",310,157,91,212,193,109,377,68,81,505,120,145,278,"1,125",571,304,372,184,130,115,108,403,22,385,63,24,49,119,795,28,164,3,129,70,101,140,684,245,35,257,358,104,638,387,484,100,351,241,123,95
,,3 Years to < 5 Years,,"18,286",185,23,154,"2,010",374,"1,677",362,173,95,267,203,138,519,62,74,528,161,141,303,"1,190",757,299,441,128,130,92,121,451,17,434,112,10,52,163,"1,228",15,205,8,66,66,73,104,976,294,61,191,301,122,922,429,487,85,318,280,90,119
,,5 or More Years,,"13,056",109,14,126,"2,400",200,"1,517",279,91,54,100,110,46,372,57,36,368,50,36,185,803,663,221,433,111,46,33,87,225,14,211,70,10,27,52,"1,007",24,160,13,18,35,35,47,628,221,25,99,134,54,539,134,273,29,143,146,69,67
,"White, Non-Hispanic",All Time,,"45,362",565,80,593,"2,037",416,"1,599",484,742,289,479,830,602,822,26,472,"1,424",794,745,642,"4,054","1,634","1,493","1,932",833,106,663,279,"1,095",267,847,104,58,237,614,"1,920",125,777,38,641,374,419,543,"2,330","1,417",1,589,"1,313",176,"1,554",563,"1,132",610,"1,007",939,467,570
,,< 30 Days,,"2,693",42,11,45,64,21,94,26,59,12,38,59,68,48,0,23,121,65,53,39,169,70,87,92,63,4,49,12,67,30,63,2,9,7,43,109,13,70,3,47,46,28,33,91,71,0,39,74,14,82,31,71,45,69,43,29,30
,,30 to < 90 Days,,"3,999",57,11,62,74,16,117,42,85,26,45,108,97,79,2,52,134,107,61,78,213,103,127,147,82,4,72,37,80,38,64,5,16,15,46,173,9,78,3,53,56,45,42,210,120,1,51,118,30,188,59,134,78,78,72,41,58
,,90 Days to < 6 Months,,"4,529",61,10,85,95,30,133,34,64,18,59,112,94,82,1,66,129,87,79,68,335,154,186,168,117,8,66,31,110,41,85,16,8,21,63,193,14,73,6,65,48,55,66,198,168,0,84,138,7,136,63,111,68,110,104,54,52
,,6 Months to < 1 Year,,"7,553",113,18,110,191,66,263,63,134,54,78,175,114,127,3,90,234,136,157,108,508,205,275,294,143,7,126,46,204,62,135,17,10,25,109,287,25,115,2,148,59,74,101,401,248,0,129,259,43,243,113,241,129,193,161,64,118
,,1 Year to < 2 Years,,"10,089",134,14,109,375,92,315,94,171,68,122,172,108,193,7,113,330,193,171,133,949,338,339,433,199,31,189,59,249,63,188,23,9,66,122,366,31,147,7,185,68,102,136,537,305,0,131,281,41,345,149,285,138,222,202,123,117
,,2 Years to < 3 Years,,"5,828",63,2,84,300,63,205,61,91,44,62,92,45,101,6,54,177,79,96,80,691,198,174,241,103,20,64,29,144,17,121,11,4,41,81,223,12,94,1,84,40,57,84,298,180,0,79,190,16,197,59,115,61,133,128,63,70
,,3 Years to < 5 Years,,"6,371",68,9,63,411,76,257,89,90,42,58,72,59,122,3,50,178,101,96,90,703,267,182,278,75,27,73,41,155,9,133,19,1,39,113,304,9,119,7,47,36,40,55,382,203,0,52,176,18,223,68,97,67,137,146,54,82
,,5 or More Years,,"4,300",27,5,35,527,52,215,75,48,25,17,40,17,70,4,24,121,26,32,46,486,299,123,279,51,5,24,24,86,7,58,11,1,23,37,265,12,81,9,12,21,18,26,213,122,0,24,77,7,140,21,78,24,65,83,39,43
,"Black, Non-Hispanic",All Time,,"32,591",710,98,166,884,221,845,163,123,191,729,692,296,"2,005",2,104,"1,447",348,257,"1,266","1,162","2,162",735,389,419,402,171,414,"1,552",45,945,13,64,33,167,"2,477",67,406,21,241,185,120,100,"2,056",565,0,"1,135",857,575,"1,512",300,"1,131",24,"1,188",134,181,96
,,< 30 Days,,"1,446",23,3,10,21,3,32,5,2,18,36,33,18,70,0,7,60,17,15,50,29,94,55,22,20,18,9,22,82,9,41,1,4,2,6,97,3,22,3,16,9,9,2,63,25,0,61,47,31,58,16,68,5,56,8,7,3
,,30 to < 90 Days,,"2,316",72,11,16,26,12,51,4,6,12,61,64,31,129,1,12,128,39,14,89,58,153,50,29,25,16,23,36,108,6,53,1,8,3,13,145,9,24,4,20,22,7,8,121,40,0,95,69,44,89,20,100,1,110,7,13,8
,,90 Days to < 6 Months,,"2,806",61,17,25,47,19,51,13,8,18,93,81,46,146,1,14,123,35,23,114,84,199,61,36,43,6,20,36,138,7,82,1,4,1,19,196,3,40,1,19,21,12,5,139,57,0,132,77,51,96,39,97,1,111,11,16,10
,,6 Months to < 1 Year,,"5,046",127,18,34,62,32,113,23,17,27,119,135,54,290,0,14,218,63,48,215,137,322,114,52,78,21,34,87,247,6,139,2,23,7,24,404,6,42,6,56,23,23,20,245,92,0,217,149,127,204,63,173,7,213,18,39,17
,,1 Year to < 2 Years,,"7,292",165,24,41,127,56,154,29,33,43,157,135,51,501,0,28,323,103,74,286,278,444,196,89,93,95,41,75,389,7,210,1,13,8,36,525,20,72,1,72,44,26,22,459,135,0,270,225,92,326,71,272,4,274,20,34,23
,,2 Years to < 3 Years,,"4,414",66,8,13,116,31,116,30,25,26,91,82,36,245,0,10,200,33,44,187,183,284,86,43,62,106,28,61,221,1,147,1,9,3,31,270,11,59,2,36,28,19,18,261,54,0,166,135,85,203,37,142,4,194,24,33,8
,,3 Years to < 5 Years,,"5,362",115,10,16,191,42,161,30,24,25,123,104,40,351,0,13,219,39,36,198,238,364,87,61,45,99,11,55,250,5,182,4,1,7,27,458,5,74,1,16,25,17,12,434,74,0,127,106,98,322,35,158,2,160,31,17,17
,,5 or More Years,,"3,909",81,7,11,294,26,167,29,8,22,49,58,20,273,0,6,176,19,3,127,155,302,86,57,53,41,5,42,117,4,91,2,2,2,11,382,10,73,3,6,13,7,13,334,88,0,67,49,47,214,19,121,0,70,15,22,10
,Hispanic/Latino,All Time,,"24,118",19,16,463,"3,326",538,"5,112",802,343,132,524,100,227,146,10,59,878,78,20,49,902,350,117,196,28,4,82,60,154,42,489,226,86,12,53,"1,652",15,39,1,18,14,73,142,489,64,342,58,98,15,"1,414","2,066","1,408",162,111,184,71,39
,,< 30 Days,,"1,140",0,1,45,82,24,234,33,21,9,47,7,22,6,1,3,58,4,0,3,23,21,4,11,0,0,11,2,12,4,29,7,7,1,3,86,1,1,0,2,1,4,8,10,2,18,3,5,1,63,77,93,9,7,11,3,0
,,30 to < 90 Days,,"1,729",3,1,44,113,44,340,35,31,19,74,11,36,7,1,7,97,7,1,4,51,28,9,8,4,0,13,4,15,2,33,16,9,0,4,111,0,4,0,0,2,5,9,33,9,31,7,6,0,118,159,109,14,11,17,7,6
,,90 Days to < 6 Months,,"2,028",2,8,61,182,32,362,43,34,15,56,11,25,13,0,11,107,8,0,5,74,26,11,15,7,0,4,11,18,12,51,15,14,2,2,139,3,2,0,0,2,13,11,43,4,37,14,9,3,116,207,130,15,17,17,6,3
,,6 Months to < 1 Year,,"3,591",5,2,79,290,82,702,103,70,23,109,18,37,27,0,8,136,15,5,8,111,51,26,33,4,0,16,6,22,9,82,26,23,3,10,249,5,7,0,6,3,14,32,88,10,70,13,19,4,167,418,240,38,22,33,9,3
,,1 Year to < 2 Years,,"5,022",5,2,97,517,120,925,134,87,25,90,26,52,35,2,10,240,20,8,8,212,95,24,38,2,2,25,12,37,8,122,37,18,2,15,345,1,5,1,6,3,18,31,105,16,65,10,27,2,300,521,373,43,28,38,22,10
,,2 Years to < 3 Years,,"3,188",2,1,40,443,66,682,144,29,15,50,8,20,14,1,9,100,6,2,8,165,42,22,28,6,1,9,9,19,2,67,30,6,1,4,195,3,7,0,3,1,11,21,81,9,35,5,15,2,189,280,198,30,13,18,14,7
,,3 Years to < 5 Years,,"4,266",1,1,45,793,117,970,180,42,21,67,13,29,31,1,5,94,15,3,8,170,48,15,36,3,1,4,7,19,2,66,60,5,1,13,279,1,8,0,1,2,4,26,88,8,61,2,14,3,304,313,200,11,9,35,7,4
,,5 or More Years,,"3,154",1,0,52,906,53,897,130,29,5,31,6,6,13,4,6,46,3,1,5,96,39,6,27,2,0,0,9,12,3,39,35,4,2,2,248,1,5,0,0,0,4,4,41,6,25,4,3,0,157,91,65,2,4,15,3,6
,"Asian, Non-Hispanic",All Time,,"9,649",12,5,106,"2,032",537,"1,306",326,55,36,77,80,71,130,208,28,225,45,21,34,407,367,79,256,40,6,39,39,76,24,315,5,58,13,32,927,17,22,1,22,13,22,59,314,24,0,31,51,16,276,79,197,25,70,266,64,63
,,< 30 Days,,347,0,0,9,37,13,43,10,2,2,6,3,8,4,9,4,12,3,0,0,10,17,2,8,1,0,3,2,4,4,7,0,4,2,0,45,1,2,0,0,2,1,2,11,1,0,2,2,0,15,3,7,3,6,13,1,1
,,30 to < 90 Days,,585,2,0,15,71,23,84,17,4,3,9,4,4,14,13,4,21,2,2,1,19,26,7,9,3,0,4,1,4,7,21,1,4,0,3,55,4,2,0,2,0,2,5,20,2,0,4,4,1,17,8,16,4,6,20,4,7
,,90 Days to < 6 Months,,707,3,1,10,90,46,85,26,2,2,7,13,12,14,8,5,24,6,1,2,28,36,7,21,5,0,2,4,7,4,32,0,16,0,1,61,0,3,0,2,0,3,7,30,3,0,2,8,1,14,8,17,1,9,11,5,2
,,6 Months to < 1 Year,,"1,402",1,4,23,158,86,184,53,11,4,12,21,17,16,21,3,44,12,4,8,49,57,14,51,3,0,10,10,12,4,61,1,12,1,7,152,8,5,0,3,0,5,14,31,4,0,3,12,4,41,16,47,4,12,41,11,15
,,1 Year to < 2 Years,,"2,066",4,0,19,303,121,260,62,13,14,19,16,11,37,33,3,50,14,7,8,105,95,29,49,9,2,11,14,22,4,69,1,13,5,9,231,1,3,0,8,6,6,13,86,5,0,5,12,7,64,20,58,9,16,56,16,13
,,,,,,,,,,,,,,,,,,,,,,,,,,,,,,,,,,,,,,,,,,,,,,,,,,,,,,,,,,,,
,,2 Years to < 3 Years,,"1,321",1,0,14,282,71,178,62,10,5,7,5,8,17,46,5,24,2,3,1,74,45,10,34,10,1,7,3,9,1,49,0,4,1,3,101,2,3,0,6,1,2,10,37,1,0,4,9,1,40,9,19,2,9,56,10,7
,,3 Years to < 5 Years,,"1,848",1,0,12,527,120,262,57,9,5,14,13,9,14,38,4,30,4,4,7,65,69,6,40,4,3,1,4,11,0,53,1,2,4,8,176,0,3,0,1,3,2,5,65,6,0,7,3,2,61,12,25,0,8,45,12,11
,,5 or More Years,,"1,373",0,0,4,564,57,210,39,4,1,3,5,2,14,40,0,20,2,0,7,57,22,4,44,5,0,1,1,7,0,23,1,3,0,1,106,1,1,1,0,1,1,3,34,2,0,4,1,0,24,3,8,2,4,24,5,7
,"American Indian/Alaska Native, Non-Hispanic",All Time,,946,2,0,118,51,7,30,13,33,2,6,5,3,2,0,9,8,3,0,7,13,10,20,155,5,5,7,2,38,8,0,108,1,3,6,7,2,1,0,1,0,93,10,5,7,0,9,3,2,21,5,11,29,3,39,5,13
,,< 30 Days,,49,0,0,2,2,0,0,0,5,0,1,0,1,0,0,0,0,0,0,0,0,0,2,7,0,0,1,0,2,1,0,0,0,1,2,0,1,0,0,0,0,6,1,0,0,0,1,0,0,1,1,0,5,1,4,1,0
,,30 to < 90 Days,,76,0,0,9,1,0,4,0,1,2,0,0,0,0,0,3,1,0,0,2,0,1,1,12,1,0,0,0,1,1,0,6,1,0,0,1,0,0,0,0,0,15,1,0,0,0,1,0,1,1,1,0,3,0,3,0,2
,,90 Days to < 6 Months,,83,0,0,11,1,0,0,1,3,0,2,0,1,1,0,1,3,2,0,0,1,0,2,10,0,0,0,0,8,2,0,4,0,0,1,0,0,0,0,0,0,9,1,1,0,0,2,0,0,1,1,2,3,0,8,0,1
,,6 Months to < 1 Year,,163,1,0,19,9,0,8,1,3,0,1,1,1,0,0,1,2,0,0,3,2,3,4,35,1,0,3,0,5,0,0,10,0,0,1,1,0,0,0,0,0,21,1,1,3,0,2,0,0,2,2,3,5,0,5,2,1
,,1 Year to < 2 Years,,185,1,0,24,10,1,4,3,13,0,0,2,0,0,0,0,1,1,0,1,1,1,2,34,2,3,0,1,7,2,0,19,0,0,1,0,1,0,0,1,0,21,2,2,2,0,1,1,0,2,0,1,9,0,6,0,2
,,2 Years to < 3 Years,,128,0,0,13,5,2,3,4,1,0,0,1,0,0,0,2,0,0,0,1,2,2,5,22,1,2,1,0,4,1,0,21,0,2,0,2,0,0,0,0,0,9,2,0,1,0,0,0,0,3,0,3,1,1,6,2,3
,,3 Years to < 5 Years,,156,0,0,16,9,1,8,2,7,0,2,0,0,0,0,2,1,0,0,0,5,3,3,22,0,0,0,0,8,1,0,27,0,0,1,2,0,1,0,0,0,7,1,1,1,0,2,1,1,7,0,1,3,1,6,0,3
,,5 or More Years,,106,0,0,24,14,3,3,2,0,0,0,1,0,1,0,0,0,0,0,0,2,0,1,13,0,0,2,1,3,0,0,21,0,0,0,1,0,0,0,0,0,5,1,0,0,0,0,1,0,4,0,1,0,0,1,0,1
,"Pacific Islander, Non-Hispanic",All Time,,622,0,1,9,218,37,55,21,4,4,1,3,1,3,30,4,6,2,1,4,9,3,3,6,2,0,2,0,6,2,0,1,7,0,2,2,0,2,0,1,1,5,20,5,4,0,5,2,0,8,5,13,28,9,62,2,1
,,< 30 Days,,22,0,0,0,6,0,5,0,0,0,0,0,0,0,0,1,0,0,0,0,0,0,0,1,0,0,0,0,0,0,0,0,0,0,2,0,0,0,0,0,0,0,0,0,1,0,1,0,0,1,0,0,0,0,3,0,1
,,30 to < 90 Days,,35,0,0,1,4,0,3,0,0,2,0,1,0,0,3,1,0,0,0,1,0,0,0,0,0,0,0,0,1,1,0,0,1,0,0,1,0,1,0,0,0,1,1,1,0,0,0,0,0,1,1,1,3,1,4,0,0
,,90 Days to < 6 Months,,39,0,0,1,2,4,1,3,0,0,0,0,1,0,1,0,2,0,0,0,0,1,0,2,1,0,0,0,0,1,0,0,1,0,0,0,0,0,0,0,0,0,2,0,0,0,0,0,0,0,1,1,4,3,7,0,0
,,6 Months to < 1 Year,,80,0,0,3,20,4,7,5,2,0,0,1,0,0,3,1,0,0,0,1,3,0,1,2,1,0,0,0,2,0,0,0,3,0,0,0,0,0,0,0,0,2,2,0,0,0,1,0,0,0,1,0,8,0,7,0,0
,,1 Year to < 2 Years,,126,0,0,2,35,12,9,3,2,1,0,0,0,2,6,0,2,2,1,1,2,1,1,1,0,0,0,0,3,0,0,0,1,0,0,0,0,0,0,0,1,0,7,1,2,0,0,1,0,0,1,2,9,1,13,1,0
,,2 Years to < 3 Years,,92,0,0,2,31,6,5,7,0,1,1,1,0,0,6,1,0,0,0,1,0,0,0,0,0,0,2,0,0,0,0,0,1,0,0,0,0,1,0,0,0,0,4,2,0,0,2,1,0,3,0,4,1,1,7,1,0
,,3 Years to < 5 Years,,124,0,0,0,50,6,12,2,0,0,0,0,0,0,9,0,1,0,0,0,4,1,0,0,0,0,0,0,0,0,0,1,0,0,0,1,0,0,0,1,0,2,4,0,0,0,1,0,0,3,1,5,2,3,15,0,0
,,5 or More Years,,104,0,1,0,70,5,13,1,0,0,0,0,0,1,2,0,1,0,0,0,0,0,1,0,0,0,0,0,0,0,0,0,0,0,0,0,0,0,0,0,0,0,0,1,1,0,0,0,0,0,0,0,1,0,6,0,0
,"Multiracial, Non-Hispanic",All Time,,919,1,16,13,124,43,50,18,8,5,13,16,5,3,52,1,23,2,2,0,47,21,28,44,5,0,30,46,38,2,10,0,6,4,8,33,0,3,0,2,0,15,16,27,7,0,1,49,1,15,11,8,14,9,17,1,6
,,< 30 Days,,50,0,0,1,2,2,4,1,0,1,1,2,2,0,3,0,0,0,0,0,3,3,2,0,0,0,1,0,3,0,1,0,1,0,0,4,0,0,0,0,0,1,2,0,0,0,0,4,0,4,1,0,0,1,0,0,0
,,30 to < 90 Days,,76,0,3,1,3,2,3,2,0,0,0,1,0,0,2,0,0,0,0,0,2,4,1,5,1,0,4,2,7,2,0,0,0,1,0,5,0,1,0,0,0,3,2,4,0,0,0,5,0,1,2,1,3,1,1,0,1
,,90 Days to < 6 Months,,77,0,1,2,3,2,1,1,2,0,3,0,1,0,3,1,0,0,0,0,4,3,3,3,1,0,2,3,3,0,2,0,2,0,0,1,0,1,0,0,0,1,4,3,0,0,0,4,1,3,1,2,3,2,2,1,2
,,6 Months to < 1 Year,,133,0,1,4,16,6,3,2,1,0,3,3,0,2,7,0,6,0,0,0,5,2,1,7,0,0,9,4,8,0,5,0,1,1,3,2,0,0,0,0,0,0,2,3,1,0,0,11,0,1,4,0,2,4,3,0,0
,,1 Year to < 2 Years,,176,0,6,2,19,10,12,5,1,1,2,5,0,0,10,0,4,0,0,0,11,3,8,8,0,0,6,7,3,0,1,0,1,0,3,4,0,1,0,2,0,6,4,1,2,0,0,13,0,1,1,1,5,1,5,0,1
,,2 Years to < 3 Years,,138,1,1,1,27,5,8,2,1,0,1,4,0,0,9,0,4,0,0,0,10,0,7,4,2,0,4,6,6,0,1,0,0,1,0,4,0,0,0,0,0,3,1,5,0,0,1,8,0,3,2,3,1,0,2,0,0
,,3 Years to < 5 Years,,159,0,3,2,29,12,7,2,1,2,3,1,1,1,11,0,5,2,2,0,5,5,6,4,1,0,3,14,8,0,0,0,1,1,1,8,0,0,0,0,0,1,1,6,2,0,0,1,0,2,0,1,0,0,2,0,2
,,5 or More Years,,110,0,1,0,25,4,12,3,2,1,0,0,1,0,7,0,4,0,0,0,7,1,0,13,0,0,1,10,0,0,0,0,0,0,1,5,0,0,0,0,0,0,0,5,2,0,0,3,0,0,0,0,0,0,2,0,0
< 1 Year,All Ethnicities,All Time,,156,2,5,4,14,0,8,2,3,4,4,5,0,2,0,0,5,1,0,1,3,4,4,5,6,0,2,0,4,2,0,0,0,0,0,6,0,3,0,2,3,0,0,8,3,0,2,3,1,10,3,8,2,5,5,2,0
,,< 30 Days,,42,0,1,0,5,0,4,0,1,1,3,1,0,0,0,0,2,1,0,1,1,0,0,1,2,0,1,0,1,1,0,0,0,0,0,2,0,0,0,1,2,0,0,0,0,0,1,1,0,3,1,1,0,1,2,0,0
,,30 to < 90 Days,,55,0,1,1,8,0,2,0,0,2,1,2,0,2,0,0,1,0,0,0,2,4,2,2,1,0,0,0,2,1,0,0,0,0,0,1,0,1,0,1,1,0,0,3,1,0,0,0,0,2,1,3,1,4,2,0,0
,,90 Days to < 6 Months,,39,2,2,3,1,0,1,2,0,1,0,0,0,0,0,0,2,0,0,0,0,0,1,2,3,0,1,0,1,0,0,0,0,0,0,2,0,1,0,0,0,0,0,2,2,0,0,2,1,3,0,1,0,0,1,2,0
,,6 Months to < 1 Year,,20,0,1,0,0,0,1,0,2,0,0,2,0,0,0,0,0,0,0,0,0,0,1,0,0,0,0,0,0,0,0,0,0,0,0,1,0,1,0,0,0,0,0,3,0,0,1,0,0,2,1,3,1,0,0,0,0
,"White, Non-Hispanic",All Time,,79,1,3,2,9,0,1,1,2,2,0,3,0,1,0,0,2,1,0,1,1,2,3,2,1,0,1,0,2,0,0,0,0,0,0,4,0,1,0,2,3,0,0,7,3,0,0,2,1,4,0,6,0,1,3,1,0
,,< 30 Days,,20,0,1,0,4,0,1,0,0,0,0,0,0,0,0,0,1,1,0,1,0,0,0,0,0,0,1,0,0,0,0,0,0,0,0,2,0,0,0,1,2,0,0,0,0,0,0,1,0,2,0,1,0,0,1,0,0
,,30 to < 90 Days,,27,0,1,0,5,0,0,0,0,1,0,2,0,1,0,0,0,0,0,0,1,2,2,1,0,0,0,0,1,0,0,0,0,0,0,0,0,0,0,1,1,0,0,3,1,0,0,0,0,1,0,1,0,1,1,0,0
,,90 Days to < 6 Months,,19,1,0,2,0,0,0,1,0,1,0,0,0,0,0,0,1,0,0,0,0,0,0,1,1,0,0,0,1,0,0,0,0,0,0,1,0,0,0,0,0,0,0,2,2,0,0,1,1,0,0,1,0,0,1,1,0
,,6 Months to < 1 Year,,13,0,1,0,0,0,0,0,2,0,0,1,0,0,0,0,0,0,0,0,0,0,1,0,0,0,0,0,0,0,0,0,0,0,0,1,0,1,0,0,0,0,0,2,0,0,0,0,0,1,0,3,0,0,0,0,0
,"Black, Non-Hispanic",All Time,,31,1,2,0,0,0,2,0,0,2,0,0,0,1,0,0,3,0,0,0,0,2,0,1,3,0,1,0,0,2,0,0,0,0,0,1,0,1,0,0,0,0,0,0,0,0,2,1,0,1,0,1,0,3,0,1,0
,,,,,,,,,,,,,,,,,,,,,,,,,,,,,,,,,,,,,,,,,,,,,,,,,,,,,,,,,,,,
,,< 30 Days,,9,0,0,0,0,0,1,0,0,1,0,0,0,0,0,0,1,0,0,0,0,0,0,1,2,0,0,0,0,1,0,0,0,0,0,0,0,0,0,0,0,0,0,0,0,0,1,0,0,0,0,0,0,1,0,0,0
,,30 to < 90 Days,,9,0,0,0,0,0,0,0,0,1,0,0,0,1,0,0,1,0,0,0,0,2,0,0,0,0,0,0,0,1,0,0,0,0,0,0,0,0,0,0,0,0,0,0,0,0,0,0,0,0,0,1,0,2,0,0,0
,,90 Days to < 6 Months,,10,1,2,0,0,0,0,0,0,0,0,0,0,0,0,0,1,0,0,0,0,0,0,0,1,0,1,0,0,0,0,0,0,0,0,1,0,1,0,0,0,0,0,0,0,0,0,1,0,0,0,0,0,0,0,1,0
,,6 Months to < 1 Year,,3,0,0,0,0,0,1,0,0,0,0,0,0,0,0,0,0,0,0,0,0,0,0,0,0,0,0,0,0,0,0,0,0,0,0,0,0,0,0,0,0,0,0,0,0,0,1,0,0,1,0,0,0,0,0,0,0
,Hispanic/Latino,All Time,,29,0,0,2,2,0,4,0,1,0,3,1,0,0,0,0,0,0,0,0,2,0,1,1,0,0,0,0,1,0,0,0,0,0,0,1,0,0,0,0,0,0,0,1,0,0,0,0,0,4,3,0,0,1,1,0,0
,,< 30 Days,,10,0,0,0,1,0,2,0,1,0,2,1,0,0,0,0,0,0,0,0,1,0,0,0,0,0,0,0,0,0,0,0,0,0,0,0,0,0,0,0,0,0,0,0,0,0,0,0,0,0,1,0,0,0,1,0,0
,,30 to < 90 Days,,9,0,0,1,0,0,1,0,0,0,1,0,0,0,0,0,0,0,0,0,1,0,0,0,0,0,0,0,1,0,0,0,0,0,0,1,0,0,0,0,0,0,0,0,0,0,0,0,0,1,1,0,0,1,0,0,0
,,90 Days to < 6 Months,,8,0,0,1,1,0,1,0,0,0,0,0,0,0,0,0,0,0,0,0,0,0,1,1,0,0,0,0,0,0,0,0,0,0,0,0,0,0,0,0,0,0,0,0,0,0,0,0,0,3,0,0,0,0,0,0,0
,,6 Months to < 1 Year,,2,0,0,0,0,0,0,0,0,0,0,0,0,0,0,0,0,0,0,0,0,0,0,0,0,0,0,0,0,0,0,0,0,0,0,0,0,0,0,0,0,0,0,1,0,0,0,0,0,0,1,0,0,0,0,0,0
,"Asian, Non-Hispanic",All Time,,5,0,0,0,2,0,1,1,0,0,0,0,0,0,0,0,0,0,0,0,0,0,0,0,0,0,0,0,0,0,0,0,0,0,0,0,0,0,0,0,0,0,0,0,0,0,0,0,0,0,0,0,0,0,1,0,0
,,30 to < 90 Days,,4,0,0,0,2,0,1,0,0,0,0,0,0,0,0,0,0,0,0,0,0,0,0,0,0,0,0,0,0,0,0,0,0,0,0,0,0,0,0,0,0,0,0,0,0,0,0,0,0,0,0,0,0,0,1,0,0
,,90 Days to < 6 Months,,1,0,0,0,0,0,0,1,0,0,0,0,0,0,0,0,0,0,0,0,0,0,0,0,0,0,0,0,0,0,0,0,0,0,0,0,0,0,0,0,0,0,0,0,0,0,0,0,0,0,0,0,0,0,0,0,0
,"American Indian/Alaska Native, Non-Hispanic",All Time,,1,0,0,0,0,0,0,0,0,0,0,0,0,0,0,0,0,0,0,0,0,0,0,1,0,0,0,0,0,0,0,0,0,0,0,0,0,0,0,0,0,0,0,0,0,0,0,0,0,0,0,0,0,0,0,0,0
,,30 to < 90 Days,,1,0,0,0,0,0,0,0,0,0,0,0,0,0,0,0,0,0,0,0,0,0,0,1,0,0,0,0,0,0,0,0,0,0,0,0,0,0,0,0,0,0,0,0,0,0,0,0,0,0,0,0,0,0,0,0,0
,"Pacific Islander, Non-Hispanic",All Time,,1,0,0,0,0,0,0,0,0,0,0,1,0,0,0,0,0,0,0,0,0,0,0,0,0,0,0,0,0,0,0,0,0,0,0,0,0,0,0,0,0,0,0,0,0,0,0,0,0,0,0,0,0,0,0,0,0
,,6 Months to < 1 Year,,1,0,0,0,0,0,0,0,0,0,0,1,0,0,0,0,0,0,0,0,0,0,0,0,0,0,0,0,0,0,0,0,0,0,0,0,0,0,0,0,0,0,0,0,0,0,0,0,0,0,0,0,0,0,0,0,0
,"Multiracial, Non-Hispanic",All Time,,10,0,0,0,1,0,0,0,0,0,1,0,0,0,0,0,0,0,0,0,0,0,0,0,2,0,0,0,1,0,0,0,0,0,0,0,0,1,0,0,0,0,0,0,0,0,0,0,0,1,0,1,2,0,0,0,0
,,< 30 Days,,3,0,0,0,0,0,0,0,0,0,1,0,0,0,0,0,0,0,0,0,0,0,0,0,0,0,0,0,1,0,0,0,0,0,0,0,0,0,0,0,0,0,0,0,0,0,0,0,0,1,0,0,0,0,0,0,0
,,30 to < 90 Days,,5,0,0,0,1,0,0,0,0,0,0,0,0,0,0,0,0,0,0,0,0,0,0,0,1,0,0,0,0,0,0,0,0,0,0,0,0,1,0,0,0,0,0,0,0,0,0,0,0,0,0,1,1,0,0,0,0
,,90 Days to < 6 Months,,1,0,0,0,0,0,0,0,0,0,0,0,0,0,0,0,0,0,0,0,0,0,0,0,1,0,0,0,0,0,0,0,0,0,0,0,0,0,0,0,0,0,0,0,0,0,0,0,0,0,0,0,0,0,0,0,0
,,6 Months to < 1 Year,,1,0,0,0,0,0,0,0,0,0,0,0,0,0,0,0,0,0,0,0,0,0,0,0,0,0,0,0,0,0,0,0,0,0,0,0,0,0,0,0,0,0,0,0,0,0,0,0,0,0,0,0,1,0,0,0,0
1-5 Years,All Ethnicities,All Time,,570,5,1,7,51,3,43,5,20,2,27,7,3,18,0,1,20,4,2,4,21,16,5,17,14,0,15,7,7,8,4,0,0,0,0,32,0,4,0,4,29,1,0,31,17,0,3,8,1,28,9,19,8,7,22,9,1
,,< 30 Days,,54,1,0,1,6,0,2,0,2,0,2,0,0,3,0,0,3,0,0,1,0,0,0,0,2,0,2,0,0,3,0,0,0,0,0,6,0,0,0,0,4,0,0,0,3,0,1,1,0,2,5,1,0,0,2,1,0
,,30 to < 90 Days,,85,0,0,0,6,0,5,1,4,0,6,1,1,2,0,0,3,1,0,0,3,0,0,3,6,0,3,2,2,0,0,0,0,0,0,5,0,0,0,1,5,0,0,7,4,0,0,0,1,4,1,2,2,2,0,2,0
,,90 Days to < 6 Months,,89,0,0,2,4,1,6,1,4,0,4,1,1,3,0,0,5,0,0,0,3,2,2,2,3,0,2,4,1,0,1,0,0,0,0,2,0,3,0,0,6,0,0,5,0,0,1,4,0,6,1,2,5,1,1,0,0
,,6 Months to < 1 Year,,129,2,0,2,12,0,15,2,3,1,1,0,1,7,0,1,2,1,1,1,5,7,2,4,0,0,6,0,0,3,0,0,0,0,0,7,0,1,0,1,6,0,0,5,4,0,0,2,0,8,0,7,1,0,5,3,0
,,1 Year to < 2 Years,,118,0,0,2,13,2,8,0,5,1,5,4,0,2,0,0,2,2,0,2,5,3,0,5,1,0,2,1,3,1,1,0,0,0,0,7,0,0,0,0,4,1,0,7,5,0,0,1,0,5,2,5,0,2,7,1,1
,,2 Years to < 3 Years,,58,0,1,0,9,0,3,0,2,0,9,0,0,1,0,0,2,0,1,0,4,4,0,2,0,0,0,0,1,1,0,0,0,0,0,3,0,0,0,0,4,0,0,4,0,0,0,0,0,1,0,0,0,1,5,0,0
,,3 Years to < 5 Years,,31,2,0,0,1,0,4,1,0,0,0,1,0,0,0,0,1,0,0,0,1,0,1,0,2,0,0,0,0,0,2,0,0,0,0,2,0,0,0,2,0,0,0,3,1,0,1,0,0,2,0,1,0,1,1,1,0
,,5 or More Years,,6,0,0,0,0,0,0,0,0,0,0,0,0,0,0,0,2,0,0,0,0,0,0,1,0,0,0,0,0,0,0,0,0,0,0,0,0,0,0,0,0,0,0,0,0,0,0,0,0,0,0,1,0,0,1,1,0
,"White, Non-Hispanic",All Time,,263,3,0,0,21,1,9,2,9,1,13,3,2,6,0,0,6,3,2,3,12,8,3,6,12,0,8,1,5,5,1,0,0,0,0,11,0,1,0,3,17,0,0,23,7,0,0,6,1,16,2,10,4,4,8,5,0
,,< 30 Days,,19,1,0,0,1,0,0,0,0,0,0,0,0,2,0,0,0,0,0,1,0,0,0,0,2,0,2,0,0,0,0,0,0,0,0,0,0,0,0,0,3,0,0,0,2,0,0,1,0,1,1,1,0,0,1,0,0
,,30 to < 90 Days,,44,0,0,0,4,0,1,1,4,0,6,1,0,0,0,0,2,1,0,0,0,0,0,1,5,0,1,0,1,0,0,0,0,0,0,1,0,0,0,1,1,0,0,5,2,0,0,0,1,3,0,0,0,1,0,1,0
,,90 Days to < 6 Months,,42,0,0,0,2,1,3,1,2,0,0,0,1,0,0,0,1,0,0,0,3,0,1,0,2,0,1,1,1,0,0,0,0,0,0,1,0,0,0,0,5,0,0,5,0,0,0,3,0,3,0,1,3,1,0,0,0
,,6 Months to < 1 Year,,52,1,0,0,1,0,0,0,1,1,0,0,1,3,0,0,0,1,1,1,3,4,1,1,0,0,2,0,0,3,0,0,0,0,0,3,0,1,0,0,5,0,0,5,0,0,0,2,0,3,0,6,1,0,0,1,0
,,1 Year to < 2 Years,,56,0,0,0,7,0,3,0,1,0,4,1,0,1,0,0,0,1,0,1,4,1,0,3,1,0,2,0,3,1,0,0,0,0,0,2,0,0,0,0,3,0,0,4,2,0,0,0,0,4,1,1,0,0,4,1,0
,,2 Years to < 3 Years,,27,0,0,0,6,0,0,0,1,0,3,0,0,0,0,0,2,0,1,0,2,3,0,0,0,0,0,0,0,1,0,0,0,0,0,3,0,0,0,0,0,0,0,1,0,0,0,0,0,1,0,0,0,1,2,0,0
,,3 Years to < 5 Years,,18,1,0,0,0,0,2,0,0,0,0,1,0,0,0,0,0,0,0,0,0,0,1,0,2,0,0,0,0,0,1,0,0,0,0,1,0,0,0,2,0,0,0,3,1,0,0,0,0,1,0,0,0,1,0,1,0
,,5 or More Years,,5,0,0,0,0,0,0,0,0,0,0,0,0,0,0,0,1,0,0,0,0,0,0,1,0,0,0,0,0,0,0,0,0,0,0,0,0,0,0,0,0,0,0,0,0,0,0,0,0,0,0,1,0,0,1,1,0
,"Black, Non-Hispanic",All Time,,114,1,1,0,2,1,8,0,1,1,6,1,1,7,0,0,10,0,0,1,4,5,0,8,1,0,2,1,2,3,1,0,0,0,0,4,0,3,0,0,12,0,0,3,1,0,3,2,0,3,0,7,0,3,1,3,1
,,< 30 Days,,9,0,0,0,0,0,0,0,0,0,0,0,0,1,0,0,2,0,0,0,0,0,0,0,0,0,0,0,0,3,0,0,0,0,0,0,0,0,0,0,1,0,0,0,0,0,1,0,0,0,0,0,0,0,0,1,0
,,,,,,,,,,,,,,,,,,,,,,,,,,,,,,,,,,,,,,,,,,,,,,,,,,,,,,,,,,,,
,,30 to < 90 Days,,20,0,0,0,0,0,1,0,0,0,0,0,1,2,0,0,0,0,0,0,1,0,0,2,1,0,0,1,1,0,0,0,0,0,0,0,0,0,0,0,4,0,0,1,1,0,0,0,0,0,0,2,0,1,0,1,0
,,90 Days to < 6 Months,,19,0,0,0,0,0,0,0,0,0,3,1,0,1,0,0,4,0,0,0,0,1,0,1,0,0,0,0,0,0,0,0,0,0,0,1,0,3,0,0,1,0,0,0,0,0,1,1,0,0,0,1,0,0,0,0,0
,,6 Months to < 1 Year,,23,0,0,0,0,0,4,0,0,0,0,0,0,2,0,0,2,0,0,0,2,2,0,2,0,0,2,0,0,0,0,0,0,0,0,1,0,0,0,0,1,0,0,0,0,0,0,0,0,3,0,1,0,0,0,1,0
,,1 Year to < 2 Years,,24,0,0,0,2,1,3,0,0,1,0,0,0,0,0,0,2,0,0,1,0,1,0,2,0,0,0,0,0,0,0,0,0,0,0,2,0,0,0,0,1,0,0,1,0,0,0,1,0,0,0,3,0,2,0,0,1
,,2 Years to < 3 Years,,15,0,1,0,0,0,0,0,1,0,3,0,0,1,0,0,0,0,0,0,0,1,0,1,0,0,0,0,1,0,0,0,0,0,0,0,0,0,0,0,4,0,0,1,0,0,0,0,0,0,0,0,0,0,1,0,0
,,3 Years to < 5 Years,,4,1,0,0,0,0,0,0,0,0,0,0,0,0,0,0,0,0,0,0,1,0,0,0,0,0,0,0,0,0,1,0,0,0,0,0,0,0,0,0,0,0,0,0,0,0,1,0,0,0,0,0,0,0,0,0,0
,Hispanic/Latino,All Time,,143,1,0,6,14,1,21,3,7,0,6,3,0,4,0,0,4,1,0,0,4,3,2,2,1,0,2,3,0,0,1,0,0,0,0,14,0,0,0,1,0,1,0,2,9,0,0,0,0,8,7,2,1,0,9,0,0
,,< 30 Days,,19,0,0,1,1,0,2,0,1,0,1,0,0,0,0,0,1,0,0,0,0,0,0,0,0,0,0,0,0,0,0,0,0,0,0,5,0,0,0,0,0,0,0,0,1,0,0,0,0,1,4,0,0,0,1,0,0
,,30 to < 90 Days,,14,0,0,0,2,0,2,0,0,0,0,0,0,0,0,0,1,0,0,0,2,0,0,0,0,0,2,0,0,0,0,0,0,0,0,2,0,0,0,0,0,0,0,0,1,0,0,0,0,1,1,0,0,0,0,0,0
,,90 Days to < 6 Months,,20,0,0,2,1,0,2,0,2,0,0,0,0,1,0,0,0,0,0,0,0,1,1,0,1,0,0,2,0,0,1,0,0,0,0,0,0,0,0,0,0,0,0,0,0,0,0,0,0,3,1,0,1,0,1,0,0
,,6 Months to < 1 Year,,39,1,0,1,6,0,9,2,2,0,1,0,0,2,0,0,0,0,0,0,0,1,1,1,0,0,0,0,0,0,0,0,0,0,0,3,0,0,0,1,0,0,0,0,4,0,0,0,0,2,0,0,0,0,2,0,0
,,1 Year to < 2 Years,,30,0,0,2,2,1,2,0,2,0,1,3,0,1,0,0,0,1,0,0,1,1,0,0,0,0,0,1,0,0,0,0,0,0,0,3,0,0,0,0,0,1,0,0,3,0,0,0,0,1,1,1,0,0,2,0,0
,,2 Years to < 3 Years,,12,0,0,0,1,0,2,0,0,0,3,0,0,0,0,0,0,0,0,0,1,0,0,1,0,0,0,0,0,0,0,0,0,0,0,0,0,0,0,0,0,0,0,2,0,0,0,0,0,0,0,0,0,0,2,0,0
,,3 Years to < 5 Years,,8,0,0,0,1,0,2,1,0,0,0,0,0,0,0,0,1,0,0,0,0,0,0,0,0,0,0,0,0,0,0,0,0,0,0,1,0,0,0,0,0,0,0,0,0,0,0,0,0,0,0,1,0,0,1,0,0
,,5 or More Years,,1,0,0,0,0,0,0,0,0,0,0,0,0,0,0,0,1,0,0,0,0,0,0,0,0,0,0,0,0,0,0,0,0,0,0,0,0,0,0,0,0,0,0,0,0,0,0,0,0,0,0,0,0,0,0,0,0
,"Asian, Non-Hispanic",All Time,,27,0,0,0,9,0,5,0,2,0,0,0,0,0,0,1,0,0,0,0,1,0,0,0,0,0,0,0,0,0,1,0,0,0,0,3,0,0,0,0,0,0,0,2,0,0,0,0,0,1,0,0,1,0,0,1,0
,,< 30 Days,,5,0,0,0,4,0,0,0,0,0,0,0,0,0,0,0,0,0,0,0,0,0,0,0,0,0,0,0,0,0,0,0,0,0,0,1,0,0,0,0,0,0,0,0,0,0,0,0,0,0,0,0,0,0,0,0,0
,,30 to < 90 Days,,5,0,0,0,0,0,1,0,0,0,0,0,0,0,0,0,0,0,0,0,0,0,0,0,0,0,0,0,0,0,0,0,0,0,0,2,0,0,0,0,0,0,0,1,0,0,0,0,0,0,0,0,1,0,0,0,0
,,90 Days to < 6 Months,,1,0,0,0,0,0,1,0,0,0,0,0,0,0,0,0,0,0,0,0,0,0,0,0,0,0,0,0,0,0,0,0,0,0,0,0,0,0,0,0,0,0,0,0,0,0,0,0,0,0,0,0,0,0,0,0,0
,,6 Months to < 1 Year,,6,0,0,0,2,0,2,0,0,0,0,0,0,0,0,1,0,0,0,0,0,0,0,0,0,0,0,0,0,0,0,0,0,0,0,0,0,0,0,0,0,0,0,0,0,0,0,0,0,0,0,0,0,0,0,1,0
,,1 Year to < 2 Years,,6,0,0,0,2,0,0,0,2,0,0,0,0,0,0,0,0,0,0,0,0,0,0,0,0,0,0,0,0,0,1,0,0,0,0,0,0,0,0,0,0,0,0,1,0,0,0,0,0,0,0,0,0,0,0,0,0
,,2 Years to < 3 Years,,3,0,0,0,1,0,1,0,0,0,0,0,0,0,0,0,0,0,0,0,1,0,0,0,0,0,0,0,0,0,0,0,0,0,0,0,0,0,0,0,0,0,0,0,0,0,0,0,0,0,0,0,0,0,0,0,0
,,3 Years to < 5 Years,,1,0,0,0,0,0,0,0,0,0,0,0,0,0,0,0,0,0,0,0,0,0,0,0,0,0,0,0,0,0,0,0,0,0,0,0,0,0,0,0,0,0,0,0,0,0,0,0,0,1,0,0,0,0,0,0,0
,"American Indian/Alaska Native, Non-Hispanic",All Time,,6,0,0,0,0,0,0,0,1,0,2,0,0,1,0,0,0,0,0,0,0,0,0,0,0,0,0,0,0,0,0,0,0,0,0,0,0,0,0,0,0,0,0,0,0,0,0,0,0,0,0,0,0,0,2,0,0
,,< 30 Days,,2,0,0,0,0,0,0,0,1,0,1,0,0,0,0,0,0,0,0,0,0,0,0,0,0,0,0,0,0,0,0,0,0,0,0,0,0,0,0,0,0,0,0,0,0,0,0,0,0,0,0,0,0,0,0,0,0
,,90 Days to < 6 Months,,2,0,0,0,0,0,0,0,0,0,1,0,0,1,0,0,0,0,0,0,0,0,0,0,0,0,0,0,0,0,0,0,0,0,0,0,0,0,0,0,0,0,0,0,0,0,0,0,0,0,0,0,0,0,0,0,0
,,6 Months to < 1 Year,,1,0,0,0,0,0,0,0,0,0,0,0,0,0,0,0,0,0,0,0,0,0,0,0,0,0,0,0,0,0,0,0,0,0,0,0,0,0,0,0,0,0,0,0,0,0,0,0,0,0,0,0,0,0,1,0,0
,,1 Year to < 2 Years,,1,0,0,0,0,0,0,0,0,0,0,0,0,0,0,0,0,0,0,0,0,0,0,0,0,0,0,0,0,0,0,0,0,0,0,0,0,0,0,0,0,0,0,0,0,0,0,0,0,0,0,0,0,0,1,0,0
,"Pacific Islander, Non-Hispanic",All Time,,2,0,0,0,1,0,0,0,0,0,0,0,0,0,0,0,0,0,0,0,0,0,0,0,0,0,0,0,0,0,0,0,0,0,0,0,0,0,0,0,0,0,0,0,0,0,0,0,0,0,0,0,0,0,1,0,0
,,6 Months to < 1 Year,,2,0,0,0,1,0,0,0,0,0,0,0,0,0,0,0,0,0,0,0,0,0,0,0,0,0,0,0,0,0,0,0,0,0,0,0,0,0,0,0,0,0,0,0,0,0,0,0,0,0,0,0,0,0,1,0,0
,"Multiracial, Non-Hispanic",All Time,,15,0,0,1,4,0,0,0,0,0,0,0,0,0,0,0,0,0,0,0,0,0,0,1,0,0,3,2,0,0,0,0,0,0,0,0,0,0,0,0,0,0,0,1,0,0,0,0,0,0,0,0,2,0,1,0,0
,,30 to < 90 Days,,2,0,0,0,0,0,0,0,0,0,0,0,0,0,0,0,0,0,0,0,0,0,0,0,0,0,0,1,0,0,0,0,0,0,0,0,0,0,0,0,0,0,0,0,0,0,0,0,0,0,0,0,1,0,0,0,0
,,90 Days to < 6 Months,,5,0,0,0,1,0,0,0,0,0,0,0,0,0,0,0,0,0,0,0,0,0,0,1,0,0,1,1,0,0,0,0,0,0,0,0,0,0,0,0,0,0,0,0,0,0,0,0,0,0,0,0,1,0,0,0,0
,,6 Months to < 1 Year,,6,0,0,1,2,0,0,0,0,0,0,0,0,0,0,0,0,0,0,0,0,0,0,0,0,0,2,0,0,0,0,0,0,0,0,0,0,0,0,0,0,0,0,0,0,0,0,0,0,0,0,0,0,0,1,0,0
,,1 Year to < 2 Years,,1,0,0,0,0,0,0,0,0,0,0,0,0,0,0,0,0,0,0,0,0,0,0,0,0,0,0,0,0,0,0,0,0,0,0,0,0,0,0,0,0,0,0,1,0,0,0,0,0,0,0,0,0,0,0,0,0
,,2 Years to < 3 Years,,1,0,0,0,1,0,0,0,0,0,0,0,0,0,0,0,0,0,0,0,0,0,0,0,0,0,0,0,0,0,0,0,0,0,0,0,0,0,0,0,0,0,0,0,0,0,0,0,0,0,0,0,0,0,0,0,0
6-10 Years,All Ethnicities,All Time,,505,5,5,4,46,1,47,4,6,4,13,7,2,14,0,4,18,9,3,8,20,20,5,15,4,0,14,3,10,15,3,0,0,0,2,27,0,6,0,9,8,0,1,21,22,0,5,7,4,28,3,18,4,12,14,3,2
,,< 30 Days,,41,1,0,0,2,0,6,0,1,0,1,1,0,0,0,0,3,0,0,3,1,2,0,0,0,0,2,0,2,0,1,0,0,0,1,3,0,2,0,0,0,0,0,1,1,0,0,1,0,4,0,0,0,1,1,0,0
,,30 to < 90 Days,,47,2,0,1,5,0,2,0,0,1,2,0,1,2,0,1,1,1,0,1,2,2,0,1,0,0,1,1,0,0,0,0,0,0,0,4,0,0,0,1,1,0,0,2,0,0,0,0,3,5,3,1,0,0,0,0,0
,,90 Days to < 6 Months,,48,0,1,0,0,0,1,0,1,0,1,1,0,3,0,2,0,1,0,1,3,3,0,2,2,0,1,0,2,0,1,0,0,0,1,2,0,2,0,3,1,0,0,3,3,0,2,0,0,1,0,2,0,1,1,0,0
,,6 Months to < 1 Year,,75,1,2,1,4,0,12,2,1,1,1,2,0,1,0,0,2,1,2,1,4,1,0,2,0,0,1,1,2,3,0,0,0,0,0,1,0,0,0,0,2,0,1,7,1,0,1,1,0,6,0,1,1,1,3,1,0
,,,,,,,,,,,,,,,,,,,,,,,,,,,,,,,,,,,,,,,,,,,,,,,,,,,,,,,,,,,,
,,1 Year to < 2 Years,,103,1,2,1,9,1,10,2,3,2,6,1,0,3,0,1,2,2,0,2,3,5,2,6,0,0,2,0,1,6,0,0,0,0,0,4,0,0,0,2,0,0,0,3,1,0,1,3,0,6,0,5,1,1,2,1,0
,,2 Years to < 3 Years,,48,0,0,1,4,0,6,0,0,0,0,2,1,3,0,0,4,0,1,0,0,4,0,1,0,0,3,0,1,0,0,0,0,0,0,2,0,0,0,1,0,0,0,1,0,0,1,2,0,1,0,4,0,2,2,1,0
,,3 Years to < 5 Years,,66,0,0,0,12,0,6,0,0,0,2,0,0,2,0,0,3,0,0,0,2,0,3,1,1,0,4,0,2,3,0,0,0,0,0,6,0,1,0,1,1,0,0,1,2,0,0,0,0,2,0,2,2,2,3,0,2
,,5 or More Years,,77,0,0,0,10,0,4,0,0,0,0,0,0,0,0,0,3,4,0,0,5,3,0,2,1,0,0,1,0,3,1,0,0,0,0,5,0,1,0,1,3,0,0,3,14,0,0,0,1,3,0,3,0,4,2,0,0
,"White, Non-Hispanic",All Time,,234,3,3,0,15,1,13,2,3,0,8,3,1,6,0,2,7,8,3,1,11,11,4,8,2,0,11,0,5,9,1,0,0,0,1,8,0,4,0,5,6,0,0,11,8,0,2,4,1,18,1,5,2,10,6,0,1
,,< 30 Days,,15,0,0,0,0,0,1,0,0,0,0,0,0,0,0,0,1,0,0,0,0,2,0,0,0,0,1,0,2,0,1,0,0,0,1,0,0,0,0,0,0,0,0,0,1,0,0,0,0,3,0,0,0,1,1,0,0
,,30 to < 90 Days,,23,2,0,0,2,0,1,0,0,0,0,0,1,1,0,1,1,1,0,0,1,2,0,0,0,0,1,0,0,0,0,0,0,0,0,1,0,0,0,0,1,0,0,1,0,0,0,0,1,3,1,1,0,0,0,0,0
,,90 Days to < 6 Months,,29,0,0,0,0,0,1,0,0,0,0,1,0,1,0,1,0,1,0,0,3,3,0,2,1,0,1,0,1,0,0,0,0,0,0,0,0,2,0,2,1,0,0,1,2,0,2,0,0,1,0,0,0,1,1,0,0
,,6 Months to < 1 Year,,34,0,2,0,1,0,6,1,1,0,1,1,0,1,0,0,0,1,2,0,2,1,0,0,0,0,0,0,0,3,0,0,0,0,0,1,0,0,0,0,1,0,0,4,0,0,0,0,0,3,0,0,1,0,1,0,0
,,1 Year to < 2 Years,,50,1,1,0,4,1,1,1,2,0,5,1,0,0,0,0,1,2,0,1,0,1,2,4,0,0,2,0,0,6,0,0,0,0,0,2,0,0,0,1,0,0,0,2,0,0,0,2,0,4,0,1,0,1,1,0,0
,,2 Years to < 3 Years,,18,0,0,0,1,0,1,0,0,0,0,0,0,1,0,0,1,0,1,0,0,1,0,0,0,0,3,0,1,0,0,0,0,0,0,1,0,0,0,1,0,0,0,0,0,0,0,2,0,1,0,1,0,2,0,0,0
,,3 Years to < 5 Years,,31,0,0,0,4,0,2,0,0,0,2,0,0,2,0,0,1,0,0,0,0,0,2,1,0,0,3,0,1,0,0,0,0,0,0,2,0,1,0,0,0,0,0,1,2,0,0,0,0,2,0,1,1,1,1,0,1
,,5 or More Years,,34,0,0,0,3,0,0,0,0,0,0,0,0,0,0,0,2,3,0,0,5,1,0,1,1,0,0,0,0,0,0,0,0,0,0,1,0,1,0,1,3,0,0,2,3,0,0,0,0,1,0,1,0,4,1,0,0
,"Black, Non-Hispanic",All Time,,87,2,1,2,4,0,1,0,1,1,1,3,0,8,0,1,0,1,0,5,1,4,0,1,2,0,2,2,3,3,0,0,0,0,1,3,0,2,0,4,2,0,0,4,9,0,2,0,3,2,0,3,0,1,0,1,1
,,< 30 Days,,7,1,0,0,1,0,0,0,0,0,0,0,0,0,0,0,0,0,0,2,0,0,0,0,0,0,1,0,0,0,0,0,0,0,0,0,0,2,0,0,0,0,0,0,0,0,0,0,0,0,0,0,0,0,0,0,0
,,30 to < 90 Days,,9,0,0,1,0,0,0,0,0,1,0,0,0,1,0,0,0,0,0,1,0,0,0,0,0,0,0,1,0,0,0,0,0,0,0,1,0,0,0,1,0,0,0,0,0,0,0,0,2,0,0,0,0,0,0,0,0
,,90 Days to < 6 Months,,11,0,0,0,0,0,0,0,1,0,1,0,0,2,0,0,0,0,0,0,0,0,0,0,1,0,0,0,0,0,0,0,0,0,1,1,0,0,0,1,0,0,0,2,0,0,0,0,0,0,0,1,0,0,0,0,0
,,6 Months to < 1 Year,,12,1,0,0,1,0,1,0,0,0,0,1,0,0,0,0,0,0,0,1,0,0,0,0,0,0,0,1,2,0,0,0,0,0,0,0,0,0,0,0,1,0,0,1,1,0,0,0,0,0,0,0,0,1,0,0,0
,,1 Year to < 2 Years,,18,0,1,1,1,0,0,0,0,0,0,0,0,3,0,1,0,0,0,1,0,2,0,1,0,0,0,0,1,0,0,0,0,0,0,0,0,0,0,1,0,0,0,1,0,0,1,0,0,1,0,1,0,0,0,1,0
,,2 Years to < 3 Years,,8,0,0,0,0,0,0,0,0,0,0,2,0,2,0,0,0,0,0,0,0,2,0,0,0,0,0,0,0,0,0,0,0,0,0,0,0,0,0,0,0,0,0,0,0,0,1,0,0,0,0,1,0,0,0,0,0
,,3 Years to < 5 Years,,10,0,0,0,0,0,0,0,0,0,0,0,0,0,0,0,0,0,0,0,1,0,0,0,1,0,1,0,0,3,0,0,0,0,0,1,0,0,0,1,1,0,0,0,0,0,0,0,0,0,0,0,0,0,0,0,1
,,5 or More Years,,12,0,0,0,1,0,0,0,0,0,0,0,0,0,0,0,0,1,0,0,0,0,0,0,0,0,0,0,0,0,0,0,0,0,0,0,0,0,0,0,0,0,0,0,8,0,0,0,1,1,0,0,0,0,0,0,0
,Hispanic/Latino,All Time,,132,0,1,2,18,0,26,2,1,2,4,1,1,0,0,0,7,0,0,2,6,4,1,2,0,0,0,0,1,3,1,0,0,0,0,13,0,0,0,0,0,0,1,3,5,0,1,0,0,7,2,8,1,0,5,1,0
,,< 30 Days,,12,0,0,0,0,0,3,0,1,0,1,1,0,0,0,0,2,0,0,1,0,0,0,0,0,0,0,0,0,0,0,0,0,0,0,1,0,0,0,0,0,0,0,1,0,0,0,0,0,1,0,0,0,0,0,0,0
,,30 to < 90 Days,,12,0,0,0,2,0,1,0,0,0,2,0,0,0,0,0,0,0,0,0,1,0,0,0,0,0,0,0,0,0,0,0,0,0,0,2,0,0,0,0,0,0,0,1,0,0,0,0,0,1,2,0,0,0,0,0,0
,,90 Days to < 6 Months,,7,0,1,0,0,0,0,0,0,0,0,0,0,0,0,0,0,0,0,1,0,0,0,0,0,0,0,0,1,0,1,0,0,0,0,1,0,0,0,0,0,0,0,0,1,0,0,0,0,0,0,1,0,0,0,0,0
,,6 Months to < 1 Year,,20,0,0,1,1,0,3,1,0,1,0,0,0,0,0,0,1,0,0,0,1,0,0,1,0,0,0,0,0,0,0,0,0,0,0,0,0,0,0,0,0,0,1,1,0,0,1,0,0,3,0,1,0,0,2,1,0
,,1 Year to < 2 Years,,28,0,0,0,3,0,9,1,0,1,1,0,0,0,0,0,1,0,0,0,3,1,0,1,0,0,0,0,0,0,0,0,0,0,0,2,0,0,0,0,0,0,0,0,1,0,0,0,0,1,0,3,0,0,0,0,0
,,2 Years to < 3 Years,,14,0,0,1,2,0,4,0,0,0,0,0,1,0,0,0,2,0,0,0,0,1,0,0,0,0,0,0,0,0,0,0,0,0,0,1,0,0,0,0,0,0,0,0,0,0,0,0,0,0,0,1,0,0,1,0,0
,,3 Years to < 5 Years,,18,0,0,0,6,0,3,0,0,0,0,0,0,0,0,0,1,0,0,0,1,0,1,0,0,0,0,0,0,0,0,0,0,0,0,3,0,0,0,0,0,0,0,0,0,0,0,0,0,0,0,1,1,0,1,0,0
,,5 or More Years,,21,0,0,0,4,0,3,0,0,0,0,0,0,0,0,0,0,0,0,0,0,2,0,0,0,0,0,0,0,3,0,0,0,0,0,3,0,0,0,0,0,0,0,0,3,0,0,0,0,1,0,1,0,0,1,0,0
,"Asian, Non-Hispanic",All Time,,29,0,0,0,5,0,5,0,0,0,0,0,0,0,0,0,2,0,0,0,1,0,0,3,0,0,0,0,1,0,1,0,0,0,0,3,0,0,0,0,0,0,0,3,0,0,0,2,0,1,0,1,0,0,0,1,0
,,< 30 Days,,4,0,0,0,0,0,2,0,0,0,0,0,0,0,0,0,0,0,0,0,0,0,0,0,0,0,0,0,0,0,0,0,0,0,0,2,0,0,0,0,0,0,0,0,0,0,0,0,0,0,0,0,0,0,0,0,0
,,30 to < 90 Days,,3,0,0,0,1,0,0,0,0,0,0,0,0,0,0,0,0,0,0,0,0,0,0,1,0,0,0,0,0,0,0,0,0,0,0,0,0,0,0,0,0,0,0,0,0,0,0,0,0,1,0,0,0,0,0,0,0
,,6 Months to < 1 Year,,4,0,0,0,0,0,1,0,0,0,0,0,0,0,0,0,0,0,0,0,1,0,0,0,0,0,0,0,0,0,0,0,0,0,0,0,0,0,0,0,0,0,0,1,0,0,0,1,0,0,0,0,0,0,0,0,0
,,1 Year to < 2 Years,,2,0,0,0,1,0,0,0,0,0,0,0,0,0,0,0,0,0,0,0,0,0,0,0,0,0,0,0,0,0,0,0,0,0,0,0,0,0,0,0,0,0,0,0,0,0,0,1,0,0,0,0,0,0,0,0,0
,,2 Years to < 3 Years,,5,0,0,0,0,0,1,0,0,0,0,0,0,0,0,0,1,0,0,0,0,0,0,1,0,0,0,0,0,0,0,0,0,0,0,0,0,0,0,0,0,0,0,1,0,0,0,0,0,0,0,0,0,0,0,1,0
,,3 Years to < 5 Years,,3,0,0,0,1,0,1,0,0,0,0,0,0,0,0,0,0,0,0,0,0,0,0,0,0,0,0,0,1,0,0,0,0,0,0,0,0,0,0,0,0,0,0,0,0,0,0,0,0,0,0,0,0,0,0,0,0
,,5 or More Years,,8,0,0,0,2,0,0,0,0,0,0,0,0,0,0,0,1,0,0,0,0,0,0,1,0,0,0,0,0,0,1,0,0,0,0,1,0,0,0,0,0,0,0,1,0,0,0,0,0,0,0,1,0,0,0,0,0
,"American Indian/Alaska Native, Non-Hispanic",All Time,,2,0,0,0,0,0,0,0,1,0,0,0,0,0,0,0,0,0,0,0,0,0,0,0,0,0,0,0,0,0,0,0,0,0,0,0,0,0,0,0,0,0,0,0,0,0,0,0,0,0,0,0,0,1,0,0,0
,,1 Year to < 2 Years,,1,0,0,0,0,0,0,0,1,0,0,0,0,0,0,0,0,0,0,0,0,0,0,0,0,0,0,0,0,0,0,0,0,0,0,0,0,0,0,0,0,0,0,0,0,0,0,0,0,0,0,0,0,0,0,0,0
,,,,,,,,,,,,,,,,,,,,,,,,,,,,,,,,,,,,,,,,,,,,,,,,,,,,,,,,,,,,
,,3 Years to < 5 Years,,1,0,0,0,0,0,0,0,0,0,0,0,0,0,0,0,0,0,0,0,0,0,0,0,0,0,0,0,0,0,0,0,0,0,0,0,0,0,0,0,0,0,0,0,0,0,0,0,0,0,0,0,0,1,0,0,0
,"Pacific Islander, Non-Hispanic",All Time,,3,0,0,0,1,0,1,0,0,0,0,0,0,0,0,0,0,0,0,0,0,0,0,0,0,0,0,0,0,0,0,0,0,0,0,0,0,0,0,0,0,0,0,0,0,0,0,0,0,0,0,0,0,0,1,0,0
,,6 Months to < 1 Year,,1,0,0,0,0,0,1,0,0,0,0,0,0,0,0,0,0,0,0,0,0,0,0,0,0,0,0,0,0,0,0,0,0,0,0,0,0,0,0,0,0,0,0,0,0,0,0,0,0,0,0,0,0,0,0,0,0
,,1 Year to < 2 Years,,1,0,0,0,0,0,0,0,0,0,0,0,0,0,0,0,0,0,0,0,0,0,0,0,0,0,0,0,0,0,0,0,0,0,0,0,0,0,0,0,0,0,0,0,0,0,0,0,0,0,0,0,0,0,1,0,0
,,3 Years to < 5 Years,,1,0,0,0,1,0,0,0,0,0,0,0,0,0,0,0,0,0,0,0,0,0,0,0,0,0,0,0,0,0,0,0,0,0,0,0,0,0,0,0,0,0,0,0,0,0,0,0,0,0,0,0,0,0,0,0,0
,"Multiracial, Non-Hispanic",All Time,,18,0,0,0,3,0,1,0,0,1,0,0,0,0,0,1,2,0,0,0,1,1,0,1,0,0,1,1,0,0,0,0,0,0,0,0,0,0,0,0,0,0,0,0,0,0,0,1,0,0,0,1,1,0,2,0,0
,,< 30 Days,,3,0,0,0,1,0,0,0,0,0,0,0,0,0,0,0,0,0,0,0,1,0,0,0,0,0,0,0,0,0,0,0,0,0,0,0,0,0,0,0,0,0,0,0,0,0,0,1,0,0,0,0,0,0,0,0,0
,,90 Days to < 6 Months,,1,0,0,0,0,0,0,0,0,0,0,0,0,0,0,1,0,0,0,0,0,0,0,0,0,0,0,0,0,0,0,0,0,0,0,0,0,0,0,0,0,0,0,0,0,0,0,0,0,0,0,0,0,0,0,0,0
,,6 Months to < 1 Year,,4,0,0,0,1,0,0,0,0,0,0,0,0,0,0,0,1,0,0,0,0,0,0,1,0,0,1,0,0,0,0,0,0,0,0,0,0,0,0,0,0,0,0,0,0,0,0,0,0,0,0,0,0,0,0,0,0
,,1 Year to < 2 Years,,3,0,0,0,0,0,0,0,0,1,0,0,0,0,0,0,0,0,0,0,0,1,0,0,0,0,0,0,0,0,0,0,0,0,0,0,0,0,0,0,0,0,0,0,0,0,0,0,0,0,0,0,1,0,0,0,0
,,2 Years to < 3 Years,,3,0,0,0,1,0,0,0,0,0,0,0,0,0,0,0,0,0,0,0,0,0,0,0,0,0,0,0,0,0,0,0,0,0,0,0,0,0,0,0,0,0,0,0,0,0,0,0,0,0,0,1,0,0,1,0,0
,,3 Years to < 5 Years,,2,0,0,0,0,0,0,0,0,0,0,0,0,0,0,0,1,0,0,0,0,0,0,0,0,0,0,0,0,0,0,0,0,0,0,0,0,0,0,0,0,0,0,0,0,0,0,0,0,0,0,0,0,0,1,0,0
,,5 or More Years,,2,0,0,0,0,0,1,0,0,0,0,0,0,0,0,0,0,0,0,0,0,0,0,0,0,0,0,1,0,0,0,0,0,0,0,0,0,0,0,0,0,0,0,0,0,0,0,0,0,0,0,0,0,0,0,0,0
11-17 Years,All Ethnicities,All Time,,977,11,5,11,106,9,119,10,20,1,16,12,6,28,0,2,45,7,8,9,38,42,9,41,6,0,10,7,30,8,25,3,0,3,6,64,0,4,0,15,26,1,1,35,16,0,4,7,3,38,6,18,10,35,30,8,3
,,< 30 Days,,73,0,0,0,4,0,10,0,4,0,1,0,1,3,0,0,4,2,0,3,4,3,3,2,1,0,0,0,3,1,3,0,0,0,0,2,0,0,0,0,4,0,0,2,0,0,1,2,0,4,3,0,0,1,1,1,0
,,30 to < 90 Days,,125,3,0,3,6,1,12,1,4,0,3,2,1,2,0,0,6,4,1,1,8,4,1,4,1,0,3,1,4,0,2,0,0,1,1,10,0,0,0,1,4,0,1,4,4,0,0,1,0,7,1,4,1,3,2,2,0
,,90 Days to < 6 Months,,123,2,2,2,12,0,6,1,5,0,0,1,0,5,0,0,4,0,1,1,7,11,1,6,2,0,0,2,5,0,3,1,0,0,0,9,0,0,0,4,1,0,0,6,1,0,1,0,0,6,0,2,3,5,3,1,1
,,6 Months to < 1 Year,,171,3,1,3,16,1,21,2,5,0,4,1,1,5,0,2,6,0,2,1,2,6,2,9,0,0,3,2,5,0,5,0,0,1,4,9,0,1,0,5,4,0,0,6,7,0,0,2,0,7,0,3,2,2,7,1,2
,,1 Year to < 2 Years,,181,1,1,2,26,1,17,4,1,1,4,1,0,6,0,0,11,1,2,2,8,8,0,8,1,0,1,2,9,0,5,0,0,0,1,10,0,0,0,3,4,0,0,8,1,0,2,2,2,5,1,3,2,4,8,2,0
,,2 Years to < 3 Years,,92,0,1,0,9,1,15,0,1,0,3,5,0,1,0,0,3,0,1,1,4,0,1,5,0,0,2,0,1,3,1,2,0,1,0,8,0,2,0,1,0,1,0,2,0,0,0,0,1,3,0,3,1,8,1,0,0
,,3 Years to < 5 Years,,85,1,0,1,16,3,11,1,0,0,1,1,3,0,0,0,4,0,1,0,1,2,0,6,0,0,0,0,1,0,1,0,0,0,0,8,0,0,0,0,0,0,0,5,1,0,0,0,0,2,1,3,1,9,1,0,0
,,5 or More Years,,127,1,0,0,17,2,27,1,0,0,0,1,0,6,0,0,7,0,0,0,4,8,1,1,1,0,1,0,2,4,5,0,0,0,0,8,0,1,0,1,9,0,0,2,2,0,0,0,0,4,0,0,0,3,7,1,0
,"White, Non-Hispanic",All Time,,405,6,3,1,45,2,23,5,13,0,2,4,2,7,0,0,16,5,7,1,20,22,5,30,4,0,3,3,15,5,5,1,0,2,4,16,0,3,0,10,21,0,0,20,6,0,2,5,0,10,3,6,9,17,11,2,3
,,< 30 Days,,31,0,0,0,1,0,2,0,2,0,0,0,1,2,0,0,1,2,0,1,2,3,2,0,0,0,0,0,2,1,0,0,0,0,0,0,0,0,0,0,4,0,0,2,0,0,1,1,0,0,1,0,0,0,0,0,0
,,30 to < 90 Days,,55,2,0,1,4,0,0,1,3,0,0,2,1,0,0,0,1,3,1,0,4,1,0,3,1,0,1,0,2,0,2,0,0,0,1,4,0,0,0,1,4,0,0,2,3,0,0,1,0,2,1,1,1,0,0,1,0
,,90 Days to < 6 Months,,46,1,0,0,4,0,1,0,3,0,0,0,0,1,0,0,2,0,1,0,4,6,0,5,1,0,0,1,1,0,0,0,0,0,0,1,0,0,0,3,1,0,0,2,1,0,1,0,0,1,0,0,2,2,0,0,1
,,6 Months to < 1 Year,,76,2,1,0,4,0,6,2,3,0,2,0,0,1,0,0,2,0,2,0,0,6,2,6,0,0,0,0,3,0,0,0,0,1,2,4,0,1,0,3,4,0,0,5,1,0,0,2,0,3,0,1,2,1,2,0,2
,,1 Year to < 2 Years,,82,1,1,0,13,1,3,2,1,0,0,0,0,2,0,0,4,0,1,0,5,4,0,6,1,0,0,2,7,0,1,0,0,0,1,4,0,0,0,2,2,0,0,4,0,0,0,1,0,2,0,1,2,2,5,1,0
,,2 Years to < 3 Years,,39,0,1,0,4,0,3,0,1,0,0,2,0,0,0,0,2,0,1,0,2,0,1,3,0,0,1,0,0,3,0,1,0,1,0,0,0,1,0,1,0,0,0,1,0,0,0,0,0,1,0,1,1,6,1,0,0
,,3 Years to < 5 Years,,38,0,0,0,8,1,5,0,0,0,0,0,0,0,0,0,2,0,1,0,0,1,0,6,0,0,0,0,0,0,0,0,0,0,0,0,0,0,0,0,0,0,0,2,0,0,0,0,0,1,1,2,1,6,1,0,0
,,5 or More Years,,38,0,0,0,7,0,3,0,0,0,0,0,0,1,0,0,2,0,0,0,3,1,0,1,1,0,1,0,0,1,2,0,0,0,0,3,0,1,0,0,6,0,0,2,1,0,0,0,0,0,0,0,0,0,2,0,0
,"Black, Non-Hispanic",All Time,,192,4,1,1,7,0,14,2,1,1,8,5,1,14,0,1,8,1,0,7,2,10,3,2,1,0,5,3,9,3,4,0,0,0,1,19,0,1,0,3,5,0,0,5,6,0,1,0,3,10,0,1,1,14,2,2,0
,,< 30 Days,,10,0,0,0,1,0,0,0,0,0,1,0,0,1,0,0,0,0,0,1,0,0,1,1,0,0,0,0,0,0,0,0,0,0,0,0,0,0,0,0,0,0,0,0,0,0,0,0,0,2,0,0,0,1,1,0,0
,,30 to < 90 Days,,11,1,0,0,0,0,1,0,0,0,1,0,0,0,0,0,0,0,0,1,0,0,1,0,0,0,1,0,0,0,0,0,0,0,0,3,0,0,0,0,0,0,0,0,0,0,0,0,0,0,0,1,0,0,0,1,0
,,90 Days to < 6 Months,,29,0,1,0,0,0,0,0,1,0,0,1,0,3,0,0,0,0,0,1,1,3,0,0,1,0,0,1,3,0,0,0,0,0,0,4,0,0,0,1,0,0,0,1,0,0,0,0,0,3,0,0,1,3,0,0,0
,,6 Months to < 1 Year,,32,1,0,1,0,0,2,0,0,0,2,1,0,3,0,1,1,0,0,1,0,0,0,1,0,0,2,2,1,0,1,0,0,0,1,2,0,0,0,1,0,0,0,0,3,0,0,0,0,2,0,0,0,1,1,1,0
,,1 Year to < 2 Years,,36,0,0,0,3,0,0,1,0,1,2,1,0,2,0,0,3,1,0,2,1,2,0,0,0,0,1,0,2,0,1,0,0,0,0,2,0,0,0,0,2,0,0,1,1,0,1,0,2,2,0,0,0,2,0,0,0
,,2 Years to < 3 Years,,20,0,0,0,1,0,5,0,0,0,1,2,0,1,0,0,0,0,0,1,0,0,0,0,0,0,1,0,1,0,1,0,0,0,0,2,0,1,0,0,0,0,0,0,0,0,0,0,1,0,0,0,0,2,0,0,0
,,3 Years to < 5 Years,,17,1,0,0,1,0,0,0,0,0,1,0,1,0,0,0,0,0,0,0,0,1,0,0,0,0,0,0,1,0,1,0,0,0,0,3,0,0,0,0,0,0,0,3,1,0,0,0,0,0,0,0,0,3,0,0,0
,,5 or More Years,,37,1,0,0,1,0,6,1,0,0,0,0,0,4,0,0,4,0,0,0,0,4,1,0,0,0,0,0,1,3,0,0,0,0,0,3,0,0,0,1,3,0,0,0,1,0,0,0,0,1,0,0,0,2,0,0,0
,Hispanic/Latino,All Time,,296,1,1,5,40,4,72,2,5,0,5,2,2,5,0,0,18,1,1,1,13,8,0,4,0,0,2,1,4,0,13,1,0,0,0,26,0,0,0,1,0,0,1,7,4,0,1,2,0,17,2,10,0,3,9,2,0
,,,,,,,,,,,,,,,,,,,,,,,,,,,,,,,,,,,,,,,,,,,,,,,,,,,,,,,,,,,,
,,< 30 Days,,23,0,0,0,1,0,7,0,2,0,0,0,0,0,0,0,2,0,0,1,0,0,0,0,0,0,0,0,1,0,2,0,0,0,0,2,0,0,0,0,0,0,0,0,0,0,0,1,0,2,1,0,0,0,0,1,0
,,30 to < 90 Days,,51,0,0,1,1,1,11,0,1,0,2,0,0,2,0,0,5,1,0,0,3,3,0,1,0,0,1,1,1,0,0,0,0,0,0,2,0,0,0,0,0,0,1,1,1,0,0,0,0,4,0,2,0,3,2,0,0
,,90 Days to < 6 Months,,37,1,1,2,7,0,5,0,1,0,0,0,0,1,0,0,2,0,0,0,2,1,0,0,0,0,0,0,1,0,2,1,0,0,0,4,0,0,0,0,0,0,0,1,0,0,0,0,0,2,0,2,0,0,1,0,0
,,6 Months to < 1 Year,,45,0,0,0,9,0,9,0,1,0,0,0,1,0,0,0,2,0,0,0,2,0,0,2,0,0,1,0,1,0,4,0,0,0,0,3,0,0,0,1,0,0,0,1,3,0,0,0,0,2,0,2,0,0,1,0,0
,,1 Year to < 2 Years,,46,0,0,1,7,0,11,1,0,0,1,0,0,2,0,0,3,0,1,0,2,1,0,0,0,0,0,0,0,0,3,0,0,0,0,3,0,0,0,0,0,0,0,3,0,0,1,1,0,1,1,1,0,0,1,1,0
,,2 Years to < 3 Years,,29,0,0,0,3,1,7,0,0,0,2,1,0,0,0,0,1,0,0,0,2,0,0,1,0,0,0,0,0,0,0,0,0,0,0,6,0,0,0,0,0,0,0,1,0,0,0,0,0,2,0,2,0,0,0,0,0
,,3 Years to < 5 Years,,23,0,0,1,5,0,5,1,0,0,0,0,1,0,0,0,2,0,0,0,1,0,0,0,0,0,0,0,0,0,0,0,0,0,0,5,0,0,0,0,0,0,0,0,0,0,0,0,0,1,0,1,0,0,0,0,0
,,5 or More Years,,42,0,0,0,7,2,17,0,0,0,0,1,0,0,0,0,1,0,0,0,1,3,0,0,0,0,0,0,0,0,2,0,0,0,0,1,0,0,0,0,0,0,0,0,0,0,0,0,0,3,0,0,0,0,4,0,0
,"Asian, Non-Hispanic",All Time,,53,0,0,1,8,2,7,0,1,0,1,0,1,2,0,1,2,0,0,0,2,2,0,3,1,0,0,0,1,0,2,0,0,0,0,3,0,0,0,0,0,0,0,3,0,0,0,0,0,1,1,1,0,1,4,2,0
,,< 30 Days,,6,0,0,0,1,0,0,0,0,0,0,0,0,0,0,0,1,0,0,0,1,0,0,1,1,0,0,0,0,0,0,0,0,0,0,0,0,0,0,0,0,0,0,0,0,0,0,0,0,0,1,0,0,0,0,0,0
,,30 to < 90 Days,,4,0,0,0,0,0,0,0,0,0,0,0,0,0,0,0,0,0,0,0,1,0,0,0,0,0,0,0,0,0,0,0,0,0,0,1,0,0,0,0,0,0,0,1,0,0,0,0,0,1,0,0,0,0,0,0,0
,,90 Days to < 6 Months,,8,0,0,0,1,0,0,0,0,0,0,0,0,0,0,0,0,0,0,0,0,1,0,0,0,0,0,0,0,0,1,0,0,0,0,0,0,0,0,0,0,0,0,2,0,0,0,0,0,0,0,0,0,0,2,1,0
,,6 Months to < 1 Year,,13,0,0,1,2,1,4,0,1,0,0,0,0,1,0,1,0,0,0,0,0,0,0,0,0,0,0,0,0,0,0,0,0,0,0,0,0,0,0,0,0,0,0,0,0,0,0,0,0,0,0,0,0,0,2,0,0
,,1 Year to < 2 Years,,10,0,0,0,2,0,2,0,0,0,1,0,0,0,0,0,1,0,0,0,0,1,0,1,0,0,0,0,0,0,0,0,0,0,0,1,0,0,0,0,0,0,0,0,0,0,0,0,0,0,0,1,0,0,0,0,0
,,2 Years to < 3 Years,,1,0,0,0,0,0,0,0,0,0,0,0,0,0,0,0,0,0,0,0,0,0,0,1,0,0,0,0,0,0,0,0,0,0,0,0,0,0,0,0,0,0,0,0,0,0,0,0,0,0,0,0,0,0,0,0,0
,,3 Years to < 5 Years,,3,0,0,0,0,1,1,0,0,0,0,0,1,0,0,0,0,0,0,0,0,0,0,0,0,0,0,0,0,0,0,0,0,0,0,0,0,0,0,0,0,0,0,0,0,0,0,0,0,0,0,0,0,0,0,0,0
,,5 or More Years,,8,0,0,0,2,0,0,0,0,0,0,0,0,1,0,0,0,0,0,0,0,0,0,0,0,0,0,0,1,0,1,0,0,0,0,1,0,0,0,0,0,0,0,0,0,0,0,0,0,0,0,0,0,1,0,1,0
,"American Indian/Alaska Native, Non-Hispanic",All Time,,7,0,0,1,1,1,0,0,0,0,0,0,0,0,0,0,0,0,0,0,0,0,0,2,0,0,0,0,0,0,0,1,0,0,0,0,0,0,0,0,0,0,0,0,0,0,0,0,0,0,0,0,0,0,1,0,0
,,90 Days to < 6 Months,,1,0,0,0,0,0,0,0,0,0,0,0,0,0,0,0,0,0,0,0,0,0,0,1,0,0,0,0,0,0,0,0,0,0,0,0,0,0,0,0,0,0,0,0,0,0,0,0,0,0,0,0,0,0,0,0,0
,,6 Months to < 1 Year,,1,0,0,1,0,0,0,0,0,0,0,0,0,0,0,0,0,0,0,0,0,0,0,0,0,0,0,0,0,0,0,0,0,0,0,0,0,0,0,0,0,0,0,0,0,0,0,0,0,0,0,0,0,0,0,0,0
,,1 Year to < 2 Years,,2,0,0,0,0,0,0,0,0,0,0,0,0,0,0,0,0,0,0,0,0,0,0,1,0,0,0,0,0,0,0,0,0,0,0,0,0,0,0,0,0,0,0,0,0,0,0,0,0,0,0,0,0,0,1,0,0
,,2 Years to < 3 Years,,1,0,0,0,0,0,0,0,0,0,0,0,0,0,0,0,0,0,0,0,0,0,0,0,0,0,0,0,0,0,0,1,0,0,0,0,0,0,0,0,0,0,0,0,0,0,0,0,0,0,0,0,0,0,0,0,0
,,3 Years to < 5 Years,,2,0,0,0,1,1,0,0,0,0,0,0,0,0,0,0,0,0,0,0,0,0,0,0,0,0,0,0,0,0,0,0,0,0,0,0,0,0,0,0,0,0,0,0,0,0,0,0,0,0,0,0,0,0,0,0,0
,"Pacific Islander, Non-Hispanic",All Time,,7,0,0,1,2,0,3,1,0,0,0,0,0,0,0,0,0,0,0,0,0,0,0,0,0,0,0,0,0,0,0,0,0,0,0,0,0,0,0,0,0,0,0,0,0,0,0,0,0,0,0,0,0,0,0,0,0
,,< 30 Days,,1,0,0,0,0,0,1,0,0,0,0,0,0,0,0,0,0,0,0,0,0,0,0,0,0,0,0,0,0,0,0,0,0,0,0,0,0,0,0,0,0,0,0,0,0,0,0,0,0,0,0,0,0,0,0,0,0
,,30 to < 90 Days,,2,0,0,1,1,0,0,0,0,0,0,0,0,0,0,0,0,0,0,0,0,0,0,0,0,0,0,0,0,0,0,0,0,0,0,0,0,0,0,0,0,0,0,0,0,0,0,0,0,0,0,0,0,0,0,0,0
,,90 Days to < 6 Months,,1,0,0,0,0,0,0,1,0,0,0,0,0,0,0,0,0,0,0,0,0,0,0,0,0,0,0,0,0,0,0,0,0,0,0,0,0,0,0,0,0,0,0,0,0,0,0,0,0,0,0,0,0,0,0,0,0
,,1 Year to < 2 Years,,2,0,0,0,1,0,1,0,0,0,0,0,0,0,0,0,0,0,0,0,0,0,0,0,0,0,0,0,0,0,0,0,0,0,0,0,0,0,0,0,0,0,0,0,0,0,0,0,0,0,0,0,0,0,0,0,0
,,5 or More Years,,1,0,0,0,0,0,1,0,0,0,0,0,0,0,0,0,0,0,0,0,0,0,0,0,0,0,0,0,0,0,0,0,0,0,0,0,0,0,0,0,0,0,0,0,0,0,0,0,0,0,0,0,0,0,0,0,0
,"Multiracial, Non-Hispanic",All Time,,17,0,0,1,3,0,0,0,0,0,0,1,0,0,0,0,1,0,0,0,1,0,1,0,0,0,0,0,1,0,1,0,0,1,1,0,0,0,0,1,0,1,0,0,0,0,0,0,0,0,0,0,0,0,3,0,0
,,< 30 Days,,2,0,0,0,0,0,0,0,0,0,0,0,0,0,0,0,0,0,0,0,1,0,0,0,0,0,0,0,0,0,1,0,0,0,0,0,0,0,0,0,0,0,0,0,0,0,0,0,0,0,0,0,0,0,0,0,0
,,30 to < 90 Days,,2,0,0,0,0,0,0,0,0,0,0,0,0,0,0,0,0,0,0,0,0,0,0,0,0,0,0,0,1,0,0,0,0,1,0,0,0,0,0,0,0,0,0,0,0,0,0,0,0,0,0,0,0,0,0,0,0
,,90 Days to < 6 Months,,1,0,0,0,0,0,0,0,0,0,0,0,0,0,0,0,0,0,0,0,0,0,1,0,0,0,0,0,0,0,0,0,0,0,0,0,0,0,0,0,0,0,0,0,0,0,0,0,0,0,0,0,0,0,0,0,0
,,6 Months to < 1 Year,,4,0,0,0,1,0,0,0,0,0,0,0,0,0,0,0,1,0,0,0,0,0,0,0,0,0,0,0,0,0,0,0,0,0,1,0,0,0,0,0,0,0,0,0,0,0,0,0,0,0,0,0,0,0,1,0,0
,,1 Year to < 2 Years,,3,0,0,1,0,0,0,0,0,0,0,0,0,0,0,0,0,0,0,0,0,0,0,0,0,0,0,0,0,0,0,0,0,0,0,0,0,0,0,1,0,0,0,0,0,0,0,0,0,0,0,0,0,0,1,0,0
,,2 Years to < 3 Years,,2,0,0,0,1,0,0,0,0,0,0,0,0,0,0,0,0,0,0,0,0,0,0,0,0,0,0,0,0,0,0,0,0,0,0,0,0,0,0,0,0,1,0,0,0,0,0,0,0,0,0,0,0,0,0,0,0
,,3 Years to < 5 Years,,2,0,0,0,1,0,0,0,0,0,0,1,0,0,0,0,0,0,0,0,0,0,0,0,0,0,0,0,0,0,0,0,0,0,0,0,0,0,0,0,0,0,0,0,0,0,0,0,0,0,0,0,0,0,0,0,0
,,5 or More Years,,1,0,0,0,0,0,0,0,0,0,0,0,0,0,0,0,0,0,0,0,0,0,0,0,0,0,0,0,0,0,0,0,0,0,0,0,0,0,0,0,0,0,0,0,0,0,0,0,0,0,0,0,0,0,1,0,0
18-34 Years,All Ethnicities,All Time,,"9,357",110,24,129,681,151,839,118,95,82,148,132,109,236,19,66,341,140,92,150,442,301,167,286,100,26,92,65,256,49,241,24,42,37,87,619,24,114,6,83,73,79,68,379,126,30,149,175,50,350,241,330,105,188,120,91,80
,,< 30 Days,,560,8,1,14,25,11,49,8,5,5,10,6,17,19,2,3,21,4,5,6,23,17,16,13,6,0,5,2,16,3,13,2,2,1,7,43,2,10,2,10,4,6,5,11,5,1,11,10,4,22,11,27,8,6,9,2,6
,,30 to < 90 Days,,901,18,4,13,32,8,68,2,20,5,14,16,8,24,0,13,31,19,6,13,29,18,19,39,14,2,14,5,25,10,22,4,4,2,8,51,3,15,0,6,14,7,8,40,20,2,15,18,4,34,28,46,10,20,9,9,13
,,,,,,,,,,,,,,,,,,,,,,,,,,,,,,,,,,,,,,,,,,,,,,,,,,,,,,,,,,,,
,,90 Days to < 6 Months,,"1,008",17,6,19,52,8,70,10,13,6,17,23,25,21,3,13,38,21,18,9,44,40,19,38,11,0,9,7,23,10,21,2,7,2,8,71,3,16,1,9,7,9,9,29,12,5,22,17,7,27,32,33,14,20,12,14,9
,,6 Months to < 1 Year,,"1,671",17,3,29,83,23,117,20,23,17,26,22,24,28,1,15,49,25,21,28,80,54,30,43,20,2,13,15,54,14,51,2,13,3,14,108,4,10,0,16,12,18,16,68,31,7,36,39,8,63,62,72,29,41,27,12,13
,,1 Year to < 2 Years,,"2,109",21,4,28,122,29,175,24,18,30,37,25,17,65,3,12,92,37,19,42,105,67,46,55,23,10,22,16,71,10,43,3,9,8,15,120,6,24,2,22,21,22,19,92,23,7,30,43,14,89,55,87,24,37,27,26,16
,,2 Years to < 3 Years,,"1,157",7,2,12,96,25,102,25,5,11,16,18,5,30,1,5,45,13,5,24,57,36,20,38,12,4,14,10,28,1,31,1,5,8,16,70,2,18,1,13,6,10,5,55,13,4,17,21,4,47,33,34,13,27,10,14,12
,,3 Years to < 5 Years,,"1,199",17,2,7,146,33,148,20,8,7,16,13,8,34,7,5,44,20,15,18,58,43,10,29,6,5,11,4,26,0,35,5,1,6,15,85,0,16,0,5,6,5,5,57,12,4,10,19,6,47,17,19,6,28,16,10,4
,,5 or More Years,,752,5,2,7,125,14,110,9,3,1,12,9,5,15,2,0,21,1,3,10,46,26,7,31,8,3,4,6,13,1,25,5,1,7,4,71,4,5,0,2,3,2,1,27,10,0,8,8,3,21,3,12,1,9,10,4,7
,"White, Non-Hispanic",All Time,,"3,285",54,11,41,138,35,158,33,40,28,36,48,44,57,0,43,118,76,62,39,228,87,92,171,59,3,57,17,81,25,59,3,3,23,47,139,11,67,1,54,48,33,40,145,95,0,36,87,10,93,44,74,56,72,69,48,47
,,< 30 Days,,200,4,1,2,6,4,15,2,3,1,3,1,5,5,0,1,10,2,2,2,14,3,10,7,4,0,3,0,4,1,5,1,0,0,3,9,2,7,0,9,2,2,4,6,4,0,4,5,1,3,0,3,2,3,3,1,6
,,30 to < 90 Days,,376,14,2,4,4,2,19,2,13,3,2,6,3,8,0,6,10,12,4,6,15,2,9,28,9,0,5,3,11,6,3,0,0,1,2,12,3,11,0,5,10,2,6,19,17,0,4,8,1,16,6,12,7,6,4,2,11
,,90 Days to < 6 Months,,388,10,1,10,10,1,14,4,3,0,3,8,13,4,0,7,12,13,14,2,22,9,14,25,8,0,6,1,4,3,4,0,0,2,6,19,1,10,0,7,4,4,4,17,7,0,4,9,0,9,8,7,11,10,8,10,6
,,6 Months to < 1 Year,,563,8,2,9,19,1,21,2,9,5,5,5,6,7,0,11,18,8,15,4,41,18,18,27,13,0,8,4,17,8,13,0,3,1,8,17,2,8,0,7,9,8,9,25,24,0,8,17,2,16,13,12,12,12,16,6,6
,,1 Year to < 2 Years,,725,8,3,9,19,7,23,9,8,14,13,11,9,12,0,10,21,19,12,11,54,23,21,35,15,1,15,5,22,5,11,1,0,5,6,26,2,14,1,14,15,9,11,33,15,0,7,19,2,24,7,29,12,10,15,17,6
,,2 Years to < 3 Years,,394,2,0,3,21,6,18,7,1,4,6,9,1,10,0,4,18,8,3,4,31,13,9,21,4,0,7,2,9,1,7,0,0,6,13,13,1,11,0,6,4,5,2,20,11,0,1,10,1,13,7,4,6,15,6,3,7
,,3 Years to < 5 Years,,380,7,0,2,21,10,29,6,3,1,3,4,4,6,0,4,20,13,9,5,28,12,6,13,2,2,10,0,8,0,8,0,0,3,5,21,0,4,0,4,2,2,3,22,8,0,5,13,2,9,2,4,6,12,10,5,2
,,5 or More Years,,259,1,2,2,38,4,19,1,0,0,1,4,3,5,0,0,9,1,3,5,23,7,5,15,4,0,3,2,6,1,8,1,0,5,4,22,0,2,0,2,2,1,1,3,9,0,3,6,1,3,1,3,0,4,7,4,3
,"Black, Non-Hispanic",All Time,,"2,508",53,10,14,52,16,65,11,5,26,44,56,29,143,0,14,93,42,23,104,76,143,47,47,31,22,11,30,118,7,93,0,8,6,19,234,8,39,5,26,20,14,2,149,27,0,95,69,37,95,27,75,6,91,4,21,6
,,< 30 Days,,153,4,0,1,2,2,2,2,0,2,2,4,3,13,0,2,5,1,3,4,3,9,4,3,2,0,0,2,10,0,4,0,0,1,3,18,0,2,2,1,1,1,0,2,1,0,5,4,3,6,2,6,3,1,1,1,0
,,30 to < 90 Days,,233,3,2,2,3,1,5,0,1,0,4,7,3,14,0,3,14,4,2,7,6,9,6,4,4,2,2,2,9,0,9,0,1,1,2,22,0,3,0,1,2,1,0,15,2,0,7,8,3,6,5,10,0,13,0,3,0
,,90 Days to < 6 Months,,277,7,4,3,9,3,10,1,1,4,4,10,6,10,0,3,9,7,4,6,11,20,2,7,1,0,1,1,13,3,8,0,1,0,2,22,0,6,1,2,3,2,0,9,5,0,13,5,4,6,4,9,0,8,1,4,2
,,6 Months to < 1 Year,,470,8,1,3,5,3,4,1,1,7,6,11,7,13,0,3,13,10,5,22,16,25,8,4,5,2,2,7,25,4,20,0,2,0,2,58,1,1,0,8,3,3,1,24,6,0,26,18,6,19,7,16,2,23,1,2,0
,,1 Year to < 2 Years,,586,13,0,3,10,0,19,1,1,7,10,11,5,47,0,2,28,15,5,28,13,30,16,8,7,8,1,6,30,0,13,0,2,2,4,47,4,8,1,7,5,3,0,39,7,0,22,17,12,20,5,17,1,20,0,4,2
,,2 Years to < 3 Years,,298,5,1,0,8,1,10,3,1,3,6,6,2,14,0,0,5,3,1,19,6,10,6,4,7,4,4,7,15,0,13,0,2,0,2,22,1,5,1,6,1,3,1,22,1,0,13,9,3,17,2,8,0,8,0,7,0
,,3 Years to < 5 Years,,298,9,2,2,4,2,9,1,0,3,7,6,2,22,0,1,12,2,3,13,11,23,3,8,2,3,1,1,12,0,19,0,0,0,4,26,0,11,0,1,4,1,0,17,4,0,4,6,4,12,2,4,0,14,0,0,1
,,5 or More Years,,193,4,0,0,11,4,6,2,0,0,5,1,1,10,0,0,7,0,0,5,10,17,2,9,3,3,0,4,4,0,7,0,0,2,0,19,2,3,0,0,1,0,0,21,1,0,5,2,2,9,0,5,0,4,1,0,1
,Hispanic/Latino,All Time,,"2,717",3,2,59,338,63,544,54,41,26,59,15,32,25,1,8,114,16,3,4,101,47,14,28,3,0,16,9,31,11,68,18,26,4,9,183,3,5,0,3,4,11,19,65,2,30,17,11,2,141,165,164,30,20,24,12,14
,,< 30 Days,,155,0,0,10,16,2,27,3,1,2,3,1,8,1,1,0,3,1,0,0,4,4,0,1,0,0,1,0,1,1,4,1,1,0,0,9,0,0,0,0,1,2,0,2,0,1,1,0,0,11,7,18,2,2,2,0,0
,,30 to < 90 Days,,222,1,0,5,18,5,35,0,5,2,7,1,2,1,0,4,6,2,0,0,8,4,1,4,0,0,6,0,3,1,9,3,3,0,2,10,0,0,0,0,2,0,1,5,0,2,4,2,0,10,17,21,0,1,4,3,2
,,90 Days to < 6 Months,,260,0,1,6,23,1,41,3,7,2,8,2,4,3,0,3,16,0,0,1,8,6,0,4,1,0,1,4,3,3,8,2,5,0,0,20,2,0,0,0,0,2,3,3,0,5,5,2,2,11,20,15,1,1,1,0,1
,,6 Months to < 1 Year,,489,1,0,13,38,11,81,10,13,4,13,3,11,5,0,0,13,5,0,1,17,10,3,7,1,0,3,2,7,2,15,2,7,1,1,25,0,1,0,1,0,1,5,17,1,7,2,2,0,23,40,40,12,5,4,1,2
,,1 Year to < 2 Years,,596,0,1,13,58,16,114,9,8,9,13,2,3,6,0,0,41,2,1,2,26,7,5,4,0,0,3,2,10,4,11,2,5,1,2,36,0,1,0,1,0,3,6,14,0,7,1,5,0,36,42,36,9,5,7,3,4
,,2 Years to < 3 Years,,351,0,0,5,43,10,67,11,3,3,4,0,1,4,0,1,20,2,1,0,15,8,5,5,0,0,2,0,2,0,7,1,3,1,1,27,0,2,0,1,1,1,2,10,1,4,3,0,0,16,24,20,5,3,1,2,3
,,3 Years to < 5 Years,,399,1,0,3,81,15,102,12,1,3,5,2,2,5,0,0,10,4,1,0,15,6,0,1,0,0,0,1,4,0,6,4,1,1,3,31,0,1,0,0,0,1,2,12,0,4,1,0,0,25,13,10,0,2,5,3,0
,,5 or More Years,,245,0,0,4,61,3,77,6,3,1,6,4,1,0,0,0,5,0,0,0,8,2,0,2,1,0,0,0,1,0,8,3,1,0,0,25,1,0,0,0,0,1,0,2,0,0,0,0,0,9,2,4,1,1,0,0,2
,"Asian, Non-Hispanic",All Time,,604,0,0,6,116,28,59,13,3,2,8,9,3,10,5,1,15,6,3,2,27,21,8,32,5,0,5,3,13,5,21,0,5,1,6,57,2,1,0,0,0,2,4,19,1,0,0,5,0,18,3,16,0,4,14,8,9
,,< 30 Days,,35,0,0,1,1,1,4,1,0,0,2,0,1,0,1,0,3,0,0,0,2,1,0,1,0,0,1,0,0,1,0,0,1,0,0,6,0,1,0,0,0,0,0,1,0,0,0,1,0,1,1,0,0,0,2,0,0
,,30 to < 90 Days,,45,0,0,1,6,0,6,0,1,0,1,1,0,1,0,0,1,1,0,0,0,3,1,2,1,0,1,0,0,2,1,0,0,0,2,4,0,0,0,0,0,1,1,1,1,0,0,0,0,1,0,3,0,0,0,1,0
,,90 Days to < 6 Months,,68,0,0,0,10,3,5,1,1,0,2,3,1,4,1,0,1,1,0,0,2,5,2,1,1,0,1,1,2,1,1,0,1,0,0,9,0,0,0,0,0,1,1,0,0,0,0,1,0,1,0,2,0,1,1,0,0
,,6 Months to < 1 Year,,112,0,0,2,16,6,9,5,0,1,1,2,0,3,1,1,5,2,1,1,6,0,1,5,1,0,0,1,2,0,3,0,1,0,1,8,1,0,0,0,0,0,1,2,0,0,0,1,0,5,1,4,0,0,4,3,5
,,1 Year to < 2 Years,,148,0,0,0,25,5,17,3,0,0,1,1,0,0,0,0,2,1,1,0,8,6,3,7,1,0,2,1,6,1,8,0,2,0,2,11,0,0,0,0,0,0,1,6,0,0,0,2,0,9,1,5,0,2,4,2,2
,,2 Years to < 3 Years,,73,0,0,2,16,6,5,2,0,1,0,1,1,2,0,0,1,0,0,1,4,5,0,7,0,0,0,0,1,0,4,0,0,0,0,7,0,0,0,0,0,0,0,2,0,0,0,0,0,1,0,1,0,1,1,0,1
,,3 Years to < 5 Years,,82,0,0,0,32,4,7,1,1,0,1,1,0,0,0,0,2,1,1,0,2,1,1,5,1,0,0,0,1,0,2,0,0,1,1,7,0,0,0,0,0,0,0,6,0,0,0,0,0,0,0,1,0,0,0,2,0
,,,,,,,,,,,,,,,,,,,,,,,,,,,,,,,,,,,,,,,,,,,,,,,,,,,,,,,,,,,,
,,5 or More Years,,41,0,0,0,10,3,6,0,0,0,0,0,0,0,2,0,0,0,0,0,3,0,0,4,0,0,0,0,1,0,2,0,0,0,0,5,1,0,0,0,0,0,0,1,0,0,0,0,0,0,0,0,0,0,2,0,1
,"American Indian/Alaska Native, Non-Hispanic",All Time,,79,0,0,8,2,1,6,3,5,0,0,0,0,0,0,0,0,0,0,1,3,2,1,7,0,1,1,1,5,0,0,3,0,0,3,1,0,0,0,0,0,15,0,0,0,0,0,0,0,0,0,0,4,0,2,2,2
,,< 30 Days,,4,0,0,0,0,0,0,0,1,0,0,0,0,0,0,0,0,0,0,0,0,0,0,1,0,0,0,0,0,0,0,0,0,0,1,0,0,0,0,0,0,0,0,0,0,0,0,0,0,0,0,0,1,0,0,0,0
,,30 to < 90 Days,,11,0,0,1,0,0,3,0,0,0,0,0,0,0,0,0,0,0,0,0,0,0,1,1,0,0,0,0,0,0,0,1,0,0,0,0,0,0,0,0,0,3,0,0,0,0,0,0,0,0,0,0,0,0,1,0,0
,,90 Days to < 6 Months,,4,0,0,0,0,0,0,1,1,0,0,0,0,0,0,0,0,0,0,0,0,0,0,1,0,0,0,0,1,0,0,0,0,0,0,0,0,0,0,0,0,0,0,0,0,0,0,0,0,0,0,0,0,0,0,0,0
,,6 Months to < 1 Year,,13,0,0,1,1,0,1,1,0,0,0,0,0,0,0,0,0,0,0,0,0,1,0,0,0,0,0,0,0,0,0,0,0,0,1,0,0,0,0,0,0,5,0,0,0,0,0,0,0,0,0,0,2,0,0,0,0
,,1 Year to < 2 Years,,18,0,0,3,0,0,0,0,0,0,0,0,0,0,0,0,0,0,0,1,1,1,0,1,0,1,0,1,2,0,0,0,0,0,0,0,0,0,0,0,0,6,0,0,0,0,0,0,0,0,0,0,0,0,0,0,1
,,2 Years to < 3 Years,,13,0,0,2,1,1,1,1,0,0,0,0,0,0,0,0,0,0,0,0,0,0,0,1,0,0,0,0,1,0,0,0,0,0,0,1,0,0,0,0,0,0,0,0,0,0,0,0,0,0,0,0,1,0,0,2,1
,,3 Years to < 5 Years,,11,0,0,0,0,0,1,0,3,0,0,0,0,0,0,0,0,0,0,0,1,0,0,2,0,0,0,0,0,0,0,1,0,0,1,0,0,0,0,0,0,1,0,0,0,0,0,0,0,0,0,0,0,0,1,0,0
,,5 or More Years,,5,0,0,1,0,0,0,0,0,0,0,0,0,0,0,0,0,0,0,0,1,0,0,0,0,0,1,0,1,0,0,1,0,0,0,0,0,0,0,0,0,0,0,0,0,0,0,0,0,0,0,0,0,0,0,0,0
,"Pacific Islander, Non-Hispanic",All Time,,53,0,0,0,19,0,0,1,1,0,0,1,0,0,7,0,0,0,0,0,1,0,1,0,0,0,0,0,2,0,0,0,0,0,0,0,0,1,0,0,1,1,1,0,1,0,1,1,0,1,0,1,5,0,6,0,0
,,< 30 Days,,2,0,0,0,0,0,0,0,0,0,0,0,0,0,0,0,0,0,0,0,0,0,0,0,0,0,0,0,0,0,0,0,0,0,0,0,0,0,0,0,0,0,0,0,0,0,1,0,0,0,0,0,0,0,1,0,0
,,30 to < 90 Days,,6,0,0,0,0,0,0,0,0,0,0,0,0,0,0,0,0,0,0,0,0,0,0,0,0,0,0,0,1,0,0,0,0,0,0,0,0,1,0,0,0,0,0,0,0,0,0,0,0,1,0,0,3,0,0,0,0
,,90 Days to < 6 Months,,2,0,0,0,0,0,0,0,0,0,0,0,0,0,0,0,0,0,0,0,0,0,0,0,0,0,0,0,0,0,0,0,0,0,0,0,0,0,0,0,0,0,1,0,0,0,0,0,0,0,0,0,1,0,0,0,0
,,6 Months to < 1 Year,,5,0,0,0,2,0,0,0,0,0,0,0,0,0,0,0,0,0,0,0,0,0,0,0,0,0,0,0,0,0,0,0,0,0,0,0,0,0,0,0,0,1,0,0,0,0,0,0,0,0,0,0,0,0,2,0,0
,,1 Year to < 2 Years,,17,0,0,0,6,0,0,0,1,0,0,0,0,0,3,0,0,0,0,0,1,0,1,0,0,0,0,0,1,0,0,0,0,0,0,0,0,0,0,0,1,0,0,0,1,0,0,0,0,0,0,0,1,0,1,0,0
,,2 Years to < 3 Years,,12,0,0,0,5,0,0,1,0,0,0,1,0,0,1,0,0,0,0,0,0,0,0,0,0,0,0,0,0,0,0,0,0,0,0,0,0,0,0,0,0,0,0,0,0,0,0,1,0,0,0,1,0,0,2,0,0
,,3 Years to < 5 Years,,6,0,0,0,3,0,0,0,0,0,0,0,0,0,3,0,0,0,0,0,0,0,0,0,0,0,0,0,0,0,0,0,0,0,0,0,0,0,0,0,0,0,0,0,0,0,0,0,0,0,0,0,0,0,0,0,0
,,5 or More Years,,3,0,0,0,3,0,0,0,0,0,0,0,0,0,0,0,0,0,0,0,0,0,0,0,0,0,0,0,0,0,0,0,0,0,0,0,0,0,0,0,0,0,0,0,0,0,0,0,0,0,0,0,0,0,0,0,0
,"Multiracial, Non-Hispanic",All Time,,111,0,1,1,16,8,7,3,0,0,1,3,1,1,6,0,1,0,1,0,6,1,4,1,2,0,2,5,6,1,0,0,0,3,3,5,0,1,0,0,0,3,2,1,0,0,0,2,1,2,2,0,4,1,1,0,2
,,< 30 Days,,11,0,0,0,0,2,1,0,0,0,0,0,0,0,0,0,0,0,0,0,0,0,2,0,0,0,0,0,1,0,0,0,0,0,0,1,0,0,0,0,0,1,1,0,0,0,0,0,0,1,1,0,0,0,0,0,0
,,30 to < 90 Days,,8,0,0,0,1,0,0,0,0,0,0,1,0,0,0,0,0,0,0,0,0,0,1,0,0,0,0,0,1,1,0,0,0,0,0,3,0,0,0,0,0,0,0,0,0,0,0,0,0,0,0,0,0,0,0,0,0
,,90 Days to < 6 Months,,9,0,0,0,0,0,0,0,0,0,0,0,1,0,2,0,0,0,0,0,1,0,1,0,0,0,0,0,0,0,0,0,0,0,0,1,0,0,0,0,0,0,0,0,0,0,0,0,1,0,0,0,1,0,1,0,0
,,6 Months to < 1 Year,,19,0,0,1,2,2,1,1,0,0,1,1,0,0,0,0,0,0,0,0,0,0,0,0,0,0,0,1,3,0,0,0,0,1,1,0,0,0,0,0,0,0,0,0,0,0,0,1,0,0,1,0,1,1,0,0,0
,,1 Year to < 2 Years,,19,0,0,0,4,1,2,2,0,0,0,0,0,0,0,0,0,0,0,0,2,0,0,0,0,0,1,1,0,0,0,0,0,0,1,0,0,1,0,0,0,1,1,0,0,0,0,0,0,0,0,0,1,0,0,0,1
,,2 Years to < 3 Years,,16,0,1,0,2,1,1,0,0,0,0,1,0,0,0,0,1,0,0,0,1,0,0,0,1,0,1,1,0,0,0,0,0,1,0,0,0,0,0,0,0,1,0,1,0,0,0,1,0,0,0,0,1,0,0,0,0
,,3 Years to < 5 Years,,23,0,0,0,5,2,0,0,0,0,0,0,0,1,4,0,0,0,1,0,1,1,0,0,1,0,0,2,1,0,0,0,0,1,1,0,0,0,0,0,0,0,0,0,0,0,0,0,0,1,0,0,0,0,0,0,1
,,5 or More Years,,6,0,0,0,2,0,2,0,0,0,0,0,0,0,0,0,0,0,0,0,1,0,0,1,0,0,0,0,0,0,0,0,0,0,0,0,0,0,0,0,0,0,0,0,0,0,0,0,0,0,0,0,0,0,0,0,0
35-49 Years,All Ethnicities,All Time,,"25,546",294,71,317,"1,833",418,"2,123",458,313,153,445,399,266,733,65,148,916,312,241,491,"1,310",938,529,698,243,158,183,192,710,67,584,95,79,55,176,"1,480",63,277,15,220,135,180,161,"1,073",358,84,461,538,173,"1,030",886,977,225,546,332,167,152
,,< 30 Days,,"1,278",25,1,28,43,16,102,21,24,14,33,21,14,27,3,10,58,22,18,23,34,39,34,40,21,9,16,8,40,11,29,5,7,3,9,66,4,20,0,14,9,19,12,40,16,5,28,30,11,38,31,43,22,35,14,7,6
,,30 to < 90 Days,,"2,041",23,10,24,69,21,134,25,34,17,46,52,37,47,5,20,95,35,17,57,78,81,39,44,21,6,20,18,56,8,44,9,9,8,12,113,8,25,2,15,17,15,14,77,20,9,50,52,15,89,65,87,24,49,37,11,26
,,90 Days to < 6 Months,,"2,414",26,12,36,117,32,141,20,27,15,46,54,39,63,2,17,87,28,15,58,99,89,50,74,31,4,21,25,70,10,56,6,12,2,14,143,5,29,2,19,19,22,22,100,50,10,63,62,17,98,109,95,26,58,39,17,11
,,6 Months to < 1 Year,,"4,214",59,12,72,188,67,302,59,57,30,82,84,38,118,9,25,147,61,49,79,155,171,110,125,48,6,30,31,122,19,102,13,21,5,36,235,12,43,4,38,20,32,33,144,73,13,94,107,39,139,204,189,45,105,55,23,35
,,1 Year to < 2 Years,,"5,865",65,20,67,355,86,440,96,75,29,88,79,60,183,8,35,203,87,75,116,326,222,108,141,53,37,53,47,171,13,139,16,15,13,46,332,16,51,2,75,33,40,41,279,83,22,97,122,30,238,226,272,64,132,69,41,33
,,2 Years to < 3 Years,,"3,440",30,2,39,275,57,296,78,35,23,48,43,36,104,13,19,124,30,31,62,239,108,71,88,30,29,26,29,95,3,78,16,10,11,30,180,6,41,0,34,14,30,21,135,47,9,55,75,23,149,108,124,18,77,37,34,15
,,3 Years to < 5 Years,,"3,774",34,5,30,391,94,363,89,33,14,77,44,30,108,14,15,106,40,30,57,231,117,68,103,20,50,15,23,115,3,97,17,2,8,23,244,4,35,1,22,17,14,9,203,47,8,47,57,23,190,112,99,20,67,57,19,13
,,5 or More Years,,"2,520",32,9,21,395,45,345,70,28,11,25,22,12,83,11,7,96,9,6,39,148,111,49,83,19,17,2,11,41,0,39,13,3,5,6,167,8,33,4,3,6,8,9,95,22,8,27,33,15,89,31,68,6,23,24,15,13
,"White, Non-Hispanic",All Time,,"8,008",102,20,105,339,69,293,84,170,51,63,148,89,146,5,95,236,171,145,127,657,259,246,383,130,22,102,45,205,37,129,20,13,44,102,300,32,151,7,131,77,82,87,367,250,0,102,263,19,250,145,214,149,184,178,82,86
,,< 30 Days,,521,15,1,11,9,3,21,6,18,3,7,10,4,4,0,4,15,16,14,8,24,14,20,19,17,1,9,5,19,6,10,1,3,1,4,17,1,13,0,8,8,9,6,18,11,0,6,16,1,13,7,13,15,21,6,4,6
,,30 to < 90 Days,,747,10,4,9,11,2,23,7,22,3,3,21,14,11,1,14,25,22,12,21,46,25,18,27,12,1,11,7,11,3,13,3,4,7,7,32,5,16,1,11,13,9,7,27,14,0,11,26,2,28,18,23,16,18,19,7,14
,,90 Days to < 6 Months,,832,7,4,12,23,6,19,1,15,2,8,20,13,21,0,10,21,13,10,19,48,24,30,41,15,3,11,5,24,5,13,1,2,2,8,30,4,15,2,14,14,12,16,28,40,0,22,36,2,26,15,23,17,19,28,7,6
,,,,,,,,,,,,,,,,,,,,,,,,,,,,,,,,,,,,,,,,,,,,,,,,,,,,,,,,,,,,
,,6 Months to < 1 Year,,"1,428",25,4,27,37,19,63,11,26,14,12,28,15,31,1,18,36,35,33,18,89,37,58,62,28,0,12,5,33,13,18,5,1,3,22,50,6,23,0,20,11,11,18,56,50,0,21,56,6,44,35,56,31,33,29,10,23
,,1 Year to < 2 Years,,"1,803",23,3,14,75,4,62,15,36,13,9,30,19,30,1,25,59,47,36,32,166,61,42,74,28,7,35,12,49,7,32,4,2,10,26,50,7,29,1,42,14,21,20,104,51,0,22,51,2,51,36,55,40,41,37,23,18
,,2 Years to < 3 Years,,"1,011",8,0,18,54,10,39,9,21,7,6,21,8,17,2,10,32,16,18,13,107,26,25,56,16,4,14,4,24,2,16,2,1,10,20,44,3,17,0,20,5,14,11,47,37,0,11,33,3,27,18,16,11,21,19,12,6
,,3 Years to < 5 Years,,"1,034",9,2,9,59,14,33,23,21,3,11,12,13,22,0,9,24,21,18,10,107,32,35,55,8,6,10,6,30,1,23,2,0,7,13,47,2,20,1,14,9,4,4,61,31,0,5,29,2,45,15,15,15,22,27,11,7
,,5 or More Years,,632,5,2,5,71,11,33,12,11,6,7,6,3,10,0,5,24,1,4,6,70,40,18,49,6,0,0,1,15,0,4,2,0,4,2,30,4,18,2,2,3,2,5,26,16,0,4,16,1,16,1,13,4,9,13,8,6
,"Black, Non-Hispanic",All Time,,"8,362",187,36,39,196,42,188,36,24,56,220,194,95,522,0,27,379,101,80,341,295,502,211,105,94,133,44,107,405,10,241,7,24,6,44,577,21,97,7,76,49,38,6,472,90,0,332,222,149,373,114,331,8,310,23,45,31
,,< 30 Days,,370,10,0,2,2,0,10,0,0,7,11,9,4,21,0,3,21,6,4,15,4,16,13,9,4,8,2,3,16,3,14,1,1,0,2,19,1,6,0,6,0,4,0,17,3,0,21,13,10,13,8,13,1,12,1,1,0
,,30 to < 90 Days,,636,13,4,3,9,3,12,0,2,2,19,24,9,32,0,5,36,12,3,32,13,42,16,6,6,5,5,7,36,1,14,1,3,1,4,37,3,5,1,3,4,1,0,28,6,0,37,22,13,27,5,31,0,29,2,1,1
,,90 Days to < 6 Months,,758,17,5,2,14,3,8,3,2,4,27,30,13,39,0,3,26,10,5,37,19,53,14,14,13,1,8,15,36,1,16,0,1,0,6,58,0,9,0,5,4,1,1,45,8,0,36,19,15,28,19,22,0,33,2,5,3
,,6 Months to < 1 Year,,"1,353",33,5,9,21,5,22,2,4,8,36,40,16,78,0,2,59,18,12,57,33,97,37,12,19,6,9,22,74,1,42,1,10,2,8,88,1,13,4,15,8,8,2,55,22,0,66,40,32,43,26,53,2,55,2,11,7
,,1 Year to < 2 Years,,"1,996",41,12,15,33,12,31,12,8,12,50,34,21,131,0,7,78,27,33,80,77,114,51,27,23,29,10,25,101,2,55,1,4,1,8,128,7,17,0,28,14,9,2,120,27,0,69,55,26,106,29,97,2,75,4,7,9
,,2 Years to < 3 Years,,"1,158",21,2,3,38,5,30,7,2,11,27,18,18,76,0,4,58,11,12,44,51,66,29,8,9,24,7,18,52,1,37,1,3,1,8,68,3,20,0,11,9,8,1,55,9,0,43,34,19,53,13,41,1,51,3,10,4
,,3 Years to < 5 Years,,"1,238",25,2,4,35,11,40,6,4,7,40,25,8,80,0,3,49,13,10,43,57,53,25,16,9,43,1,11,70,1,40,1,1,1,5,102,2,12,0,7,7,5,0,96,11,0,40,24,20,66,9,38,2,42,6,5,5
,,5 or More Years,,853,27,6,1,44,3,35,6,2,5,10,14,6,65,0,0,52,4,1,33,41,61,26,13,11,17,2,6,20,0,23,1,1,0,3,77,4,15,2,1,3,2,0,56,4,0,20,15,14,37,5,36,0,13,3,5,2
,Hispanic/Latino,All Time,,"6,325",2,6,103,836,152,"1,321",239,90,36,137,31,66,32,2,15,244,24,8,12,244,88,39,54,8,1,16,16,50,10,135,43,17,3,19,406,5,17,1,4,6,20,41,148,8,84,19,26,2,328,603,360,38,33,46,22,9
,,< 30 Days,,280,0,0,11,24,9,60,11,4,4,13,2,4,2,0,1,20,0,0,0,4,5,1,6,0,0,3,0,3,1,5,3,0,1,2,23,1,1,0,0,0,1,3,1,1,5,0,0,0,9,15,13,3,1,3,1,0
,,30 to < 90 Days,,460,0,1,6,33,12,83,15,10,7,21,6,13,0,0,0,31,1,0,1,12,5,2,2,2,0,0,3,6,0,10,5,1,0,0,31,0,3,0,0,0,0,5,11,0,9,1,1,0,27,40,26,3,1,8,2,4
,,90 Days to < 6 Months,,564,1,2,14,55,12,93,11,7,8,9,2,6,1,0,1,31,4,0,1,19,7,4,5,1,0,0,2,3,2,16,3,3,0,0,37,1,2,0,0,1,4,3,14,0,10,5,2,0,34,71,41,4,4,6,2,0
,,6 Months to < 1 Year,,987,1,1,16,83,21,184,35,21,7,32,9,7,8,0,4,37,2,3,2,20,21,10,10,0,0,3,1,6,3,20,5,4,0,4,61,2,4,0,1,1,5,8,23,0,13,6,7,1,39,139,63,9,11,12,2,0
,,1 Year to < 2 Years,,"1,421",0,1,26,167,35,260,43,25,2,24,7,18,9,0,3,57,7,3,1,58,26,6,9,0,0,7,4,12,4,39,6,4,1,8,102,1,3,1,1,3,4,11,35,2,22,3,8,0,64,154,100,10,11,6,6,2
,,2 Years to < 3 Years,,880,0,0,13,117,16,183,42,9,5,11,2,8,2,1,3,28,2,0,4,59,7,9,3,3,0,2,3,10,0,15,7,3,0,2,47,0,3,0,2,0,4,6,25,1,9,0,4,1,55,76,58,6,2,4,7,1
,,3 Years to < 5 Years,,"1,018",0,1,9,186,32,232,44,3,3,19,3,8,5,0,1,25,5,1,3,51,12,4,16,2,1,1,1,6,0,20,8,1,0,3,58,0,1,0,0,1,0,3,31,2,8,1,4,0,66,84,43,2,2,5,1,0
,,5 or More Years,,715,0,0,8,171,15,226,38,11,0,8,0,2,5,1,2,15,3,1,0,21,5,3,3,0,0,0,2,4,0,10,6,1,1,0,47,0,0,0,0,0,2,2,8,2,8,3,0,0,34,24,16,1,1,2,1,2
,"Asian, Non-Hispanic",All Time,,"2,188",2,2,25,381,138,282,86,13,7,19,19,15,33,44,10,46,15,6,6,100,87,22,76,8,1,9,9,19,4,74,2,19,2,6,185,5,12,0,7,3,8,12,80,5,0,4,8,3,69,21,61,7,16,58,16,21
,,< 30 Days,,73,0,0,3,6,4,7,4,0,0,2,0,2,0,2,2,2,0,0,0,2,4,0,2,0,0,1,0,1,0,0,0,2,1,0,6,1,0,0,0,1,1,2,4,0,0,0,0,0,2,1,4,0,1,3,0,0
,,30 to < 90 Days,,143,0,0,1,14,4,15,3,0,2,3,1,1,4,2,1,3,0,2,0,7,8,3,2,1,0,1,0,0,2,7,0,0,0,1,11,0,1,0,1,0,1,1,8,0,0,1,1,0,6,1,7,2,1,6,1,6
,,90 Days to < 6 Months,,202,1,0,2,24,8,21,4,1,1,1,2,7,2,2,3,6,1,0,1,11,5,1,7,1,0,1,2,3,0,10,0,6,0,0,18,0,3,0,0,0,1,2,13,2,0,0,3,0,7,4,6,1,2,2,3,1
,,6 Months to < 1 Year,,337,0,2,9,41,20,29,11,4,1,1,5,0,1,6,0,11,6,1,1,9,16,4,18,0,0,3,2,4,2,18,0,3,0,1,36,3,3,0,2,0,2,2,9,1,0,1,3,0,12,4,15,0,5,6,0,4
,,1 Year to < 2 Years,,509,1,0,6,61,29,76,19,2,2,5,5,2,13,6,0,9,5,2,3,24,20,7,19,2,1,1,4,4,0,13,1,4,1,2,50,1,2,0,2,2,2,3,19,1,0,2,1,2,17,6,18,4,4,15,5,4
,,2 Years to < 3 Years,,295,0,0,1,50,23,42,19,3,0,3,0,2,9,8,2,6,1,1,0,19,9,4,5,1,0,2,1,2,0,10,0,3,0,0,21,0,1,0,1,0,0,1,8,0,0,0,0,0,11,1,7,0,2,9,4,3
,,3 Years to < 5 Years,,379,0,0,2,99,35,49,15,1,1,4,4,1,1,9,2,4,1,0,1,13,20,1,11,1,0,0,0,4,0,14,1,0,0,2,32,0,2,0,1,0,0,0,14,1,0,0,0,1,12,3,1,0,1,13,2,0
,,5 or More Years,,250,0,0,1,86,15,43,11,2,0,0,2,0,3,9,0,5,1,0,0,15,5,2,12,2,0,0,0,1,0,2,0,1,0,0,11,0,0,0,0,0,1,1,5,0,0,0,0,0,2,1,3,0,0,4,1,3
,"American Indian/Alaska Native, Non-Hispanic",All Time,,265,0,0,41,9,2,6,5,11,1,3,2,0,0,0,1,4,0,0,4,3,0,3,58,1,1,1,0,14,5,0,23,1,0,1,1,0,0,0,1,0,25,3,1,0,0,3,2,0,4,0,4,11,0,7,1,2
,,< 30 Days,,18,0,0,1,1,0,0,0,2,0,0,0,0,0,0,0,0,0,0,0,0,0,0,3,0,0,0,0,0,1,0,0,0,0,0,0,0,0,0,0,0,4,0,0,0,0,1,0,0,0,0,0,3,0,1,1,0
,,30 to < 90 Days,,18,0,0,4,1,0,0,0,0,1,0,0,0,0,0,0,0,0,0,2,0,0,0,5,0,0,0,0,0,1,0,0,1,0,0,0,0,0,0,0,0,1,0,0,0,0,0,0,0,0,0,0,2,0,0,0,0
,,90 Days to < 6 Months,,30,0,0,6,0,0,0,0,2,0,1,0,0,0,0,0,2,0,0,0,1,0,1,6,0,0,0,0,1,2,0,2,0,0,0,0,0,0,0,0,0,3,0,0,0,0,0,0,0,1,0,1,0,0,1,0,0
,,6 Months to < 1 Year,,59,0,0,10,0,0,2,0,1,0,1,1,0,0,0,1,1,0,0,1,2,0,0,18,0,0,0,0,3,0,0,2,0,0,0,0,0,0,0,0,0,6,1,1,0,0,0,0,0,1,0,2,2,0,2,0,1
,,1 Year to < 2 Years,,39,0,0,5,3,0,1,2,3,0,0,0,0,0,0,0,0,0,0,0,0,0,0,6,0,0,0,0,3,0,0,4,0,0,1,0,0,0,0,1,0,3,0,0,0,0,1,1,0,0,0,0,4,0,1,0,0
,,2 Years to < 3 Years,,46,0,0,4,1,1,0,1,0,0,0,1,0,0,0,0,0,0,0,1,0,0,2,13,1,1,1,0,3,0,0,6,0,0,0,0,0,0,0,0,0,4,1,0,0,0,0,0,0,2,0,1,0,0,1,0,1
,,3 Years to < 5 Years,,32,0,0,5,0,0,3,0,3,0,1,0,0,0,0,0,1,0,0,0,0,0,0,4,0,0,0,0,3,1,0,5,0,0,0,1,0,0,0,0,0,3,0,0,0,0,1,0,0,0,0,0,0,0,1,0,0
,,5 or More Years,,23,0,0,6,3,1,0,2,0,0,0,0,0,0,0,0,0,0,0,0,0,0,0,3,0,0,0,0,1,0,0,4,0,0,0,0,0,0,0,0,0,1,1,0,0,0,0,1,0,0,0,0,0,0,0,0,0
,,,,,,,,,,,,,,,,,,,,,,,,,,,,,,,,,,,,,,,,,,,,,,,,,,,,,,,,,,,,
,"Pacific Islander, Non-Hispanic",All Time,,157,0,0,1,50,10,20,2,1,2,0,0,0,0,7,0,2,1,1,1,1,0,0,3,2,0,0,0,2,0,0,0,2,0,1,2,0,0,0,0,0,2,4,1,1,0,0,1,0,2,1,4,8,2,19,1,0
,,< 30 Days,,7,0,0,0,1,0,2,0,0,0,0,0,0,0,0,0,0,0,0,0,0,0,0,1,0,0,0,0,0,0,0,0,0,0,1,0,0,0,0,0,0,0,0,0,1,0,0,0,0,1,0,0,0,0,0,0,0
,,30 to < 90 Days,,10,0,0,0,0,0,1,0,0,2,0,0,0,0,2,0,0,0,0,1,0,0,0,0,0,0,0,0,0,0,0,0,0,0,0,1,0,0,0,0,0,1,0,0,0,0,0,0,0,0,0,0,0,0,2,0,0
,,90 Days to < 6 Months,,6,0,0,0,0,1,0,0,0,0,0,0,0,0,0,0,1,0,0,0,0,0,0,0,1,0,0,0,0,0,0,0,0,0,0,0,0,0,0,0,0,0,0,0,0,0,0,0,0,0,0,0,3,0,0,0,0
,,6 Months to < 1 Year,,18,0,0,0,5,1,2,0,1,0,0,0,0,0,0,0,0,0,0,0,0,0,0,1,1,0,0,0,1,0,0,0,2,0,0,0,0,0,0,0,0,0,0,0,0,0,0,0,0,0,0,0,1,0,3,0,0
,,1 Year to < 2 Years,,44,0,0,1,10,5,6,2,0,0,0,0,0,0,1,0,0,1,1,0,0,0,0,1,0,0,0,0,1,0,0,0,0,0,0,0,0,0,0,0,0,0,3,1,0,0,0,1,0,0,0,1,2,1,6,0,0
,,2 Years to < 3 Years,,16,0,0,0,8,2,1,0,0,0,0,0,0,0,1,0,0,0,0,0,0,0,0,0,0,0,0,0,0,0,0,0,0,0,0,0,0,0,0,0,0,0,0,0,0,0,0,0,0,0,0,1,0,1,1,1,0
,,3 Years to < 5 Years,,32,0,0,0,8,1,5,0,0,0,0,0,0,0,3,0,1,0,0,0,1,0,0,0,0,0,0,0,0,0,0,0,0,0,0,1,0,0,0,0,0,1,1,0,0,0,0,0,0,1,1,2,1,0,5,0,0
,,5 or More Years,,24,0,0,0,18,0,3,0,0,0,0,0,0,0,0,0,0,0,0,0,0,0,0,0,0,0,0,0,0,0,0,0,0,0,0,0,0,0,0,0,0,0,0,0,0,0,0,0,0,0,0,0,1,0,2,0,0
,"Multiracial, Non-Hispanic",All Time,,241,1,7,3,22,5,13,6,4,0,3,5,1,0,7,0,5,0,1,0,10,2,8,19,0,0,11,15,15,1,5,0,3,0,3,9,0,0,0,1,0,5,8,4,4,0,1,16,0,4,2,3,4,1,1,0,3
,,< 30 Days,,9,0,0,0,0,0,2,0,0,0,0,0,0,0,1,0,0,0,0,0,0,0,0,0,0,0,1,0,1,0,0,0,1,0,0,1,0,0,0,0,0,0,1,0,0,0,0,1,0,0,0,0,0,0,0,0,0
,,30 to < 90 Days,,27,0,1,1,1,0,0,0,0,0,0,0,0,0,0,0,0,0,0,0,0,1,0,2,0,0,3,1,3,1,0,0,0,0,0,1,0,0,0,0,0,2,1,3,0,0,0,2,0,1,1,0,1,0,0,0,1
,,90 Days to < 6 Months,,22,0,1,0,1,2,0,1,0,0,0,0,0,0,0,0,0,0,0,0,1,0,0,1,0,0,1,1,3,0,1,0,0,0,0,0,0,0,0,0,0,1,0,0,0,0,0,2,0,2,0,2,1,0,0,0,1
,,6 Months to < 1 Year,,32,0,0,1,1,1,0,0,0,0,0,1,0,0,2,0,3,0,0,0,2,0,1,4,0,0,3,1,1,0,4,0,1,0,1,0,0,0,0,0,0,0,2,0,0,0,0,1,0,0,0,0,0,1,1,0,0
,,1 Year to < 2 Years,,53,0,4,0,6,1,4,3,1,0,0,3,0,0,0,0,0,0,0,0,1,1,2,5,0,0,0,2,1,0,0,0,1,0,1,2,0,0,0,1,0,1,2,0,2,0,0,5,0,0,1,1,2,0,0,0,0
,,2 Years to < 3 Years,,34,1,0,0,7,0,1,0,0,0,1,1,0,0,1,0,0,0,0,0,3,0,2,3,0,0,0,3,4,0,0,0,0,0,0,0,0,0,0,0,0,0,1,0,0,0,1,4,0,1,0,0,0,0,0,0,0
,,3 Years to < 5 Years,,41,0,0,1,4,1,1,1,1,0,2,0,0,0,2,0,2,0,1,0,2,0,3,1,0,0,3,5,2,0,0,0,0,0,0,3,0,0,0,0,0,1,1,1,2,0,0,0,0,0,0,0,0,0,0,0,1
,,5 or More Years,,23,0,1,0,2,0,5,1,2,0,0,0,1,0,1,0,0,0,0,0,1,0,0,3,0,0,0,2,0,0,0,0,0,0,1,2,0,0,0,0,0,0,0,0,0,0,0,1,0,0,0,0,0,0,0,0,0
50-64 Years,All Ethnicities,All Time,,"48,684",619,70,605,"3,686",757,"3,915",811,528,245,723,729,455,"1,427",154,284,"1,690",529,432,878,"2,899","1,994","1,021","1,179",508,250,415,385,"1,272",148,"1,180",185,100,119,384,"2,835",77,541,26,353,210,306,367,"2,221",843,161,753,985,364,"2,094","1,592","1,736",308,"1,018",666,320,332
,,< 30 Days,,"2,432",23,9,42,85,21,170,37,39,14,46,50,50,56,7,17,98,41,26,37,117,110,66,55,26,9,29,16,82,24,61,1,7,5,24,134,6,41,3,23,25,18,16,83,47,9,35,47,18,104,68,116,22,54,31,18,14
,,30 to < 90 Days,,"3,637",70,5,63,120,47,251,44,45,27,78,76,53,104,13,29,164,69,39,70,144,140,85,73,40,10,42,33,82,24,72,11,18,6,29,191,6,44,4,30,28,29,27,161,70,14,53,84,36,173,127,158,39,83,48,30,26
,,90 Days to < 6 Months,,"4,225",59,9,81,162,57,277,55,40,23,98,86,57,108,7,37,164,53,47,76,240,169,119,83,64,7,40,27,133,28,123,11,18,13,41,210,6,42,3,33,24,39,38,173,95,12,96,90,25,140,157,159,28,105,72,34,32
,,6 Months to < 1 Year,,"7,499",121,15,98,315,119,557,110,88,29,119,142,91,212,17,48,281,90,86,150,342,266,163,179,91,16,92,74,203,23,174,26,25,16,67,447,17,80,3,93,31,55,72,348,136,34,138,176,85,279,300,295,69,185,101,47,63
,,1 Year to < 2 Years,,"10,554",149,15,128,583,186,689,128,132,57,144,157,86,341,29,72,396,137,106,190,684,412,262,281,116,64,112,70,298,28,275,36,15,29,74,591,18,98,1,105,37,78,87,493,193,24,186,251,55,459,405,414,67,236,136,74,65
,,2 Years to < 3 Years,,"6,522",59,4,69,523,93,510,139,70,27,95,82,37,172,29,33,206,47,59,136,501,253,110,154,74,69,47,46,177,9,191,25,6,19,46,320,14,69,2,43,28,39,61,299,104,15,118,154,56,259,203,227,36,163,109,42,44
,,3 Years to < 5 Years,,"8,103",89,11,71,876,157,748,176,78,43,104,90,61,240,27,33,241,69,52,131,525,345,124,168,50,53,42,71,199,8,190,46,6,24,79,512,5,106,5,21,28,31,51,375,114,38,91,130,61,424,255,260,34,129,108,38,60
,,5 or More Years,,"5,712",49,2,53,"1,022",77,713,122,36,25,39,46,20,194,25,15,140,23,17,88,346,299,92,186,47,22,11,48,98,4,94,29,5,7,24,430,5,61,5,5,9,17,15,289,84,15,36,53,28,256,77,107,13,63,61,37,28
,"White, Non-Hispanic",All Time,,"18,703",264,25,227,845,149,672,200,267,106,182,354,224,344,11,194,595,329,312,285,"1,809",686,617,763,294,54,286,125,440,108,377,32,23,89,272,752,44,339,18,251,131,184,207,948,541,0,236,504,87,648,289,507,210,421,378,195,253
,,< 30 Days,,"1,143",15,6,19,23,6,39,14,26,5,15,31,31,25,0,13,52,29,22,15,88,32,33,40,18,2,18,3,28,17,24,0,1,2,21,39,4,31,2,15,18,11,11,43,32,0,13,20,8,43,19,37,15,23,20,16,10
,,30 to < 90 Days,,"1,620",20,2,27,28,7,40,17,25,11,18,46,31,34,1,21,56,49,31,34,87,42,59,52,27,2,28,17,27,18,29,1,8,5,22,78,1,32,2,19,20,14,16,93,46,0,13,46,14,77,27,69,29,27,32,22,21
,,90 Days to < 6 Months,,"1,873",29,3,30,32,12,69,15,23,8,27,53,27,33,1,25,55,32,36,28,162,63,78,55,43,4,31,12,53,18,41,7,4,10,31,75,4,23,3,25,13,22,28,76,64,0,32,49,3,58,33,54,20,48,44,24,25
,,6 Months to < 1 Year,,"3,097",55,4,31,85,20,97,29,47,10,27,72,53,46,1,38,110,56,61,49,216,91,106,108,51,6,62,25,86,19,62,7,5,12,53,113,10,57,1,72,21,32,41,179,96,0,48,92,17,96,54,94,48,91,62,21,52
,,1 Year to < 2 Years,,"4,205",64,5,51,161,39,133,31,62,27,45,81,40,82,2,47,145,79,74,60,408,129,152,195,71,15,79,23,93,22,81,7,3,22,47,150,14,66,1,76,20,47,52,218,121,0,57,117,19,152,74,121,41,103,83,47,51
,,2 Years to < 3 Years,,"2,412",30,0,32,128,21,84,26,35,13,24,33,13,48,2,22,60,30,41,46,324,87,65,99,33,8,27,9,55,6,61,2,1,16,24,87,6,42,1,29,19,24,30,121,68,0,44,80,10,77,25,59,20,50,54,25,36
,,3 Years to < 5 Years,,"2,641",36,5,23,182,30,106,33,32,22,22,26,22,44,2,21,77,43,32,34,316,115,67,103,33,13,35,23,59,5,57,5,0,16,58,114,2,62,4,13,16,22,25,131,74,0,23,70,11,94,42,45,26,60,49,21,40
,,5 or More Years,,"1,712",15,0,14,206,14,104,35,17,10,4,12,7,32,2,7,40,11,15,19,208,127,57,111,18,4,6,13,39,3,22,3,1,6,16,96,3,26,4,2,4,12,4,87,40,0,6,30,5,51,15,28,11,19,34,19,18
,"Black, Non-Hispanic",All Time,,"14,577",338,33,71,403,109,390,73,71,80,296,301,110,961,2,46,639,153,110,551,535,983,313,152,182,188,72,197,719,10,453,3,23,19,80,"1,060",20,186,8,87,69,44,59,943,264,0,475,389,263,689,134,507,6,528,64,79,37
,,< 30 Days,,616,8,3,5,13,0,15,3,2,6,13,13,6,25,0,1,20,9,4,21,15,54,28,5,8,7,4,9,44,2,16,0,2,1,1,38,2,9,1,7,6,4,1,34,15,0,18,22,10,24,4,30,1,23,1,1,2
,,30 to < 90 Days,,"1,002",46,1,3,10,7,23,1,3,8,26,25,8,59,1,4,58,17,8,34,29,70,19,12,10,8,11,15,48,3,25,0,3,1,6,49,1,11,2,11,8,4,6,50,19,0,34,30,20,40,8,45,1,49,4,4,4
,,90 Days to < 6 Months,,"1,175",29,4,11,20,10,23,7,2,10,35,23,17,64,1,3,52,13,11,46,38,82,33,12,17,3,8,12,62,1,49,1,1,1,8,72,2,19,0,6,11,6,3,64,29,0,58,31,21,31,13,43,0,40,7,6,4
,,6 Months to < 1 Year,,"2,183",63,7,15,26,18,59,13,10,8,45,58,18,152,0,6,102,27,23,91,58,128,43,23,36,10,13,39,98,0,54,1,6,4,8,167,4,21,2,18,8,8,11,120,37,0,85,62,63,98,22,78,1,85,9,17,5
,,,,,,,,,,,,,,,,,,,,,,,,,,,,,,,,,,,,,,,,,,,,,,,,,,,,,,,,,,,,
,,1 Year to < 2 Years,,"3,185",78,9,16,50,30,70,10,19,16,59,57,18,228,0,16,128,43,27,123,138,198,85,31,40,45,20,33,182,2,105,0,6,5,20,224,4,30,0,23,15,10,13,199,60,0,122,111,31,140,35,108,0,121,10,16,6
,,2 Years to < 3 Years,,"2,038",27,4,8,52,17,47,11,15,10,44,41,12,112,0,5,100,14,17,87,83,133,30,18,30,59,11,28,112,0,68,0,4,1,19,127,3,25,1,13,8,5,12,122,29,0,70,59,46,80,19,66,3,104,13,11,3
,,3 Years to < 5 Years,,"2,517",53,4,8,92,18,72,15,14,10,48,54,22,173,0,7,110,19,18,89,108,176,42,25,15,38,3,36,121,1,90,0,0,6,12,199,2,39,1,6,9,5,5,191,34,0,62,53,49,157,23,87,0,65,13,10,8
,,5 or More Years,,"1,861",34,1,5,140,9,81,13,6,12,26,30,9,148,0,4,69,11,2,60,66,142,33,26,26,18,2,25,52,1,46,1,1,0,6,184,2,32,1,3,4,2,8,163,41,0,26,21,23,119,10,50,0,41,7,14,5
,Hispanic/Latino,All Time,,"10,326",10,3,203,"1,408",227,"2,252",358,146,39,205,35,88,61,3,28,342,27,4,23,352,145,44,88,10,3,32,25,52,12,203,97,32,3,19,658,5,9,0,6,3,30,56,190,26,161,16,43,3,624,"1,109",625,60,33,62,18,10
,,< 30 Days,,471,0,0,16,26,10,95,15,8,0,16,2,8,2,0,1,24,2,0,1,8,11,1,4,0,0,5,2,6,2,15,1,4,0,1,35,0,0,0,1,0,1,3,4,0,9,2,2,0,27,44,47,4,4,2,0,0
,,30 to < 90 Days,,702,2,0,21,45,19,150,16,14,7,30,3,12,3,1,2,36,2,0,2,20,13,6,1,1,0,2,0,3,0,10,4,4,0,1,46,0,0,0,0,0,2,1,12,5,14,2,3,0,51,82,39,8,4,1,2,0
,,90 Days to < 6 Months,,836,0,2,27,72,11,157,21,14,4,30,6,10,6,0,6,40,4,0,1,29,8,5,4,2,0,1,2,10,5,18,2,5,2,2,48,0,0,0,0,0,6,3,22,2,12,3,4,0,47,104,53,7,10,6,2,1
,,6 Months to < 1 Year,,"1,489",2,1,37,112,38,312,37,23,10,38,2,13,8,0,3,52,5,1,4,49,15,9,11,2,0,9,3,6,2,32,12,10,0,4,111,1,1,0,2,2,6,13,35,2,34,2,9,2,69,209,101,10,3,10,4,1
,,1 Year to < 2 Years,,"2,088",4,0,40,214,52,367,57,38,5,29,11,23,13,1,7,100,8,2,3,79,45,8,18,1,2,9,5,11,0,54,20,4,0,3,127,0,1,0,2,0,8,10,36,8,24,4,12,1,135,283,161,14,6,16,5,2
,,2 Years to < 3 Years,,"1,365",2,0,12,186,24,303,65,12,2,24,4,9,7,0,4,34,2,1,3,61,17,6,16,2,1,3,5,6,1,37,15,0,0,1,70,3,0,0,0,0,5,10,32,5,15,2,8,0,83,151,92,10,3,6,3,2
,,3 Years to < 5 Years,,"1,972",0,0,25,349,49,446,95,26,9,30,6,10,16,1,1,40,4,0,4,67,18,9,16,1,0,3,3,6,2,24,29,3,0,6,122,1,4,0,1,1,1,14,27,4,38,0,3,0,140,185,107,7,2,14,1,2
,,5 or More Years,,"1,403",0,0,25,404,24,422,52,11,2,8,1,3,6,0,4,16,0,0,5,39,18,0,18,1,0,0,5,4,0,13,14,2,1,1,99,0,3,0,0,0,1,2,22,0,15,1,2,0,72,51,25,0,1,7,1,2
,"Asian, Non-Hispanic",All Time,,"4,027",5,2,43,853,229,546,155,28,16,32,30,27,57,101,9,100,16,6,16,173,159,25,97,17,3,11,21,32,13,143,2,17,6,11,350,8,6,0,8,7,7,20,119,6,0,20,27,9,112,45,81,13,29,107,26,26
,,< 30 Days,,155,0,0,0,18,5,19,5,2,2,2,2,2,4,5,1,2,1,0,0,5,10,2,3,0,0,1,2,3,3,6,0,0,1,0,21,0,1,0,0,1,0,0,2,0,0,2,1,0,8,0,2,2,3,4,1,1
,,30 to < 90 Days,,245,2,0,9,34,13,34,8,2,1,4,1,2,8,7,1,13,1,0,0,8,12,1,3,1,0,0,1,3,2,8,1,3,0,0,17,4,1,0,0,0,0,2,4,0,0,3,2,1,4,7,4,1,2,8,2,0
,,90 Days to < 6 Months,,255,1,0,7,36,21,27,11,0,1,3,4,1,5,4,2,16,3,0,1,9,13,2,9,2,0,0,0,2,3,14,0,6,0,0,15,0,0,0,2,0,1,0,7,0,0,1,4,1,3,4,7,0,3,2,1,1
,,6 Months to < 1 Year,,571,0,2,6,68,39,81,25,5,1,7,9,7,5,10,0,15,2,1,4,16,31,1,20,1,0,4,6,6,2,25,1,4,0,2,54,2,1,0,1,0,1,5,12,0,0,2,6,3,14,9,21,2,5,18,4,5
,,1 Year to < 2 Years,,871,2,0,6,133,52,110,28,5,8,9,6,5,16,16,2,20,6,3,3,52,39,12,16,2,1,3,6,8,2,34,0,1,2,3,90,0,1,0,4,2,3,5,38,2,0,3,6,4,29,12,22,4,6,17,6,6
,,2 Years to < 3 Years,,558,0,0,9,132,25,69,30,7,2,2,2,3,5,21,1,11,1,0,0,27,14,4,13,8,0,1,2,4,1,24,0,0,1,2,33,2,1,0,1,1,1,4,20,1,0,1,6,0,14,7,5,2,6,27,3,2
,,3 Years to < 5 Years,,783,0,0,6,211,52,113,29,5,1,4,4,6,7,18,2,12,1,2,4,28,29,2,14,1,2,1,4,3,0,19,0,2,2,3,73,0,1,0,0,2,1,3,21,2,0,5,2,0,28,5,16,0,2,21,6,8
,,5 or More Years,,589,0,0,0,221,22,93,19,2,0,1,2,1,7,20,0,11,1,0,4,28,11,1,19,2,0,1,0,3,0,13,0,1,0,1,47,0,0,0,0,1,0,1,15,1,0,3,0,0,12,1,4,2,2,10,3,3
,"American Indian/Alaska Native, Non-Hispanic",All Time,,405,2,0,50,32,2,11,3,12,0,0,3,2,0,0,4,3,2,0,2,6,6,10,62,4,2,4,1,16,3,0,51,0,2,0,3,0,0,0,0,0,35,7,4,3,0,5,1,2,12,5,6,4,0,17,1,5
,,< 30 Days,,19,0,0,1,1,0,0,0,1,0,0,0,1,0,0,0,0,0,0,0,0,0,2,3,0,0,1,0,1,0,0,0,0,1,0,0,0,0,0,0,0,2,1,0,0,0,0,0,0,1,1,0,0,0,2,0,0
,,30 to < 90 Days,,30,0,0,3,0,0,0,0,1,0,0,0,0,0,0,1,1,0,0,0,0,0,0,3,1,0,0,0,0,0,0,5,0,0,0,0,0,0,0,0,0,9,1,0,0,0,1,0,1,1,1,0,0,0,0,0,1
,,90 Days to < 6 Months,,32,0,0,3,1,0,0,0,0,0,0,0,1,0,0,1,0,1,0,0,0,0,0,0,0,0,0,0,6,0,0,1,0,0,0,0,0,0,0,0,0,4,1,1,0,0,2,0,0,0,1,1,1,0,6,0,1
,,6 Months to < 1 Year,,65,1,0,5,7,0,4,0,1,0,0,0,0,0,0,0,1,0,0,2,0,1,3,14,1,0,2,0,2,0,0,5,0,0,0,0,0,0,0,0,0,7,0,0,1,0,1,0,0,1,2,1,1,0,1,1,0
,,1 Year to < 2 Years,,92,1,0,15,6,1,1,1,7,0,0,2,0,0,0,0,1,1,0,0,0,0,1,20,2,1,0,0,2,2,0,9,0,0,0,0,0,0,0,0,0,7,2,2,1,0,0,0,0,2,0,1,2,0,2,0,0
,,2 Years to < 3 Years,,51,0,0,6,3,0,1,1,1,0,0,0,0,0,0,0,0,0,0,0,2,2,2,7,0,1,0,0,0,1,0,8,0,1,0,1,0,0,0,0,0,3,1,0,1,0,0,0,0,1,0,2,0,0,5,0,1
,,3 Years to < 5 Years,,69,0,0,8,5,0,3,1,1,0,0,0,0,0,0,2,0,0,0,0,3,3,2,9,0,0,0,0,5,0,0,12,0,0,0,1,0,0,0,0,0,1,1,1,0,0,1,1,1,4,0,1,0,0,1,0,2
,,5 or More Years,,47,0,0,9,9,1,2,0,0,0,0,1,0,0,0,0,0,0,0,0,1,0,0,6,0,0,1,1,0,0,0,11,0,0,0,1,0,0,0,0,0,2,0,0,0,0,0,0,0,2,0,0,0,0,0,0,0
,"Pacific Islander, Non-Hispanic",All Time,,306,0,1,5,105,20,26,15,2,1,1,1,1,3,13,3,3,0,0,1,3,1,2,3,0,0,2,0,2,2,0,0,3,0,1,0,0,1,0,1,0,2,14,2,2,0,1,0,0,2,4,8,14,3,31,0,1
,,< 30 Days,,9,0,0,0,3,0,1,0,0,0,0,0,0,0,0,1,0,0,0,0,0,0,0,0,0,0,0,0,0,0,0,0,0,0,1,0,0,0,0,0,0,0,0,0,0,0,0,0,0,0,0,0,0,0,2,0,1
,,30 to < 90 Days,,14,0,0,0,3,0,2,0,0,0,0,1,0,0,1,0,0,0,0,0,0,0,0,0,0,0,0,0,0,1,0,0,0,0,0,0,0,0,0,0,0,0,0,1,0,0,0,0,0,0,1,1,0,1,2,0,0
,,90 Days to < 6 Months,,24,0,0,1,1,3,1,1,0,0,0,0,1,0,0,0,1,0,0,0,0,0,0,2,0,0,0,0,0,1,0,0,1,0,0,0,0,0,0,0,0,0,1,0,0,0,0,0,0,0,1,1,0,2,6,0,0
,,6 Months to < 1 Year,,44,0,0,3,10,2,3,5,1,0,0,0,0,0,3,1,0,0,0,0,1,0,1,1,0,0,0,0,1,0,0,0,0,0,0,0,0,0,0,0,0,1,2,0,0,0,0,0,0,0,1,0,7,0,1,0,0
,,1 Year to < 2 Years,,47,0,0,0,12,5,2,1,1,1,0,0,0,2,1,0,1,0,0,1,1,0,0,0,0,0,0,0,1,0,0,0,1,0,0,0,0,0,0,0,0,0,4,0,1,0,0,0,0,0,1,1,5,0,5,0,0
,,2 Years to < 3 Years,,50,0,0,1,15,3,4,5,0,0,1,0,0,0,3,1,0,0,0,0,0,0,0,0,0,0,2,0,0,0,0,0,1,0,0,0,0,1,0,0,0,0,4,0,0,0,1,0,0,2,0,2,1,0,3,0,0
,,3 Years to < 5 Years,,61,0,0,0,27,3,6,2,0,0,0,0,0,0,3,0,0,0,0,0,1,1,0,0,0,0,0,0,0,0,0,0,0,0,0,0,0,0,0,1,0,1,3,0,0,0,0,0,0,0,0,3,1,0,9,0,0
,,5 or More Years,,57,0,1,0,34,4,7,1,0,0,0,0,0,1,2,0,1,0,0,0,0,0,1,0,0,0,0,0,0,0,0,0,0,0,0,0,0,0,0,0,0,0,0,1,1,0,0,0,0,0,0,0,0,0,3,0,0
,"Multiracial, Non-Hispanic",All Time,,340,0,6,6,40,21,18,7,2,3,7,5,3,1,24,0,8,2,0,0,21,14,10,14,1,0,8,16,11,0,4,0,2,0,1,12,0,0,0,0,0,4,4,15,1,0,0,21,0,7,6,2,1,4,7,1,0
,,,,,,,,,,,,,,,,,,,,,,,,,,,,,,,,,,,,,,,,,,,,,,,,,,,,,,,,,,,,
,,< 30 Days,,19,0,0,1,1,0,1,0,0,1,0,2,2,0,2,0,0,0,0,0,1,3,0,0,0,0,0,0,0,0,0,0,0,0,0,1,0,0,0,0,0,0,0,0,0,0,0,2,0,1,0,0,0,1,0,0,0
,,30 to < 90 Days,,24,0,2,0,0,1,2,2,0,0,0,0,0,0,2,0,0,0,0,0,0,3,0,2,0,0,1,0,1,0,0,0,0,0,0,1,0,0,0,0,0,0,1,1,0,0,0,3,0,0,1,0,0,0,1,0,0
,,90 Days to < 6 Months,,30,0,0,2,0,0,0,0,1,0,3,0,0,0,1,0,0,0,0,0,2,3,1,1,0,0,0,1,0,0,1,0,1,0,0,0,0,0,0,0,0,0,2,3,0,0,0,2,0,1,1,0,0,2,1,1,0
,,6 Months to < 1 Year,,50,0,1,1,7,2,1,1,1,0,2,1,0,1,3,0,1,0,0,0,2,0,0,2,0,0,2,1,4,0,1,0,0,0,0,2,0,0,0,0,0,0,0,2,0,0,0,7,0,1,3,0,0,1,0,0,0
,,1 Year to < 2 Years,,66,0,1,0,7,7,6,0,0,0,2,0,0,0,9,0,1,0,0,0,6,1,4,1,0,0,1,3,1,0,1,0,0,0,1,0,0,0,0,0,0,3,1,0,0,0,0,5,0,1,0,0,1,0,3,0,0
,,2 Years to < 3 Years,,48,0,0,1,7,3,2,1,0,0,0,2,0,0,3,0,1,0,0,0,4,0,3,1,1,0,3,2,0,0,1,0,0,0,0,2,0,0,0,0,0,1,0,4,0,0,0,1,0,2,1,1,0,0,1,0,0
,,3 Years to < 5 Years,,60,0,2,1,10,5,2,1,0,1,0,0,1,0,3,0,2,2,0,0,2,3,2,1,0,0,0,5,5,0,0,0,1,0,0,3,0,0,0,0,0,0,0,4,0,0,0,1,0,1,0,1,0,0,1,0,0
,,5 or More Years,,43,0,0,0,8,3,4,2,0,1,0,0,0,0,1,0,3,0,0,0,4,1,0,6,0,0,1,4,0,0,0,0,0,0,0,3,0,0,0,0,0,0,0,1,1,0,0,0,0,0,0,0,0,0,0,0,0
65,All Ethnicities,All Time,,"28,412",263,35,391,"2,255",460,"1,903",419,323,168,453,435,364,653,90,172,976,270,268,461,"1,861","1,232",735,737,451,89,263,181,670,93,569,150,59,88,227,"1,955",62,301,14,240,103,180,292,"1,458",703,68,451,650,189,"1,222",289,794,230,586,452,191,218
,,< 30 Days,,"1,267",7,3,27,44,15,69,9,13,8,33,25,37,20,1,8,62,19,19,18,54,34,33,30,26,4,19,12,26,5,34,2,9,4,15,85,7,22,1,17,10,6,15,38,28,3,30,40,13,47,10,51,15,42,22,12,9
,,30 to < 90 Days,,"1,925",18,6,43,46,20,128,27,20,12,39,40,67,46,4,16,80,26,15,33,77,66,49,44,33,2,33,20,45,14,31,5,8,2,16,116,5,25,1,20,10,27,18,95,52,7,40,47,17,101,24,60,29,46,26,11,17
,,90 Days to < 6 Months,,"2,323",21,5,52,72,35,131,32,23,8,54,51,58,53,2,29,88,35,22,44,130,105,78,48,58,3,20,20,49,19,47,16,8,7,22,151,6,26,1,18,13,23,27,96,69,10,49,61,13,85,21,66,19,62,31,14,17
,,6 Months to < 1 Year,,"4,189",44,9,67,128,66,255,55,59,30,89,101,68,91,7,26,153,48,53,83,227,135,127,112,71,4,53,30,114,19,90,15,13,12,33,287,11,33,1,60,10,34,50,188,106,16,95,123,46,154,50,134,45,110,70,38,41
,,1 Year to < 2 Years,,"6,026",72,4,66,278,107,340,76,86,32,106,89,59,168,18,34,244,67,59,83,427,260,181,156,111,22,80,32,157,26,127,26,16,31,50,407,14,55,4,67,23,38,68,309,161,12,101,138,41,236,74,206,59,130,91,51,51
,,2 Years to < 3 Years,,"3,792",37,2,46,288,68,265,68,44,30,41,43,30,66,25,24,121,30,47,55,320,166,102,84,68,28,23,23,100,5,84,19,3,10,27,212,6,34,0,37,18,21,53,188,81,7,66,106,20,178,43,92,32,73,77,32,24
,,3 Years to < 5 Years,,"5,028",42,5,45,568,87,397,75,54,31,67,54,36,135,14,21,129,32,43,97,372,250,93,134,49,22,20,23,108,3,109,44,1,14,46,371,6,47,2,15,14,23,39,332,117,11,42,95,32,255,44,103,22,82,94,22,40
,,5 or More Years,,"3,862",22,1,45,831,62,318,77,24,17,24,32,9,74,19,14,99,13,10,48,254,216,72,129,35,4,15,21,71,2,47,23,1,8,18,326,7,59,4,6,5,8,22,212,89,2,28,40,7,166,23,82,9,41,41,11,19
,"White, Non-Hispanic",All Time,,"14,385",132,15,217,625,159,430,157,238,101,175,267,240,255,10,138,444,201,214,185,"1,316",559,523,569,331,27,195,88,342,78,275,48,19,79,188,690,38,211,12,185,71,120,209,809,507,1,211,442,57,515,79,310,180,298,286,134,180
,,< 30 Days,,744,7,2,13,20,8,15,4,10,3,13,17,27,10,0,5,41,15,15,11,41,16,22,26,22,1,15,4,12,5,23,0,5,4,14,42,6,19,1,14,9,6,12,22,21,0,15,30,4,17,3,16,13,21,11,8,8
,,30 to < 90 Days,,"1,107",9,2,21,16,5,33,14,18,8,16,30,47,24,0,10,39,19,13,17,59,29,39,35,28,1,25,10,27,11,17,1,4,2,14,45,0,19,0,15,6,20,13,60,37,1,23,37,11,58,6,27,25,25,16,8,12
,,90 Days to < 6 Months,,"1,300",13,2,31,24,10,26,12,18,7,21,30,40,22,0,23,37,28,18,19,93,49,63,39,46,1,16,11,25,15,27,8,2,7,18,66,5,23,1,14,10,17,18,67,52,0,23,40,1,38,7,25,15,29,22,12,14
,,6 Months to < 1 Year,,"2,290",22,4,43,44,26,70,18,45,24,31,68,39,38,1,23,68,35,43,36,157,48,89,90,51,1,42,12,65,16,42,5,1,8,24,98,7,24,1,46,8,23,33,125,77,0,52,90,18,77,11,69,34,56,51,26,35
,,1 Year to < 2 Years,,"3,168",37,1,35,96,40,90,36,61,14,46,48,40,66,4,31,100,45,48,28,312,119,122,116,83,8,56,17,75,22,63,11,4,29,42,132,8,38,4,50,14,25,53,172,116,0,45,91,18,108,31,77,43,65,57,34,42
,,2 Years to < 3 Years,,"1,927",23,1,31,86,26,60,19,32,20,23,27,23,25,2,18,62,25,31,17,225,68,74,62,50,8,12,14,55,4,37,6,2,8,24,75,2,23,0,27,12,14,41,108,64,0,23,65,2,77,9,34,23,38,46,23,21
,,3 Years to < 5 Years,,"2,229",15,2,29,137,21,80,27,34,16,20,29,20,48,1,16,54,24,36,41,252,107,71,100,30,6,15,12,57,3,44,12,1,13,37,119,5,32,2,14,9,12,23,162,87,0,19,64,3,71,8,30,18,35,58,16,32
,,5 or More Years,,"1,620",6,1,14,202,23,56,27,20,9,5,18,4,22,2,12,43,10,10,16,177,123,43,101,21,1,14,8,26,2,22,5,0,8,15,113,5,33,3,5,3,3,16,93,53,0,11,25,0,69,4,32,9,29,25,7,16
,"Black, Non-Hispanic",All Time,,"6,720",124,14,39,220,53,177,41,20,24,154,132,60,349,0,15,315,50,44,257,249,513,161,73,105,59,34,74,296,7,153,3,9,2,22,579,18,77,1,45,28,24,33,480,168,0,225,174,120,339,25,206,3,238,40,29,20
,,< 30 Days,,272,0,0,2,2,1,4,0,0,2,9,7,5,9,0,1,11,1,4,7,7,15,9,3,4,3,2,8,12,0,7,0,1,0,0,22,0,3,0,2,1,0,1,10,6,0,15,8,8,13,2,19,0,18,4,3,1
,,30 to < 90 Days,,396,9,4,7,4,1,9,3,0,0,11,8,10,20,0,0,19,6,1,14,9,30,8,5,4,1,4,10,14,1,5,0,1,0,1,33,5,5,1,4,4,1,2,27,12,0,17,9,6,16,2,10,0,16,1,3,3
,,90 Days to < 6 Months,,527,7,1,9,4,3,10,2,1,0,23,16,10,27,0,5,31,5,3,24,15,40,12,2,9,2,2,7,24,2,9,0,1,0,2,37,1,2,0,4,2,3,1,18,15,0,24,20,11,28,3,21,0,27,1,0,1
,,6 Months to < 1 Year,,970,21,5,6,9,6,20,7,2,4,30,24,13,42,0,2,41,8,8,43,28,70,26,10,18,3,6,16,47,1,22,0,5,1,5,88,0,7,0,14,2,4,6,45,23,0,39,29,26,38,8,25,2,48,5,7,5
,,1 Year to < 2 Years,,"1,447",33,2,6,28,13,31,5,5,6,36,32,7,90,0,2,84,17,9,51,49,97,44,20,23,13,9,11,73,3,36,0,1,0,4,122,5,17,0,13,7,4,7,98,40,0,55,41,21,57,2,46,1,54,6,6,5
,,2 Years to < 3 Years,,877,13,0,2,17,8,24,9,6,2,10,13,4,39,0,1,37,5,14,36,43,72,21,12,16,19,5,8,40,0,28,0,0,1,2,51,4,8,0,6,6,3,4,61,15,0,39,33,16,53,3,26,0,29,7,5,1
,,3 Years to < 5 Years,,"1,278",26,2,2,59,11,40,8,6,5,27,19,7,76,0,2,48,5,5,53,60,111,17,12,18,15,5,7,46,0,31,3,0,0,6,127,1,12,0,1,4,6,7,127,24,0,20,23,25,87,1,29,0,36,12,2,2
,,5 or More Years,,953,15,0,5,97,10,39,7,0,5,8,13,4,46,0,2,44,3,0,29,38,78,24,9,13,3,1,7,40,0,15,0,0,0,2,99,2,23,0,1,2,3,5,94,33,0,16,11,7,47,4,30,0,10,4,3,2
,Hispanic/Latino,All Time,,"4,150",2,3,83,670,91,872,144,52,29,105,12,38,19,4,8,149,9,4,7,180,55,16,17,6,0,14,6,15,6,68,67,11,2,6,351,2,8,0,3,1,11,24,73,10,67,4,16,8,285,175,239,32,21,28,16,6
,,< 30 Days,,170,0,1,7,13,3,38,4,3,3,11,0,2,1,0,1,6,1,0,0,6,1,2,0,0,0,2,0,1,0,3,2,2,0,0,11,0,0,0,1,0,0,2,2,0,3,0,2,1,12,5,15,0,0,2,1,0
,,30 to < 90 Days,,259,0,0,10,12,7,57,4,1,3,11,1,9,1,0,1,18,1,1,1,4,3,0,0,1,0,2,0,1,1,4,4,1,0,1,17,0,1,0,0,0,3,1,3,2,6,0,0,0,23,16,21,3,1,2,0,0
,,90 Days to < 6 Months,,296,0,1,9,23,8,63,8,3,1,9,1,5,1,0,1,18,0,0,1,16,3,0,1,2,0,2,1,0,2,5,7,1,0,0,29,0,0,0,0,1,1,2,3,1,10,1,1,1,16,11,18,2,2,2,2,1
,,6 Months to < 1 Year,,520,0,0,11,41,12,104,18,10,1,25,4,5,4,0,1,31,3,1,1,22,4,3,1,1,0,0,0,2,2,11,7,2,2,1,46,2,1,0,0,0,2,5,10,0,16,2,1,1,29,29,33,7,3,2,1,0
,,1 Year to < 2 Years,,813,1,0,15,66,16,162,23,14,8,21,3,8,4,1,0,38,2,1,2,43,14,5,6,1,0,6,0,4,0,15,9,5,0,2,72,0,0,0,2,0,2,4,17,2,12,1,1,1,62,40,71,10,6,6,7,2
,,,,,,,,,,,,,,,,,,,,,,,,,,,,,,,,,,,,,,,,,,,,,,,,,,,,,,,,,,,,
,,2 Years to < 3 Years,,537,0,1,9,91,15,116,26,5,5,6,1,1,1,0,1,15,0,0,1,27,9,2,2,1,0,2,1,1,1,8,7,0,0,0,44,0,2,0,0,0,1,3,11,2,7,0,3,1,33,29,25,9,5,4,2,1
,,3 Years to < 5 Years,,828,0,0,7,165,21,180,27,12,6,13,2,8,5,0,3,15,2,1,1,35,12,1,3,0,0,0,2,3,0,16,19,0,0,1,59,0,2,0,0,0,2,7,18,2,11,0,7,3,72,31,37,1,3,9,2,2
,,5 or More Years,,727,1,0,15,259,9,152,34,4,2,9,0,0,2,3,0,8,0,0,0,27,9,3,4,0,0,0,2,3,0,6,12,0,0,1,73,0,2,0,0,0,0,0,9,1,2,0,1,0,38,14,19,0,1,1,1,0
,"Asian, Non-Hispanic",All Time,,"2,716",5,1,31,658,140,401,71,8,11,17,22,25,28,58,6,60,8,6,10,103,98,24,45,9,2,14,6,10,2,73,1,17,4,9,326,2,3,1,7,3,5,23,88,12,0,7,9,4,74,9,37,4,20,82,10,7
,,< 30 Days,,69,0,0,5,7,3,11,0,0,0,0,1,3,0,1,1,4,2,0,0,0,2,0,1,0,0,0,0,0,0,1,0,1,0,0,9,0,0,0,0,0,0,0,4,1,0,0,0,0,4,0,1,1,2,4,0,0
,,30 to < 90 Days,,136,0,0,4,14,6,27,6,1,0,1,1,1,1,4,2,4,0,0,1,3,3,2,1,0,0,2,0,1,1,5,0,1,0,0,20,0,0,0,1,0,0,1,5,1,0,0,1,0,4,0,2,0,3,5,0,1
,,90 Days to < 6 Months,,172,1,1,1,19,14,31,9,0,0,1,4,3,3,1,0,1,1,1,0,6,12,2,4,1,0,0,1,0,0,6,0,3,0,1,19,0,0,0,0,0,0,4,8,1,0,1,0,0,3,0,2,0,3,4,0,0
,,6 Months to < 1 Year,,359,1,0,5,29,20,58,12,1,1,3,5,10,6,4,0,13,2,1,2,17,10,8,8,1,0,3,1,0,0,15,0,4,1,3,54,2,1,0,0,0,2,6,7,3,0,0,1,1,10,2,7,2,2,11,3,1
,,1 Year to < 2 Years,,520,1,0,7,79,35,55,12,4,4,3,4,4,8,11,1,18,2,1,2,21,29,7,6,4,0,5,3,4,1,13,0,6,2,2,79,0,0,0,2,2,1,4,22,2,0,0,2,1,9,1,12,1,4,20,3,1
,,2 Years to < 3 Years,,386,1,0,2,83,17,60,11,0,2,2,2,2,1,17,2,5,0,2,0,23,17,2,7,1,1,4,0,2,0,11,0,1,0,1,40,0,1,0,4,0,1,5,6,0,0,3,3,1,14,1,6,0,0,19,2,1
,,3 Years to < 5 Years,,597,1,0,4,184,28,91,12,2,3,5,4,1,6,11,0,12,1,1,2,22,19,2,10,1,1,0,0,2,0,18,0,0,1,2,64,0,0,0,0,1,1,2,24,3,0,2,1,1,20,4,7,0,5,11,2,3
,,5 or More Years,,477,0,0,3,243,17,68,9,0,1,2,1,1,3,9,0,3,0,0,3,11,6,1,8,1,0,0,1,1,0,4,1,1,0,0,41,0,1,1,0,0,0,1,12,1,0,1,1,0,10,1,0,0,1,8,0,0
,"American Indian/Alaska Native, Non-Hispanic",All Time,,181,0,0,18,7,1,7,2,3,1,1,0,1,1,0,4,1,1,0,0,1,2,6,25,0,1,1,0,3,0,0,30,0,1,2,2,2,1,0,0,0,18,0,0,4,0,1,0,0,5,0,1,10,2,10,1,4
,,< 30 Days,,6,0,0,0,0,0,0,0,0,0,0,0,0,0,0,0,0,0,0,0,0,0,0,0,0,0,0,0,1,0,0,0,0,0,1,0,1,0,0,0,0,0,0,0,0,0,0,0,0,0,0,0,1,1,1,0,0
,,30 to < 90 Days,,16,0,0,1,0,0,1,0,0,1,0,0,0,0,0,2,0,0,0,0,0,1,0,2,0,0,0,0,1,0,0,0,0,0,0,1,0,0,0,0,0,2,0,0,0,0,0,0,0,0,0,0,1,0,2,0,1
,,90 Days to < 6 Months,,14,0,0,2,0,0,0,0,0,0,0,0,0,0,0,0,1,1,0,0,0,0,1,2,0,0,0,0,0,0,0,1,0,0,1,0,0,0,0,0,0,2,0,0,0,0,0,0,0,0,0,0,2,0,1,0,0
,,6 Months to < 1 Year,,24,0,0,2,1,0,1,0,1,0,0,0,1,0,0,0,0,0,0,0,0,1,1,3,0,0,1,0,0,0,0,3,0,0,0,1,0,0,0,0,0,3,0,0,2,0,1,0,0,0,0,0,0,0,1,1,0
,,1 Year to < 2 Years,,32,0,0,1,1,0,2,0,2,0,0,0,0,0,0,0,0,0,0,0,0,0,1,6,0,1,0,0,0,0,0,6,0,0,0,0,1,0,0,0,0,5,0,0,1,0,0,0,0,0,0,0,3,0,1,0,1
,,2 Years to < 3 Years,,17,0,0,1,0,0,1,1,0,0,0,0,0,0,0,2,0,0,0,0,0,0,1,1,0,0,0,0,0,0,0,6,0,1,0,0,0,0,0,0,0,2,0,0,0,0,0,0,0,0,0,0,0,1,0,0,0
,,3 Years to < 5 Years,,41,0,0,3,3,0,1,1,0,0,1,0,0,0,0,0,0,0,0,0,1,0,1,7,0,0,0,0,0,0,0,9,0,0,0,0,0,1,0,0,0,2,0,0,1,0,0,0,0,3,0,0,3,0,3,0,1
,,5 or More Years,,31,0,0,8,2,1,1,0,0,0,0,0,0,1,0,0,0,0,0,0,0,0,1,4,0,0,0,0,1,0,0,5,0,0,0,0,0,0,0,0,0,2,0,0,0,0,0,0,0,2,0,1,0,0,1,0,1
,"Pacific Islander, Non-Hispanic",All Time,,93,0,0,2,40,7,5,2,0,1,0,0,0,0,3,1,1,1,0,2,4,2,0,0,0,0,0,0,0,0,0,1,2,0,0,0,0,0,0,0,0,0,1,2,0,0,3,0,0,3,0,0,1,4,4,1,0
,,< 30 Days,,3,0,0,0,2,0,1,0,0,0,0,0,0,0,0,0,0,0,0,0,0,0,0,0,0,0,0,0,0,0,0,0,0,0,0,0,0,0,0,0,0,0,0,0,0,0,0,0,0,0,0,0,0,0,0,0,0
,,30 to < 90 Days,,3,0,0,0,0,0,0,0,0,0,0,0,0,0,0,1,0,0,0,0,0,0,0,0,0,0,0,0,0,0,0,0,1,0,0,0,0,0,0,0,0,0,1,0,0,0,0,0,0,0,0,0,0,0,0,0,0
,,90 Days to < 6 Months,,6,0,0,0,1,0,0,1,0,0,0,0,0,0,1,0,0,0,0,0,0,1,0,0,0,0,0,0,0,0,0,0,0,0,0,0,0,0,0,0,0,0,0,0,0,0,0,0,0,0,0,0,0,1,1,0,0
,,6 Months to < 1 Year,,9,0,0,0,2,1,1,0,0,0,0,0,0,0,0,0,0,0,0,1,2,0,0,0,0,0,0,0,0,0,0,0,1,0,0,0,0,0,0,0,0,0,0,0,0,0,1,0,0,0,0,0,0,0,0,0,0
,,1 Year to < 2 Years,,15,0,0,1,6,2,0,0,0,0,0,0,0,0,1,0,1,1,0,0,0,1,0,0,0,0,0,0,0,0,0,0,0,0,0,0,0,0,0,0,0,0,0,0,0,0,0,0,0,0,0,0,1,0,0,1,0
,,2 Years to < 3 Years,,14,0,0,1,3,1,0,1,0,1,0,0,0,0,1,0,0,0,0,1,0,0,0,0,0,0,0,0,0,0,0,0,0,0,0,0,0,0,0,0,0,0,0,2,0,0,1,0,0,1,0,0,0,0,1,0,0
,,3 Years to < 5 Years,,24,0,0,0,11,2,1,0,0,0,0,0,0,0,0,0,0,0,0,0,2,0,0,0,0,0,0,0,0,0,0,1,0,0,0,0,0,0,0,0,0,0,0,0,0,0,1,0,0,2,0,0,0,3,1,0,0
,,5 or More Years,,19,0,0,0,15,1,2,0,0,0,0,0,0,0,0,0,0,0,0,0,0,0,0,0,0,0,0,0,0,0,0,0,0,0,0,0,0,0,0,0,0,0,0,0,0,0,0,0,0,0,0,0,0,0,1,0,0
,"Multiracial, Non-Hispanic",All Time,,167,0,2,1,35,9,11,2,2,1,1,2,0,1,15,0,6,0,0,0,8,3,5,8,0,0,5,7,4,0,0,0,1,0,0,7,0,1,0,0,0,2,2,6,2,0,0,9,0,1,1,1,0,3,2,0,1
,,< 30 Days,,3,0,0,0,0,0,0,1,0,0,0,0,0,0,0,0,0,0,0,0,0,0,0,0,0,0,0,0,0,0,0,0,0,0,0,1,0,0,0,0,0,0,0,0,0,0,0,0,0,1,0,0,0,0,0,0,0
,,30 to < 90 Days,,8,0,0,0,0,1,1,0,0,0,0,0,0,0,0,0,0,0,0,0,2,0,0,1,0,0,0,0,1,0,0,0,0,0,0,0,0,0,0,0,0,1,0,0,0,0,0,0,0,0,0,0,0,1,0,0,0
,,90 Days to < 6 Months,,8,0,0,0,1,0,1,0,1,0,0,0,0,0,0,0,0,0,0,0,0,0,0,0,0,0,0,0,0,0,0,0,1,0,0,0,0,1,0,0,0,0,2,0,0,0,0,0,0,0,0,0,0,0,0,0,1
,,6 Months to < 1 Year,,17,0,0,0,2,1,1,0,0,0,0,0,0,1,2,0,0,0,0,0,1,2,0,0,0,0,1,1,0,0,0,0,0,0,0,0,0,0,0,0,0,0,0,1,1,0,0,2,0,0,0,0,0,1,0,0,0
,,1 Year to < 2 Years,,31,0,1,1,2,1,0,0,0,0,0,2,0,0,1,0,3,0,0,0,2,0,2,2,0,0,4,1,1,0,0,0,0,0,0,2,0,0,0,0,0,1,0,0,0,0,0,3,0,0,0,0,0,1,1,0,0
,,2 Years to < 3 Years,,34,0,0,0,8,1,4,1,1,0,0,0,0,0,5,0,2,0,0,0,2,0,2,0,0,0,0,0,2,0,0,0,0,0,0,2,0,0,0,0,0,0,0,0,0,0,0,2,0,0,1,1,0,0,0,0,0
,,3 Years to < 5 Years,,31,0,1,0,9,4,4,0,0,1,1,0,0,0,2,0,0,0,0,0,0,1,1,2,0,0,0,2,0,0,0,0,0,0,0,2,0,0,0,0,0,0,0,1,0,0,0,0,0,0,0,0,0,0,0,0,0
,,5 or More Years,,35,0,0,0,13,1,0,0,0,0,0,0,0,0,5,0,1,0,0,0,1,0,0,3,0,0,0,3,0,0,0,0,0,0,0,0,0,0,0,0,0,0,0,4,1,0,0,2,0,0,0,0,0,0,1,0,0